Unnamed: 0,brand,model,vehicle_age,km_driven,fuel_type,transmission_type,mileage,engine,selling_price,model_start_year
12552,Maruti,Eeco,4,27000,Petrol,Manual,15.37,1200,410000,2010
5577,Renault,Duster,5,100000,Diesel,Manual,19.64,1500,600000,2012
14707,BMW,5,1,15000,Diesel,Automatic,18.59,3000,5400000,2007
2487,Ford,Figo,4,42267,Diesel,Manual,25.83,1500,600000,2010
8361,Maruti,Swift,7,44235,Diesel,Manual,25.2,1250,410000,2005
6959,Maruti,Wagon R,6,60000,Petrol,Manual,20.51,1000,310000,1999
2815,Skoda,Rapid,5,72000,Diesel,Automatic,21.66,1500,580000,2011
12356,Maruti,Vitara,3,93550,Diesel,Automatic,24.3,1250,875000,2016
12795,Renault,Duster,2,7131,Petrol,Automatic,14.99,1500,1099000,2012
892,Hyundai,Verna,5,25000,Petrol,Manual,17.01,1600,780000,2006
12962,Honda,Amaze,7,81747,Petrol,Manual,18.6,1200,400000,2013
11258,Hyundai,Verna,9,74000,Petrol,Manual,17.1,1600,415000,2006
6690,Ford,Ecosport,4,50852,Diesel,Manual,23.0,1500,780000,2013
4167,Ford,Ecosport,3,50000,Diesel,Manual,23.0,1500,980000,2013
8848,Maruti,Swift,14,70000,Diesel,Manual,17.8,1250,120000,2005
7868,Mahindra,Scorpio,2,20000,Diesel,Manual,15.4,2500,982000,2002
7525,Mahindra,Scorpio,6,65859,Diesel,Manual,15.4,2200,975000,2002
10110,Renault,Duster,7,90000,Diesel,Manual,20.45,1500,500000,2012
3490,Jeep,Compass,4,25216,Petrol,Automatic,16.0,1400,1450000,2017
3621,Ford,Ecosport,3,15000,Petrol,Manual,17.0,1500,900000,2013
2233,BMW,3,6,40000,Diesel,Automatic,21.76,2000,2800000,2007
10154,Honda,City,11,50000,Petrol,Automatic,16.8,1500,350000,1998
7091,Maruti,Swift,9,106600,Petrol,Manual,18.6,1200,300000,2005
13801,Ford,Figo,9,79000,Diesel,Manual,20.0,1400,365000,2010
671,Hyundai,i20,4,90000,Petrol,Manual,18.6,1200,500000,2008
254,Maruti,Swift Dzire,7,120000,Diesel,Manual,23.4,1250,450000,2008
7172,Mahindra,Thar,4,44000,Diesel,Manual,16.55,2500,699000,2010
9434,Maruti,Wagon R,16,74000,Petrol,Manual,17.3,1100,74000,1999
5023,Maruti,Swift Dzire,11,35966,Petrol,Manual,17.5,1300,260000,2008
14073,Maruti,Swift,4,70000,Diesel,Manual,25.2,1250,600000,2005
11293,Honda,Amaze,2,19000,Petrol,Manual,19.5,1200,578000,2013
3473,Maruti,Swift Dzire,8,154000,Petrol,Manual,19.1,1200,420000,2008
15089,Honda,Amaze,7,110000,Diesel,Manual,25.8,1500,265000,2013
11550,Maruti,Ciaz,6,49000,Diesel,Manual,28.09,1250,550000,2014
7591,Maruti,Swift,3,39001,Petrol,Automatic,21.21,1200,625000,2005
711,Maruti,Alto,7,14971,Petrol,Manual,22.74,800,230000,2000
1917,Mahindra,Scorpio,10,105000,Diesel,Manual,12.05,2200,460000,2002
9082,Maruti,Baleno,3,50000,Petrol,Manual,21.4,1200,560000,2015
10824,Ford,Ecosport,5,78648,Diesel,Manual,22.77,1500,596000,2013
14806,Tata,Nexon,3,70000,Diesel,Manual,21.5,1500,733000,2017
2679,Datsun,GO,6,22211,Petrol,Manual,19.02,1200,249000,2014
9178,Hyundai,i20,6,68237,Petrol,Manual,18.6,1200,490000,2008
5498,Renault,Duster,8,50000,Diesel,Manual,19.87,1500,500000,2012
7706,Mahindra,XUV500,5,95961,Diesel,Manual,16.0,2200,1225000,2011
4509,Hyundai,i20,3,104000,Diesel,Manual,22.54,1400,750000,2008
13501,Tata,Hexa,2,42187,Diesel,Manual,17.6,2200,1495000,2017
12876,Maruti,Alto,7,64531,Petrol,Manual,23.95,1000,355000,2000
13934,BMW,3,7,69000,Diesel,Automatic,18.88,2000,2145000,2007
5410,Hyundai,i10,11,70000,Petrol,Manual,20.36,1200,290000,2007
14709,Jaguar,XF,9,105000,Diesel,Automatic,14.74,3000,1900000,2009
14009,Maruti,Alto,13,50000,Petrol,Manual,19.7,800,110000,2000
11427,Maruti,Ertiga,4,63000,Diesel,Manual,24.2,1500,725000,2012
13744,Ford,Figo,6,96000,Diesel,Manual,20.0,1400,425000,2010
10912,Volkswagen,Polo,9,62000,Diesel,Manual,22.07,1200,225000,2010
10753,Hyundai,Grand,5,29250,Petrol,Manual,18.9,1200,445000,2013
10417,Toyota,Fortuner,3,29456,Diesel,Automatic,12.9,2800,3000000,2009
6192,Hyundai,Grand,3,9095,Petrol,Manual,18.9,1200,579000,2013
4264,Mahindra,Scorpio,14,75823,Diesel,Manual,10.5,2200,310000,2002
5367,Volkswagen,Vento,9,120000,Diesel,Manual,20.54,1600,350000,2010
6706,Maruti,Ertiga,3,80000,Diesel,Manual,24.52,1250,930000,2012
9966,Maruti,Swift,9,64000,Diesel,Manual,22.9,1250,275000,2005
7996,Ford,Figo,10,25000,Petrol,Manual,15.6,1200,230000,2010
13639,Hyundai,Grand,4,50000,Diesel,Manual,24.0,1200,500000,2013
5241,Ford,Ecosport,8,94000,Diesel,Manual,22.7,1500,525000,2013
6998,Hyundai,Grand,4,40813,Petrol,Manual,18.9,1200,450000,2013
2803,Toyota,Innova,5,40000,Diesel,Manual,13.68,2400,1500000,2005
4614,Honda,City,8,80400,Petrol,Automatic,16.8,1500,550000,1998
8633,Hyundai,Elantra,8,130600,Diesel,Manual,22.7,1600,525000,2004
5189,Honda,City,7,65000,Diesel,Manual,26.0,1500,550000,1998
5521,Hyundai,i20,9,52253,Diesel,Manual,21.9,1400,480000,2008
6742,Maruti,Wagon R,9,50000,Petrol,Manual,18.9,1000,280000,1999
10759,Mahindra,Thar,6,40000,Diesel,Manual,18.06,2500,650000,2010
2507,Maruti,Swift,11,92182,Diesel,Manual,17.8,1250,295000,2005
8269,Mahindra,KUV100,3,16000,Petrol,Manual,18.15,1200,480000,2016
4201,Maruti,Swift,6,43000,Petrol,Manual,22.0,1200,540000,2005
8401,Hyundai,Grand,4,12000,Petrol,Manual,18.9,1200,445000,2013
9661,Maruti,Baleno,4,24000,Petrol,Manual,21.01,1200,675000,2015
11610,Hyundai,Santro,13,54000,Petrol,Manual,17.92,1100,235000,1998
12331,Maruti,Alto,1,5000,Petrol,Manual,22.05,800,373000,2000
437,Mahindra,XUV500,4,60000,Diesel,Automatic,16.0,2200,1150000,2011
1929,Toyota,Innova,4,110000,Diesel,Manual,13.68,2400,1700000,2005
10770,Skoda,Rapid,4,60000,Diesel,Automatic,21.72,1500,690000,2011
14241,Hyundai,i20,7,44000,Diesel,Manual,22.54,1400,460000,2008
14196,Honda,Amaze,4,33033,Petrol,Manual,17.8,1200,475000,2013
259,Mahindra,Scorpio,4,42000,Diesel,Manual,15.4,2000,1025000,2002
6916,Mercedes-Benz,GL-Class,6,115000,Diesel,Automatic,11.3,3000,3700000,2010
3326,Hyundai,i20,10,35000,Petrol,Manual,17.0,1200,375000,2008
7415,Renault,KWID,6,5000,Petrol,Manual,25.17,800,250000,2015
8907,Mahindra,XUV500,6,40000,Diesel,Manual,15.1,2200,700000,2011
11459,Hyundai,i10,9,65000,Petrol,Manual,20.36,1200,240000,2007
10655,BMW,3,4,18000,Diesel,Automatic,22.69,2000,2800000,2007
10357,Maruti,Wagon R,6,20000,Petrol,Manual,20.51,1000,325000,1999
1079,Ford,Ecosport,8,98813,Diesel,Manual,22.77,1500,350000,2013
9472,Hyundai,Elantra,8,66612,Petrol,Automatic,14.5,1800,690000,2004
6823,Honda,City,5,100000,Diesel,Manual,26.0,1500,650000,1998
8864,Tata,Nexon,3,50000,Diesel,Automatic,21.5,1500,1020000,2017
14972,Maruti,Baleno,3,13422,Petrol,Automatic,21.4,1200,793000,2015
9320,Honda,Amaze,8,67000,Diesel,Manual,25.8,1500,300000,2013
3324,Hyundai,Verna,9,66657,Diesel,Manual,22.32,1600,549000,2006
10252,Skoda,Superb,7,36000,Petrol,Automatic,13.7,1800,1100000,2004
4432,Honda,City,7,51000,Diesel,Manual,25.1,1500,610000,1998
36,Hyundai,i20,3,40000,Petrol,Manual,18.6,1200,598000,2008
7779,Maruti,Swift Dzire,8,75823,Petrol,Manual,19.1,1200,425000,2008
7663,Maruti,Ciaz,3,2700,Petrol,Manual,20.73,1400,812000,2014
5658,Hyundai,i10,13,93535,Petrol,Manual,19.81,1100,275000,2007
3414,Maruti,Swift Dzire,3,30000,Diesel,Manual,28.4,1250,868000,2008
7298,Tata,Nexon,3,4200,Petrol,Manual,17.0,1200,755000,2017
11825,Tata,Safari,7,119000,Diesel,Manual,14.0,2200,690000,1998
7787,Honda,City,6,75000,Diesel,Manual,26.0,1500,650000,1998
6991,Hyundai,Creta,6,65000,Diesel,Manual,19.67,1600,849000,2015
748,Renault,KWID,4,40000,Petrol,Manual,23.01,1000,260000,2015
13697,Maruti,Alto,15,54171,Petrol,Manual,19.7,800,100000,2000
14682,Maruti,Baleno,5,26208,Petrol,Manual,21.01,1200,575000,2015
1502,Maruti,Swift Dzire,5,15000,Petrol,Manual,20.85,1200,540000,2008
11067,Mahindra,Scorpio,10,130311,Diesel,Manual,12.05,2200,385000,2002
13921,Honda,City,7,68000,Diesel,Manual,26.0,1500,475000,1998
4732,Maruti,Alto,4,35000,Petrol,Manual,24.7,800,290000,2000
305,Hyundai,Grand,3,24200,Petrol,Manual,18.9,1200,600000,2013
6307,Maruti,Ciaz,4,40000,Petrol,Manual,20.73,1400,800000,2014
7059,Tata,Tiago,4,10000,Petrol,Manual,23.84,1200,425000,2016
6274,Maruti,Swift Dzire,5,52000,Petrol,Manual,20.85,1200,550000,2008
9898,Maruti,Baleno,3,4000,Petrol,Manual,21.4,1200,680000,2015
12782,Honda,City,5,19117,Petrol,Manual,17.4,1500,765000,1998
11892,Hyundai,Grand,7,12000,Petrol,Manual,18.9,1200,465000,2013
13793,Hyundai,i20,10,65000,Petrol,Manual,18.5,1200,300000,2008
13971,Maruti,Alto,5,30000,Petrol,Manual,23.95,1000,300000,2000
6744,Toyota,Fortuner,8,108321,Diesel,Automatic,12.55,3000,1750000,2009
2966,Maruti,Alto,15,80000,Petrol,Manual,19.7,800,60000,2000
10612,Mercedes-Benz,E-Class,4,48000,Petrol,Automatic,12.0,2000,3990000,1996
2387,Toyota,Fortuner,4,109000,Diesel,Automatic,12.55,3000,2750000,2009
29,Toyota,Fortuner,8,110000,Diesel,Manual,13.0,3000,1150000,2009
11555,Maruti,Baleno,4,20000,Petrol,Automatic,19.56,1200,710000,2015
13208,Toyota,Innova,12,180000,Diesel,Manual,12.8,2500,400000,2005
7922,Hyundai,i10,10,43785,Petrol,Manual,20.36,1200,210000,2007
14585,BMW,5,5,45000,Diesel,Automatic,14.69,3000,3590000,2007
1107,Tata,Safari,6,50000,Diesel,Manual,14.0,2200,625000,1998
4256,Hyundai,Verna,2,10000,Petrol,Manual,17.0,1600,1170000,2006
2885,Maruti,Celerio,4,18400,Petrol,Automatic,21.63,1000,485000,2014
2113,Mahindra,XUV500,6,140000,Diesel,Manual,16.0,2200,1050000,2011
15294,Maruti,Swift,4,50000,Diesel,Manual,28.4,1250,500000,2005
13119,Maruti,Baleno,4,65000,Petrol,Manual,21.4,1200,520000,2015
15410,Honda,City,2,13000,Petrol,Automatic,18.0,1500,1200000,1998
13289,Toyota,Innova,8,77000,Diesel,Manual,12.8,2500,645000,2005
13004,Hyundai,Grand,3,35000,Petrol,Automatic,18.9,1200,550000,2013
11426,Ford,Figo,9,98000,Diesel,Manual,20.0,1400,200000,2010
8946,Renault,KWID,3,25000,Petrol,Automatic,24.04,1000,370000,2015
494,Maruti,Ertiga,4,52000,Diesel,Manual,24.52,1250,695000,2012
1060,Mercedes-Benz,GL-Class,7,51000,Diesel,Automatic,11.3,3000,3495000,2010
3150,Tata,Tiago,3,30000,Petrol,Manual,23.84,1200,450000,2016
5203,Mahindra,Scorpio,4,50000,Diesel,Manual,15.4,2000,810000,2002
3026,Mercedes-Benz,C-Class,9,88000,Diesel,Automatic,14.84,2100,1150000,2001
2606,Maruti,Swift Dzire,10,51000,Petrol,Manual,17.5,1200,340000,2008
14899,Renault,KWID,5,40087,Petrol,Manual,23.01,1000,310000,2015
10711,Datsun,RediGO,4,20000,Petrol,Manual,22.7,800,225000,2016
6503,Maruti,Vitara,4,72312,Diesel,Manual,24.3,1250,930000,2016
1258,Maruti,Swift Dzire,6,32000,Diesel,Manual,19.3,1250,570000,2008
346,Mercedes-Benz,C-Class,10,45000,Diesel,Automatic,14.94,2100,775000,2001
12883,Mahindra,XUV500,6,120000,Diesel,Manual,16.0,2200,945000,2011
4935,Ford,Figo,11,68176,Diesel,Manual,20.0,1400,275000,2010
15268,Hyundai,Grand,5,45898,Petrol,Manual,18.9,1200,575000,2013
1356,Maruti,Baleno,2,40000,Petrol,Automatic,19.56,1200,550000,2015
14704,Hyundai,Verna,6,72600,Petrol,Manual,17.01,1600,525000,2006
10555,Honda,Jazz,3,45002,Petrol,Manual,18.2,1200,650000,2009
13225,Maruti,Ertiga,2,8000,Petrol,Automatic,17.99,1500,1099000,2012
15044,Hyundai,Grand,5,35000,Petrol,Manual,18.9,1200,465000,2013
4452,Hyundai,Grand,4,45000,Diesel,Manual,24.0,1200,550000,2013
12212,Maruti,Swift Dzire,5,27500,Petrol,Manual,20.85,1200,500000,2008
9471,Ford,Endeavour,3,48000,Diesel,Automatic,10.91,3200,2899000,2003
535,Maruti,Swift,6,50000,Diesel,Manual,25.2,1250,500000,2005
5492,Honda,Amaze,5,57000,Petrol,Manual,18.0,1200,550000,2013
11447,Hyundai,Grand,2,12480,Petrol,Manual,18.9,1200,545000,2013
8253,Maruti,Swift Dzire,2,30000,Diesel,Manual,28.4,1250,780000,2008
7401,Maruti,Wagon R,3,32000,Petrol,Manual,21.79,1000,435000,1999
11793,Mercedes-Benz,E-Class,8,30000,Petrol,Manual,12.3,1800,1350000,1996
8636,Hyundai,Grand,5,60000,Petrol,Manual,18.9,1200,360000,2013
14347,Mahindra,XUV500,3,29890,Diesel,Manual,15.1,2200,1265000,2011
14190,Ford,Figo,7,67700,Diesel,Manual,20.0,1400,285000,2010
6869,Mahindra,XUV500,3,35000,Diesel,Manual,15.1,2200,1650000,2011
176,Ford,Aspire,3,10000,Petrol,Manual,18.16,1200,630000,2015
7452,Maruti,Alto,6,36668,Petrol,Manual,22.74,800,270000,2000
14652,BMW,7,14,85000,Diesel,Automatic,16.46,3000,1050000,2002
4024,Hyundai,Grand,2,25000,Petrol,Manual,18.9,1200,550000,2013
13605,Maruti,Alto,9,52865,Petrol,Manual,23.95,1000,245000,2000
9822,Hyundai,Verna,7,89000,Diesel,Manual,22.32,1600,650000,2006
9004,Hyundai,i20,6,66392,Diesel,Manual,21.19,1400,625000,2008
577,Toyota,Innova,3,80000,Diesel,Manual,13.68,2400,1350000,2005
6678,Maruti,Wagon R,8,57835,Petrol,Manual,21.79,1000,365000,1999
3980,Maruti,Alto,11,51479,Petrol,Manual,19.7,800,195000,2000
12905,Renault,Duster,7,57000,Diesel,Manual,20.46,1500,740000,2012
13837,Honda,City,10,58000,Petrol,Manual,17.0,1500,455000,1998
10649,Mahindra,Scorpio,6,120000,Diesel,Automatic,15.4,2200,950000,2002
11292,Hyundai,Santro,1,9668,"Others (CNG,LPG)",Manual,30.48,1100,540000,1998
10034,Mahindra,Scorpio,8,67000,Diesel,Manual,15.4,2200,550000,2002
8272,Tata,Nexon,3,10000,Petrol,Manual,17.0,1200,685000,2017
13322,Mahindra,Bolero,8,39000,Diesel,Manual,15.96,2500,530000,2000
5766,Toyota,Innova,4,165000,Diesel,Manual,13.68,2400,1225000,2005
8482,Maruti,Alto,3,20000,Petrol,Manual,24.7,800,310000,2000
13318,Hyundai,i20,6,60000,Petrol,Manual,18.6,1200,500000,2008
288,Ford,Figo,9,68000,Diesel,Manual,20.0,1400,169000,2010
5068,Maruti,Swift Dzire,5,41000,Petrol,Manual,20.85,1200,665000,2008
356,Honda,City,7,69000,Diesel,Manual,26.0,1500,490000,1998
12282,Tata,Tiago,4,39871,Petrol,Manual,23.84,1200,460000,2016
9600,Maruti,Wagon R,4,33200,"Others (CNG,LPG)",Manual,26.2,1000,350000,1999
1827,Renault,KWID,4,15000,Petrol,Manual,25.17,800,350000,2015
13847,Toyota,Innova,5,57000,Petrol,Manual,11.4,2000,1450000,2005
9582,Hyundai,Grand,7,25000,Petrol,Manual,18.9,1200,500000,2013
3440,Mahindra,Bolero,6,85000,Diesel,Manual,15.96,2500,649000,2000
2624,Mahindra,XUV500,9,120000,Diesel,Manual,15.1,2200,600000,2011
2103,Ford,Ecosport,6,71893,Diesel,Manual,21.7,1500,611000,2013
7467,Hyundai,Creta,4,70000,Diesel,Manual,21.38,1400,850000,2015
1546,Hyundai,i20,4,52000,Diesel,Manual,21.19,1400,745000,2008
12815,Ford,Figo,7,105000,Petrol,Manual,15.6,1200,285000,2010
9122,Honda,Civic,9,80000,Petrol,Automatic,13.9,1800,600000,2006
4899,Maruti,Swift,8,275000,Diesel,Manual,22.9,1250,400000,2005
11133,Toyota,Fortuner,4,69000,Diesel,Automatic,12.9,2800,2450000,2009
12595,Honda,WR-V,3,68000,Diesel,Manual,25.5,1500,955000,2017
4138,Hyundai,i20,5,51000,Petrol,Manual,18.6,1200,621000,2008
1083,Ford,Ecosport,5,27000,Petrol,Manual,15.85,1500,630000,2013
14584,Maruti,Alto,10,19600,Petrol,Manual,19.7,800,190000,2000
7801,Mahindra,Scorpio,4,50000,Diesel,Manual,15.4,2000,970000,2002
10951,Maruti,Swift,5,28000,Petrol,Manual,22.0,1200,425000,2005
7823,Maruti,Swift,3,32099,Diesel,Manual,17.8,1250,500000,2005
10396,Maruti,Swift Dzire,4,77500,Diesel,Manual,28.4,1250,525000,2008
5842,Volkswagen,Polo,8,144653,Diesel,Manual,22.07,1200,250000,2010
5595,BMW,X1,9,70000,Diesel,Automatic,17.05,2000,1350000,2010
10513,Ford,Figo,10,53000,Diesel,Manual,20.0,1400,185000,2010
8467,Hyundai,i20,11,20000,Petrol,Manual,18.5,1200,350000,2008
4061,Maruti,Vitara,5,51577,Diesel,Manual,24.3,1250,768000,2016
5861,Maruti,Ciaz,5,60000,Diesel,Manual,28.09,1250,710000,2014
4230,Maruti,Wagon R,6,60000,Petrol,Manual,20.51,1000,375000,1999
4629,Toyota,Innova,10,185000,Diesel,Manual,12.8,2500,780000,2005
3198,Maruti,Ciaz,6,20000,Petrol,Manual,20.73,1400,700000,2014
6268,Tata,Harrier,2,17000,Diesel,Manual,17.0,2000,1695000,2019
12204,Mahindra,XUV500,6,89000,Diesel,Manual,15.1,2200,1235000,2011
9041,Maruti,Alto,10,115000,Petrol,Manual,19.7,800,125000,2000
2022,Maruti,Alto,5,23774,Petrol,Manual,23.95,1000,335000,2000
9392,Toyota,Camry,5,86012,Petrol,Automatic,19.16,2500,1800000,2002
8015,Ford,Ecosport,7,13000,Petrol,Manual,15.8,1500,620000,2013
10051,Honda,City,6,60000,Diesel,Manual,26.0,1500,550000,1998
4303,Honda,City,4,91000,Diesel,Manual,25.6,1500,850000,1998
10740,Volkswagen,Vento,10,41000,Petrol,Manual,15.04,1600,325000,2010
3291,Hyundai,i20,8,39000,Petrol,Manual,17.0,1200,395000,2008
10214,Jaguar,XF,8,58000,Diesel,Automatic,16.36,2200,2085000,2009
6397,Maruti,Ertiga,6,44000,Diesel,Manual,20.77,1250,775000,2012
148,Ford,Figo,10,60000,Diesel,Manual,20.0,1400,300000,2010
2172,Maruti,Swift,6,20000,Petrol,Manual,20.4,1200,450000,2005
4078,Honda,WR-V,3,60000,Diesel,Manual,25.5,1500,800000,2017
3711,Maruti,Celerio,5,36836,Petrol,Automatic,23.1,1000,460000,2014
7346,Honda,City,6,51000,Petrol,Manual,17.4,1500,550000,1998
6871,Maruti,Wagon R,6,72000,Petrol,Manual,18.9,1000,341000,1999
1238,Maruti,Swift,9,51000,Petrol,Manual,16.1,1200,291000,2005
10654,Hyundai,i20,4,14000,Petrol,Manual,18.6,1200,525000,2008
10386,Honda,City,5,20000,Petrol,Manual,17.8,1500,710000,1998
11377,Volkswagen,Vento,8,36000,Diesel,Manual,20.34,1500,480000,2010
12430,Tata,Tiago,2,10000,Petrol,Manual,23.84,1200,500000,2016
5169,Volkswagen,Polo,7,111056,Diesel,Manual,20.14,1500,430000,2010
7203,Hyundai,Creta,6,64907,Diesel,Manual,19.67,1600,800000,2015
3518,Honda,Jazz,5,15000,Petrol,Manual,18.7,1200,500000,2009
9195,Maruti,Wagon R,12,60000,Petrol,Manual,21.79,1000,150000,1999
7784,Mahindra,Bolero,12,120000,Diesel,Manual,13.6,2500,525000,2000
13732,Hyundai,Venue,2,11000,Petrol,Manual,18.27,1000,1075000,2019
2197,Maruti,Wagon R,6,33766,Petrol,Manual,20.51,1000,372000,1999
5992,Hyundai,Verna,11,122661,Petrol,Manual,16.2,1600,150000,2006
11118,Mahindra,Thar,4,24000,Diesel,Manual,18.06,2500,840000,2010
10016,Honda,Amaze,5,45000,Petrol,Manual,17.8,1200,450000,2013
554,Mahindra,KUV,5,26000,Petrol,Manual,18.15,1200,420000,2016
7278,Skoda,Superb,6,40000,Petrol,Manual,13.1,1800,895000,2004
9383,Honda,WR-V,4,13420,Petrol,Manual,17.5,1200,785000,2017
15149,Hyundai,Creta,4,40000,Diesel,Manual,21.38,1400,900000,2015
8191,Maruti,Swift,9,38000,Petrol,Manual,18.6,1200,320000,2005
4597,Hyundai,Venue,2,25000,Diesel,Manual,23.7,1500,1100000,2019
10886,Honda,City,4,42000,Petrol,Manual,17.4,1500,880000,1998
9666,Maruti,Swift,8,30500,Petrol,Manual,22.0,1200,385000,2005
11636,Hyundai,Creta,5,60000,Diesel,Manual,19.67,1600,800000,2015
12937,Datsun,RediGO,4,28100,Petrol,Manual,22.7,800,270000,2016
11439,Hyundai,Verna,7,70000,Diesel,Manual,22.32,1600,475000,2006
5640,Toyota,Innova,7,70873,Diesel,Manual,12.99,2500,1325000,2005
15366,Tata,Safari,11,120000,Diesel,Manual,13.93,2200,300000,1998
8206,Maruti,Baleno,4,53000,Diesel,Manual,27.39,1250,696000,2015
6853,Mahindra,Bolero,8,65784,Diesel,Manual,15.96,2500,345000,2000
1506,Hyundai,i20,5,70000,Diesel,Manual,22.54,1400,680000,2008
15011,Maruti,Swift,3,43071,Diesel,Manual,28.4,1250,750000,2005
9142,Honda,WR-V,2,10000,Petrol,Manual,17.5,1200,875000,2017
4319,Hyundai,Grand,7,33700,Diesel,Manual,24.0,1100,450000,2013
5791,Ford,Figo,8,98500,Diesel,Manual,20.0,1400,250000,2010
8620,Toyota,Innova,8,70000,Diesel,Manual,12.99,2500,700000,2005
14653,Hyundai,i20,7,40000,Petrol,Automatic,15.0,1400,540000,2008
11545,Hyundai,i20,5,30000,Diesel,Manual,22.54,1400,554000,2008
9490,Audi,A6,9,36000,Diesel,Automatic,17.68,2000,1375000,2005
702,Mahindra,Scorpio,2,30000,Diesel,Manual,16.36,2200,1270000,2002
2035,Skoda,Superb,9,97000,Diesel,Automatic,17.2,2000,699000,2004
14292,Mahindra,Scorpio,6,120000,Diesel,Manual,15.4,2000,900000,2002
13500,Hyundai,Grand,3,11300,Petrol,Manual,18.9,1200,525000,2013
1442,Ford,Ecosport,5,40000,Diesel,Manual,22.77,1500,600000,2013
998,Honda,City,6,50000,Petrol,Manual,17.4,1500,650000,1998
54,Mahindra,Scorpio,4,50000,Diesel,Manual,15.4,2000,1150000,2002
1767,Hyundai,Verna,9,71452,Diesel,Automatic,19.08,1600,495000,2006
8164,Maruti,Wagon R,4,50000,Petrol,Manual,20.51,1000,370000,1999
12750,Hyundai,Grand,3,25000,Petrol,Automatic,18.9,1200,480000,2013
14507,Maruti,Ignis,3,38000,Petrol,Manual,20.89,1200,509000,2017
12497,Mahindra,Scorpio,13,52000,Diesel,Manual,12.7,2600,365000,2002
1863,Maruti,Wagon R,8,60000,Petrol,Manual,20.51,1000,260000,1999
12036,Hyundai,i20,10,30680,Diesel,Manual,23.0,1400,318000,2008
14461,Volkswagen,Polo,5,40000,Petrol,Automatic,17.21,1200,740000,2010
11485,Skoda,Octavia,5,120000,Diesel,Automatic,19.3,2000,1150000,2001
7993,Maruti,Swift,3,48000,Diesel,Manual,28.4,1250,830000,2005
14175,Maruti,Swift Dzire,4,90000,Petrol,Automatic,21.21,1200,750000,2008
13065,Hyundai,Verna,8,48000,Petrol,Manual,17.01,1600,510000,2006
9387,Tata,Harrier,2,18000,Diesel,Manual,17.0,2000,1595000,2019
12828,Maruti,Swift,9,80000,Diesel,Manual,22.9,1250,485000,2005
307,Hyundai,i10,10,58000,Petrol,Manual,20.36,1200,190000,2007
11639,Honda,Amaze,6,73000,Petrol,Manual,18.0,1200,465000,2013
15363,Audi,A4,9,79000,Diesel,Automatic,15.2,2000,1250000,2008
12617,Volkswagen,Polo,5,29200,Petrol,Automatic,17.21,1200,790000,2010
9486,Toyota,Camry,7,53000,Petrol,Automatic,12.98,2500,1099000,2002
12971,Hyundai,Verna,10,46000,Petrol,Manual,17.01,1600,495000,2006
7181,Tata,Nexon,2,25000,Diesel,Manual,21.5,1500,750000,2017
217,Mahindra,Scorpio,6,80000,Diesel,Manual,15.4,2200,920000,2002
11835,Hyundai,Santro,2,10000,Petrol,Automatic,20.3,1100,558000,1998
14109,Honda,WR-V,4,80000,Petrol,Manual,17.5,1200,700000,2017
313,Maruti,Alto,12,43000,Petrol,Manual,19.7,800,140000,2000
4883,Hyundai,i10,9,32000,Petrol,Manual,19.81,1100,290000,2007
5126,Mahindra,XUV500,6,79304,Diesel,Manual,16.0,2200,985000,2011
14849,Hyundai,i20,8,65000,Diesel,Manual,21.9,1400,475000,2008
14111,Hyundai,Creta,4,50000,Petrol,Manual,13.0,1600,930000,2015
12888,Maruti,Swift,11,91000,Petrol,Manual,22.0,1200,265000,2005
8221,Mahindra,Bolero,10,120000,Diesel,Manual,13.6,2500,450000,2000
14198,Honda,Jazz,3,19023,Diesel,Manual,27.3,1500,1010000,2009
7543,Maruti,Swift Dzire,7,120000,Diesel,Manual,23.4,1250,380000,2008
14809,Maruti,Swift,5,50000,Diesel,Manual,25.2,1250,640000,2005
5495,Mahindra,XUV500,5,56000,Diesel,Automatic,16.0,2200,1275000,2011
11776,Honda,Jazz,5,50000,Petrol,Manual,18.7,1200,650000,2009
15106,Volkswagen,Polo,5,80000,Petrol,Automatic,17.21,1200,615000,2010
12269,Honda,City,5,27275,Petrol,Manual,17.4,1500,850000,1998
1129,Hyundai,Creta,4,36000,Petrol,Automatic,13.0,1600,1125000,2015
2691,Honda,Amaze,8,64000,Diesel,Manual,25.8,1500,396000,2013
7917,Renault,KWID,2,10000,Petrol,Manual,25.17,800,350000,2015
2874,Volkswagen,Vento,7,70462,Diesel,Automatic,21.21,1500,540000,2010
5618,Volkswagen,Polo,4,150000,Diesel,Manual,20.14,1500,500000,2010
6131,Hyundai,Grand,5,50000,Petrol,Manual,18.9,1200,465000,2013
13398,Maruti,Swift Dzire,8,100000,Petrol,Manual,19.1,1200,390000,2008
3700,Maruti,Alto,13,60000,Petrol,Manual,19.7,800,150000,2000
11546,Honda,City,4,15000,Petrol,Manual,16.8,1500,835000,1998
4997,Maruti,Swift Dzire,4,56000,Diesel,Manual,26.59,1250,651000,2008
1918,Hyundai,Elantra,4,55000,Diesel,Automatic,18.23,1600,1500000,2004
6495,Skoda,Octavia,7,86900,Diesel,Automatic,19.3,2000,985000,2001
2929,Mercedes-Benz,S-Class,14,50000,Petrol,Automatic,10.13,3500,800000,1994
2237,Hyundai,i10,7,61696,Petrol,Manual,19.81,1100,335000,2007
936,Honda,City,12,69000,Petrol,Manual,17.0,1500,300000,1998
14351,Hyundai,Grand,7,35000,Petrol,Manual,18.9,1200,475000,2013
190,Hyundai,Grand,6,62000,Petrol,Manual,18.9,1200,370000,2013
7672,Hyundai,Verna,3,20000,Petrol,Manual,17.0,1600,990000,2006
10501,Hyundai,Grand,1,15000,Petrol,Manual,18.9,1200,511000,2013
8880,Hyundai,i20,10,38225,Petrol,Manual,18.5,1200,240000,2008
15146,Ford,Ecosport,4,93456,Diesel,Manual,22.77,1500,825000,2013
15275,Renault,KWID,2,18000,Petrol,Manual,23.01,1000,470000,2015
13666,Maruti,Swift,2,25000,Petrol,Manual,21.21,1200,475000,2005
2089,Maruti,Alto,8,60000,Petrol,Manual,22.74,800,180000,2000
10507,Maruti,Swift Dzire,3,23000,Petrol,Automatic,22.0,1200,700000,2008
11795,Maruti,Swift Dzire,8,60000,Diesel,Manual,23.4,1250,460000,2008
846,Honda,City,12,75000,Petrol,Manual,17.0,1500,260000,1998
2696,Hyundai,Grand,4,16000,Petrol,Manual,18.9,1200,490000,2013
3687,BMW,3,9,76728,Diesel,Automatic,22.69,2000,1050000,2007
1484,Maruti,Wagon R,9,60000,Petrol,Manual,18.9,1000,250000,1999
658,Toyota,Innova,2,46000,Diesel,Automatic,11.36,2800,1811000,2005
3275,Hyundai,Verna,8,14000,Petrol,Automatic,17.01,1600,575000,2006
2508,Maruti,Ignis,4,47063,Petrol,Manual,20.89,1200,525000,2017
1575,Maruti,Swift Dzire,5,50000,Petrol,Manual,20.85,1200,550000,2008
3754,Renault,KWID,4,29000,Petrol,Automatic,24.04,1000,400000,2015
5681,Renault,KWID,2,13000,Petrol,Manual,25.17,800,370000,2015
9035,Mahindra,Bolero,10,70000,Diesel,Manual,13.6,2500,300000,2000
8289,Hyundai,Venue,1,2600,Petrol,Manual,18.27,1000,950000,2019
1800,Maruti,Swift Dzire,11,80000,Petrol,Manual,20.85,1200,325000,2008
721,Mercedes-Benz,E-Class,5,20000,Diesel,Automatic,15.0,2100,3000000,1996
5969,Datsun,GO,3,30202,Petrol,Manual,20.62,1200,390000,2014
9292,Hyundai,i20,10,60000,Petrol,Manual,17.0,1200,265000,2008
3038,Honda,City,7,39000,Petrol,Automatic,18.0,1500,695000,1998
14789,Honda,City,5,56210,Petrol,Manual,17.8,1500,715000,1998
7383,Maruti,Ignis,4,8600,Petrol,Manual,20.89,1200,600000,2017
15236,Hyundai,i20,3,25000,Petrol,Manual,17.19,1200,690000,2008
6626,Maruti,Baleno,3,26000,Petrol,Manual,21.4,1200,711000,2015
6610,Maruti,Swift Dzire,3,20825,Petrol,Automatic,21.21,1200,770000,2008
4407,Jeep,Compass,3,50000,Diesel,Manual,17.1,2000,1500000,2017
1138,Honda,City,10,50000,Petrol,Manual,17.0,1500,300000,1998
6440,Volkswagen,Polo,5,60000,Petrol,Manual,16.2,1200,485000,2010
14756,Volkswagen,Polo,6,95000,Diesel,Manual,20.14,1500,555000,2010
8472,Mahindra,Scorpio,10,205000,Diesel,Automatic,11.79,2200,460000,2002
3613,Skoda,Superb,8,49944,Petrol,Manual,13.14,1800,470000,2004
11317,Tata,Tiago,3,25656,Petrol,Manual,23.84,1200,450000,2016
1532,Hyundai,Creta,4,34000,Diesel,Manual,21.38,1400,1150000,2015
12229,Maruti,Ertiga,6,100000,Diesel,Manual,20.77,1250,740000,2012
9350,Renault,Duster,8,74000,Diesel,Manual,19.87,1500,335000,2012
226,Ford,Figo,10,160800,Diesel,Manual,20.0,1400,250000,2010
1157,Hyundai,Grand,3,15000,Petrol,Manual,18.9,1200,600000,2013
2695,Mahindra,XUV500,4,89200,Diesel,Automatic,16.0,2200,1650000,2011
3065,Honda,City,5,56436,Petrol,Automatic,18.0,1500,825000,1998
3760,Skoda,Rapid,5,78010,Diesel,Automatic,21.66,1500,660000,2011
4127,Maruti,Swift Dzire,6,30000,Petrol,Manual,20.85,1200,450000,2008
9461,Hyundai,i10,8,59654,Petrol,Manual,19.81,1100,268000,2007
12868,Volkswagen,Vento,9,79324,Petrol,Manual,15.04,1600,490000,2010
14617,Maruti,Swift,8,80000,Diesel,Manual,22.9,1250,350000,2005
8686,Honda,Amaze,5,18800,Petrol,Manual,18.0,1200,450000,2013
6240,Maruti,Swift Dzire,6,44842,Diesel,Manual,28.4,1250,575000,2008
10557,Ford,Ecosport,4,49000,Petrol,Manual,15.9,1500,669000,2013
11510,Hyundai,i20,7,80000,Diesel,Manual,21.9,1400,350000,2008
12702,Toyota,Innova,12,214000,Diesel,Manual,12.99,2500,525000,2005
9374,Volkswagen,Vento,8,71000,Petrol,Manual,15.04,1600,365000,2010
9185,Audi,A4,8,43000,Diesel,Automatic,16.55,2000,1350000,2008
12783,Maruti,Ertiga,5,37000,Diesel,Manual,24.52,1250,810000,2012
2532,Toyota,Innova,10,125000,Diesel,Manual,12.8,2500,675000,2005
12526,Hyundai,i20,9,98000,Diesel,Manual,21.27,1400,375000,2008
11766,Hyundai,i20,11,120000,Petrol,Manual,18.5,1200,200000,2008
8845,Renault,KWID,2,7000,Petrol,Automatic,24.04,1000,490000,2015
8514,Honda,WR-V,3,52000,Diesel,Manual,25.5,1500,850000,2017
15206,Maruti,Swift Dzire,6,140000,Diesel,Manual,26.59,1250,560000,2008
1468,Hyundai,i20,3,40000,Petrol,Manual,17.19,1200,700000,2008
10028,Hyundai,Santro,9,52000,Petrol,Manual,17.92,1100,200000,1998
6965,Toyota,Innova,3,40000,Diesel,Manual,13.68,2400,1875000,2005
5782,Maruti,Swift,5,25000,Petrol,Manual,22.0,1200,525000,2005
15222,Mahindra,Thar,2,25000,Diesel,Manual,16.55,2500,950000,2010
14489,Maruti,Alto,2,8000,Petrol,Automatic,23.95,1000,415000,2000
10186,Toyota,Innova,8,68000,Diesel,Manual,12.99,2500,650000,2005
10413,BMW,3,8,59000,Diesel,Automatic,13.2,2000,835000,2007
3578,Maruti,Wagon R,8,39757,Petrol,Manual,20.51,1000,298000,1999
5012,Tata,Safari,12,80000,Diesel,Manual,13.93,2200,265000,1998
9850,Hyundai,Creta,5,72000,Diesel,Manual,19.67,1600,825000,2015
14894,Tata,Nexon,3,12000,Diesel,Manual,21.5,1500,821000,2017
14090,Audi,A4,5,30000,Petrol,Automatic,17.84,1400,1890000,2008
11960,Audi,A4,6,28000,Diesel,Automatic,17.11,2000,1775000,2008
3674,Maruti,Eeco,4,76000,"Others (CNG,LPG)",Manual,21.94,1200,395000,2010
4093,Hyundai,i20,7,44000,Petrol,Manual,18.5,1200,550000,2008
138,Maruti,Swift,3,10000,Petrol,Automatic,21.21,1200,660000,2005
928,Maruti,Ciaz,3,35000,Petrol,Automatic,20.28,1500,1000000,2014
6314,Toyota,Innova,11,130000,Diesel,Manual,12.8,2500,600000,2005
9198,Maruti,Wagon R,6,48000,Petrol,Automatic,20.51,1000,380000,1999
4943,Maruti,Wagon R,5,10000,Petrol,Manual,20.51,1000,400000,1999
919,Maruti,Swift Dzire,3,40000,Diesel,Manual,28.4,1250,750000,2008
1576,BMW,3,7,70400,Diesel,Automatic,18.88,2000,2045000,2007
8119,Maruti,Wagon R,15,60000,Petrol,Manual,14.0,1100,125000,1999
6082,Toyota,Innova,9,35000,Diesel,Manual,12.8,2500,1175000,2005
6830,Renault,KWID,5,64000,Petrol,Manual,22.3,800,280000,2015
6451,Ford,Ecosport,4,60000,Diesel,Manual,21.7,1500,650000,2013
6342,Ford,Figo,9,110000,Diesel,Manual,20.0,1400,250000,2010
12882,Renault,KWID,4,35000,Petrol,Automatic,24.04,1000,405000,2015
14940,Hyundai,Verna,5,78000,Diesel,Manual,23.9,1600,751000,2006
3590,Toyota,Innova,15,146000,Diesel,Manual,12.8,2500,350000,2005
9442,Hyundai,i20,11,47000,Petrol,Manual,17.0,1200,235000,2008
15039,Hyundai,i20,11,110000,Diesel,Manual,23.0,1400,225000,2008
8483,Maruti,Wagon R,8,70000,Petrol,Manual,20.51,1000,250000,1999
1310,Hyundai,Creta,5,70000,Petrol,Manual,15.29,1600,815000,2015
3630,Maruti,Wagon R,10,29000,Petrol,Manual,21.79,1000,260000,1999
683,Mahindra,Scorpio,6,140000,Diesel,Manual,15.4,2200,900000,2002
7492,Ford,Ecosport,3,24000,Petrol,Automatic,14.8,1500,970000,2013
13121,Maruti,Swift Dzire,4,21000,Petrol,Manual,20.85,1200,650000,2008
8913,Maruti,Baleno,2,6500,Petrol,Manual,21.1,1000,730000,2015
3990,Maruti,Alto,5,52361,Petrol,Manual,23.95,1000,350000,2000
5684,Tata,Tiago,2,20149,Petrol,Manual,23.84,1200,470000,2016
7409,Ford,Figo,7,63407,Diesel,Manual,20.0,1400,440000,2010
1771,Ford,Ecosport,6,60000,Diesel,Manual,22.77,1500,800000,2013
5751,Toyota,Innova,10,310000,Diesel,Manual,12.8,2500,510000,2005
617,Ford,Ecosport,4,39884,Diesel,Manual,23.0,1500,880000,2013
3202,Toyota,Innova,5,56000,Diesel,Manual,13.68,2400,1526000,2005
5571,Hyundai,i20,5,86000,Diesel,Manual,22.54,1400,675000,2008
7719,Volkswagen,Vento,8,80000,Diesel,Manual,20.54,1600,349000,2010
6196,Tata,Tigor,4,25000,Diesel,Manual,24.7,1050,550000,2017
8989,BMW,3,9,34000,Diesel,Automatic,13.2,2000,995000,2007
8277,Mahindra,KUV,5,15000,Petrol,Manual,18.15,1200,420000,2016
8826,Honda,Jazz,5,16000,Diesel,Manual,27.3,1500,725000,2009
9871,Toyota,Innova,4,52000,Diesel,Manual,13.68,2400,1450000,2005
2421,Maruti,Wagon R,10,50000,"Others (CNG,LPG)",Manual,26.2,1000,225000,1999
13758,Maruti,Swift,5,42000,Petrol,Manual,20.4,1200,525000,2005
1141,Tata,Safari,8,120000,Diesel,Manual,14.0,2200,600000,1998
12104,Honda,Jazz,6,70100,Diesel,Manual,27.3,1500,595000,2009
6023,Tata,Tiago,3,16000,Petrol,Manual,23.84,1200,525000,2016
7255,Hyundai,i10,9,35000,Petrol,Manual,20.36,1200,245000,2007
5412,Audi,A6,5,54945,Diesel,Automatic,17.68,2000,3200000,2005
14958,Hyundai,i20,9,80000,Petrol,Manual,17.0,1200,350000,2008
2401,Maruti,Ciaz,4,67000,Diesel,Manual,28.09,1250,831000,2014
13154,Honda,City,8,55243,Petrol,Manual,17.0,1500,560000,1998
14662,Maruti,Swift,13,110000,Diesel,Manual,17.8,1250,125000,2005
6134,Hyundai,Verna,3,20100,Diesel,Manual,22.0,1600,850000,2006
5393,Maruti,Wagon R,6,41586,Petrol,Manual,21.79,1000,360000,1999
1218,Hyundai,i20,7,57212,Diesel,Manual,22.54,1400,550000,2008
5737,BMW,3,7,52500,Diesel,Automatic,18.88,2000,1875000,2007
12772,Maruti,Baleno,5,34114,Petrol,Manual,21.01,1200,639000,2015
1153,Maruti,Vitara,4,24000,Diesel,Manual,24.3,1250,785000,2016
2601,Tata,Nexon,2,5000,Petrol,Automatic,17.0,1200,931000,2017
10004,Hyundai,Creta,6,58000,Diesel,Automatic,17.01,1600,833000,2015
12666,Renault,KWID,7,40000,Petrol,Manual,25.17,800,250000,2015
13178,Skoda,Rapid,9,79000,Diesel,Manual,20.5,1600,460000,2011
7309,Maruti,Alto,3,20000,Petrol,Manual,24.7,800,322000,2000
11991,Maruti,Celerio,6,35000,Petrol,Automatic,23.1,1000,460000,2014
9606,Maruti,Swift Dzire,10,62000,Diesel,Manual,19.3,1250,265000,2008
2456,Skoda,Octavia,2,4000,Petrol,Automatic,15.1,1800,2375000,2001
11543,Maruti,Ertiga,5,58000,Diesel,Manual,25.47,1250,665000,2012
12581,Tata,Tigor,3,70000,Petrol,Manual,20.3,1200,450000,2017
7239,Maruti,Swift Dzire,5,35000,Diesel,Manual,26.59,1250,600000,2008
9315,Maruti,Swift Dzire,3,36787,Petrol,Manual,22.0,1200,650000,2008
1547,Toyota,Innova,3,28000,Diesel,Automatic,11.36,2800,1890000,2005
5602,Hyundai,Verna,9,81000,Diesel,Manual,22.32,1600,550000,2006
13159,Ford,Figo,10,40000,Petrol,Manual,15.6,1200,355000,2010
9213,Honda,City,6,41000,Petrol,Manual,17.0,1500,650000,1998
14637,Hyundai,i20,11,120000,Petrol,Manual,17.0,1200,325000,2008
6563,Volkswagen,Vento,7,50000,Diesel,Manual,22.27,1500,635000,2010
8743,Maruti,Wagon R,12,36259,Petrol,Manual,18.9,1000,129000,1999
6337,Hyundai,Grand,6,45000,Petrol,Manual,18.9,1200,475000,2013
7382,Ford,Freestyle,3,50000,Petrol,Manual,19.0,1200,625000,2018
772,Maruti,Alto,6,90000,Petrol,Manual,22.74,800,200000,2000
3724,Hyundai,i20,8,75518,Petrol,Manual,18.5,1200,390000,2008
10322,Maruti,Baleno,5,41000,Petrol,Manual,21.4,1200,579000,2015
14933,Maruti,Celerio,6,50000,Petrol,Automatic,23.1,1000,400000,2014
14647,Maruti,Eeco,5,37000,"Others (CNG,LPG)",Manual,15.1,1200,285000,2010
12808,Maruti,Baleno,5,38953,Petrol,Manual,21.01,1200,611000,2015
13883,Maruti,Alto,3,30112,"Others (CNG,LPG)",Manual,33.44,800,360000,2000
7690,Toyota,Fortuner,9,75000,Diesel,Manual,12.55,3000,1290000,2009
7769,Maruti,Swift,3,39000,Petrol,Automatic,21.21,1200,625000,2005
10624,Hyundai,i10,11,50000,Petrol,Manual,19.81,1100,215000,2007
14409,Toyota,Fortuner,7,95000,Diesel,Automatic,12.55,3000,1449000,2009
4918,Hyundai,i20,5,63669,Petrol,Manual,18.6,1200,645000,2008
10733,Maruti,Swift,3,69785,Petrol,Automatic,22.0,1200,590000,2005
5853,Maruti,Alto,8,24000,Petrol,Manual,22.74,800,270000,2000
15210,Maruti,Vitara,3,34879,Diesel,Automatic,24.3,1250,1090000,2016
4656,Volkswagen,Polo,4,47000,Petrol,Automatic,17.21,1200,700000,2010
40,Mahindra,Bolero,1,40000,Diesel,Manual,21.0,1500,850000,2000
15069,Hyundai,Verna,7,61950,Diesel,Manual,22.32,1600,550000,2006
13545,BMW,3,4,33000,Petrol,Automatic,17.61,2000,2775000,2007
13338,Maruti,Wagon R,8,65000,Petrol,Manual,21.79,1000,295000,1999
15229,Maruti,Swift,8,80000,Diesel,Manual,22.9,1250,350000,2005
2019,Maruti,Ciaz,5,49411,Diesel,Manual,28.09,1250,731000,2014
5813,Maruti,Swift,3,39000,Diesel,Automatic,28.4,1250,765000,2005
8259,Renault,KWID,4,25000,Petrol,Manual,23.01,1000,285000,2015
13210,Skoda,Rapid,7,70000,Diesel,Manual,20.5,1600,525000,2011
3031,Honda,City,3,27000,Diesel,Manual,25.6,1500,1175000,1998
503,Hyundai,Grand,6,50000,Petrol,Manual,18.9,1200,310000,2013
3757,Hyundai,i20,11,69000,Petrol,Manual,18.5,1200,245000,2008
10575,Maruti,Celerio,2,60000,"Others (CNG,LPG)",Manual,31.79,1000,400000,2014
2283,Maruti,Swift,8,100000,Diesel,Manual,22.9,1250,350000,2005
7707,Maruti,Alto,4,100000,Petrol,Manual,23.95,1000,300000,2000
4718,Hyundai,i10,11,69000,Petrol,Manual,20.36,1200,300000,2007
12724,Maruti,Swift Dzire,8,45000,Diesel,Manual,23.4,1250,374000,2008
9296,BMW,5,4,36000,Petrol,Automatic,14.04,2000,3100000,2007
1403,Honda,Amaze,4,53200,Petrol,Manual,18.0,1200,475000,2013
8654,Hyundai,i10,8,60000,Petrol,Manual,20.36,1200,230000,2007
4120,Maruti,Swift Dzire,3,50000,Diesel,Manual,28.4,1250,690000,2008
4365,Maruti,Alto,10,72715,Petrol,Manual,20.92,1000,210000,2000
11429,Maruti,Ertiga,8,50000,Diesel,Manual,24.2,1500,550000,2012
11001,Mahindra,XUV500,2,5000,Diesel,Manual,15.1,2200,1588000,2011
3886,Maruti,Wagon R,12,77000,Petrol,Manual,18.9,1100,150000,1999
8626,Renault,KWID,5,22000,Petrol,Manual,25.17,800,300000,2015
10224,Audi,Q7,8,48000,Diesel,Automatic,12.07,3000,2011000,2006
8851,Volkswagen,Vento,5,29432,Diesel,Manual,22.27,1500,449000,2010
10516,Mahindra,Scorpio,6,80000,Diesel,Manual,15.4,2200,1120000,2002
14672,Honda,City,6,87000,Diesel,Manual,26.0,1500,525000,1998
3484,Skoda,Superb,11,55000,Petrol,Automatic,13.7,1800,345000,2004
294,Maruti,Wagon R,6,20292,Petrol,Manual,20.51,1000,335000,1999
11514,Maruti,Swift,3,4000,Petrol,Manual,22.0,1200,490000,2005
12335,Maruti,Vitara,3,62000,Diesel,Manual,24.3,1250,975000,2016
12575,Ford,Aspire,6,38000,Diesel,Manual,25.83,1500,550000,2015
5165,Hyundai,i10,6,36977,Petrol,Manual,20.36,1200,422000,2007
3290,Honda,City,4,24000,Petrol,Automatic,18.0,1500,875000,1998
3289,Honda,Civic,14,71000,Petrol,Automatic,12.9,1800,225000,2006
5903,Maruti,Eeco,10,79345,Petrol,Manual,15.37,1200,235000,2010
1032,Hyundai,Verna,9,68812,Diesel,Manual,22.32,1600,440000,2006
9270,Maruti,Ertiga,4,50000,Diesel,Manual,24.52,1250,710000,2012
3608,Skoda,Rapid,7,71000,Diesel,Automatic,21.66,1500,550000,2011
7498,Honda,Amaze,2,35000,Petrol,Manual,17.8,1200,595000,2013
10732,Maruti,Alto,6,29437,Petrol,Manual,22.74,800,265000,2000
11395,Maruti,Wagon R,5,52000,Petrol,Manual,20.51,1000,300000,1999
2592,Ford,Figo,9,69000,Diesel,Manual,20.0,1400,225000,2010
8477,Honda,Amaze,7,50000,Diesel,Manual,25.8,1500,341000,2013
5830,Mercedes-Benz,E-Class,10,70000,Diesel,Automatic,11.5,3000,1800000,1996
7688,Hyundai,i20,2,20000,Petrol,Manual,18.6,1200,621000,2008
6992,Mahindra,XUV500,6,59706,Diesel,Manual,15.1,2200,875000,2011
14220,Ford,Ecosport,5,62131,Diesel,Manual,21.7,1500,590000,2013
2952,Hyundai,i20,5,90000,Diesel,Manual,22.54,1400,540000,2008
12257,Renault,KWID,3,50000,Petrol,Manual,25.17,800,250000,2015
3617,Maruti,Ertiga,4,35000,Diesel,Manual,24.52,1250,950000,2012
6017,Ford,Figo,9,63000,Diesel,Manual,20.0,1400,210000,2010
1768,Ford,Figo,6,52000,Diesel,Manual,25.83,1500,550000,2010
11277,Maruti,Swift,8,80000,Diesel,Manual,28.4,1250,335000,2005
7272,Maruti,Swift Dzire,2,15000,Diesel,Manual,28.4,1250,757000,2008
13762,Maruti,Alto,7,60000,"Others (CNG,LPG)",Manual,30.46,800,260000,2000
6607,Honda,WR-V,4,65360,Diesel,Manual,25.5,1500,760000,2017
447,Maruti,Swift,8,70000,Petrol,Manual,18.6,1200,350000,2005
1000,Hyundai,i10,13,92000,Petrol,Manual,19.81,1100,190000,2007
15397,Toyota,Innova,3,21265,Diesel,Automatic,11.36,2800,2350000,2005
11183,Volkswagen,Vento,8,15000,Petrol,Manual,16.09,1600,560000,2010
4263,Hyundai,Santro,8,28054,Petrol,Manual,17.92,1100,398000,1998
15343,Hyundai,Creta,3,20000,Diesel,Manual,21.38,1400,1000000,2015
4525,Ford,Ecosport,2,58000,Petrol,Manual,17.0,1500,790000,2013
5105,Maruti,Wagon R,7,50000,"Others (CNG,LPG)",Manual,14.6,1000,350000,1999
5276,Hyundai,Creta,5,36503,Petrol,Manual,13.0,1600,1050000,2015
7766,BMW,X5,12,90000,Diesel,Automatic,15.97,3000,1600000,2007
13763,Hyundai,Verna,4,40000,Diesel,Automatic,22.0,1600,980000,2006
8882,Maruti,Vitara,3,40000,Diesel,Manual,24.3,1250,735000,2016
13297,Ford,Ecosport,3,6500,Diesel,Manual,22.77,1500,899000,2013
12680,Volkswagen,Polo,9,60000,Diesel,Manual,22.07,1200,260000,2010
8208,Hyundai,i20,9,110000,Petrol,Manual,17.0,1200,280000,2008
7372,Ford,Figo,5,70000,Diesel,Manual,25.83,1500,400000,2010
1928,Maruti,Swift Dzire,6,104000,Diesel,Manual,28.4,1250,395000,2008
6087,Hyundai,i20,6,55000,Petrol,Manual,18.6,1200,499000,2008
2700,Hyundai,i20,4,27266,Petrol,Manual,18.6,1200,700000,2008
10991,Hyundai,i20,7,120000,Diesel,Manual,22.54,1400,550000,2008
12397,Mercedes-Benz,C-Class,5,44000,Petrol,Automatic,14.74,2000,2525000,2001
13389,Honda,Amaze,3,40000,Diesel,Manual,27.4,1500,750000,2013
4924,Hyundai,Grand,7,90000,Petrol,Manual,18.9,1200,300000,2013
1183,Maruti,Swift,5,80000,Petrol,Manual,20.4,1200,510000,2005
12788,Maruti,Swift,6,70000,Diesel,Manual,28.4,1250,500000,2005
5496,Volkswagen,Polo,6,80000,Diesel,Manual,20.14,1500,499000,2010
14608,Jaguar,XF,6,49400,Diesel,Automatic,19.33,2000,2700000,2009
4122,Maruti,Swift Dzire,6,10000,Petrol,Manual,20.85,1200,585000,2008
12549,Maruti,Swift,6,102000,Diesel,Manual,25.2,1250,550000,2005
9832,Toyota,Fortuner,7,61000,Diesel,Automatic,12.55,3000,1680000,2009
9287,Maruti,Swift Dzire,9,65000,Petrol,Manual,19.1,1200,335000,2008
7385,Ford,Ecosport,5,48000,Petrol,Automatic,16.5,1500,699000,2013
7839,Toyota,Innova,3,58000,Diesel,Manual,13.68,2400,1450000,2005
12618,Audi,A4,9,60000,Diesel,Automatic,16.55,2000,1045000,2008
7608,Hyundai,Grand,5,15000,Petrol,Manual,18.9,1200,430000,2013
4773,Ford,Ecosport,4,45400,Petrol,Manual,18.88,1000,700000,2013
11905,Hyundai,Grand,7,38956,Petrol,Manual,18.9,1200,435000,2013
3186,Renault,Duster,3,18500,Petrol,Manual,14.19,1500,730000,2012
8240,Maruti,Swift,5,35000,Petrol,Manual,20.4,1200,400000,2005
4642,Maruti,Alto,11,49650,Petrol,Manual,19.7,800,210000,2000
6074,Hyundai,Creta,3,22000,Petrol,Automatic,14.8,1600,1350000,2015
14256,Honda,Amaze,3,3919,Diesel,Automatic,23.8,1500,895000,2013
7089,Toyota,Innova,11,43221,Diesel,Manual,12.99,2500,840000,2005
9913,Mercedes-Benz,E-Class,11,48000,Petrol,Manual,11.2,2500,1050000,1996
13903,Volkswagen,Polo,4,70000,Petrol,Automatic,17.21,1200,700000,2010
6335,Maruti,Swift Dzire,4,60500,Diesel,Manual,19.3,1250,620000,2008
13995,Hyundai,i10,9,40000,Petrol,Manual,19.81,1100,350000,2007
2697,Ford,Ecosport,7,44406,Petrol,Manual,18.88,1000,650000,2013
4550,Tata,Hexa,2,15000,Diesel,Manual,17.6,2200,1425000,2017
14102,Hyundai,i10,7,45000,Petrol,Manual,19.81,1100,425000,2007
7748,Mahindra,Scorpio,2,20000,Diesel,Manual,15.4,2500,982000,2002
2206,Hyundai,i20,4,10000,Petrol,Manual,18.6,1200,700000,2008
5619,Hyundai,Elantra,6,80000,Diesel,Automatic,19.5,1600,1050000,2004
8228,Maruti,Swift Dzire,3,60000,Diesel,Manual,28.4,1250,610000,2008
4657,Ford,Figo,11,64857,Diesel,Manual,20.0,1400,155000,2010
459,Maruti,Swift Dzire,2,4000,Petrol,Automatic,21.21,1200,731000,2008
1304,Audi,Q7,11,155000,Diesel,Automatic,11.33,4100,2200000,2006
8916,Ford,Endeavour,5,120000,Diesel,Automatic,10.91,3200,2100000,2003
14604,Hyundai,Verna,7,10000,Petrol,Manual,17.43,1400,600000,2006
10677,BMW,5,8,50000,Diesel,Automatic,22.48,2000,1600000,2007
727,Maruti,Baleno,3,20000,Petrol,Automatic,21.4,1200,834000,2015
1687,Hyundai,i20,6,31695,Petrol,Manual,18.6,1200,589000,2008
9469,Hyundai,Verna,5,25000,Diesel,Manual,23.9,1600,725000,2006
3239,Volkswagen,Vento,6,80900,Diesel,Automatic,22.15,1500,710000,2010
11379,Maruti,Ertiga,5,51500,Diesel,Manual,24.52,1250,650000,2012
14113,Maruti,Ciaz,6,40000,Diesel,Manual,26.21,1250,800000,2014
14559,Maruti,Alto,1,10000,Petrol,Manual,22.05,800,350000,2000
11291,Hyundai,i20,4,34300,Petrol,Manual,18.6,1200,600000,2008
13578,Ford,Ecosport,4,27000,Petrol,Manual,15.85,1500,870000,2013
201,Maruti,Alto,8,26200,Petrol,Manual,22.74,800,235000,2000
4551,Hyundai,i20,8,105000,Petrol,Manual,18.5,1200,290000,2008
162,Maruti,Baleno,3,50000,Petrol,Manual,21.4,1200,580000,2015
6213,Hyundai,Creta,5,96000,Diesel,Manual,19.67,1600,1100000,2015
12498,Skoda,Rapid,9,87000,Diesel,Manual,20.5,1600,475000,2011
13544,Hyundai,Creta,6,51000,Diesel,Manual,21.38,1400,875000,2015
11374,Honda,City,7,57000,Petrol,Manual,17.8,1500,620000,1998
14087,Maruti,Alto,7,30000,Petrol,Manual,22.74,800,200000,2000
7570,Hyundai,Verna,8,50000,Petrol,Manual,17.01,1600,530000,2006
5019,Maruti,Swift,5,90000,Petrol,Manual,20.4,1200,500000,2005
11157,Jaguar,XF,7,46000,Diesel,Automatic,14.74,3000,2250000,2009
13213,Maruti,Ciaz,7,120000,Diesel,Manual,26.21,1250,580000,2014
5755,Ford,Ecosport,4,65000,Diesel,Manual,21.7,1500,650000,2013
15368,Mahindra,Scorpio,7,110000,Diesel,Manual,12.05,2200,550000,2002
5946,Volkswagen,Vento,10,58733,Diesel,Manual,20.54,1600,385000,2010
11702,Maruti,Wagon R,11,82000,Petrol,Manual,18.9,1000,275000,1999
2725,Hyundai,i10,8,20000,Petrol,Automatic,16.95,1200,375000,2007
2310,Maruti,Eeco,2,46000,"Others (CNG,LPG)",Manual,21.94,1200,475000,2010
14041,Hyundai,Grand,3,13000,Petrol,Manual,18.9,1200,499000,2013
6683,Maruti,Ertiga,3,67000,Diesel,Manual,24.2,1500,890000,2012
1084,Hyundai,Verna,2,4000,Petrol,Automatic,17.0,1600,1250000,2006
12658,Maruti,Alto,7,56641,Petrol,Manual,22.05,800,185000,2000
7935,Maruti,Eeco,1,10000,Petrol,Manual,15.37,1200,368000,2010
6711,Toyota,Fortuner,4,15000,Diesel,Automatic,12.9,2800,3150000,2009
15174,Maruti,Swift,10,22813,Diesel,Manual,22.9,1250,450000,2005
13496,Hyundai,Creta,6,69000,Diesel,Automatic,17.01,1600,900000,2015
13690,Hyundai,Grand,4,44800,Petrol,Manual,18.9,1200,445000,2013
13456,Maruti,Baleno,2,25000,Petrol,Manual,21.01,1200,700000,2015
5645,Honda,Amaze,5,88185,Diesel,Manual,24.7,1500,500000,2013
7286,Hyundai,i10,14,55756,Petrol,Manual,19.81,1100,200000,2007
12813,Hyundai,i10,10,68000,Petrol,Manual,20.36,1200,286000,2007
6276,Maruti,Ciaz,4,60000,Diesel,Manual,26.21,1250,650000,2014
7121,Maruti,Ciaz,4,34000,Petrol,Manual,20.73,1400,795000,2014
3181,Renault,KWID,5,19000,Petrol,Manual,22.3,800,324000,2015
10338,Hyundai,Venue,2,27589,Petrol,Manual,18.27,1000,1040000,2019
8678,Maruti,Alto,10,68203,Petrol,Manual,23.95,1000,210000,2000
12345,Hyundai,i10,7,63000,Petrol,Manual,20.36,1200,295000,2007
7907,Maruti,Swift Dzire,7,56815,Petrol,Manual,19.1,1200,450000,2008
2593,Maruti,Swift,3,24000,Diesel,Automatic,28.4,1250,750000,2005
7643,Ford,Endeavour,14,55200,Diesel,Manual,13.1,2500,485000,2003
5149,Hyundai,i20,3,32000,Petrol,Manual,18.6,1200,650000,2008
7620,Volkswagen,Vento,6,48000,Diesel,Automatic,21.21,1500,559000,2010
12834,Honda,City,4,27000,Petrol,Automatic,18.0,1500,1100000,1998
5427,Maruti,Alto,9,81622,Petrol,Manual,23.95,1000,240000,2000
6381,Maruti,Ciaz,3,9000,Diesel,Manual,26.82,1500,950000,2014
15238,Hyundai,Verna,3,60000,Diesel,Automatic,22.0,1600,1100000,2006
4913,Maruti,Alto,6,105610,Petrol,Manual,22.74,800,250000,2000
15055,Mahindra,Scorpio,4,105679,Diesel,Manual,15.4,2500,900000,2002
14628,Maruti,Swift,7,53800,Diesel,Manual,25.2,1250,585000,2005
1808,Tata,Safari,8,120000,Diesel,Manual,14.0,2200,600000,1998
5784,Honda,Jazz,5,13001,Petrol,Manual,18.7,1200,650000,2009
10793,Renault,Duster,8,57000,Diesel,Manual,20.45,1500,425000,2012
8376,Maruti,Swift,3,13600,Petrol,Manual,22.0,1200,565000,2005
15288,Mercedes-Benz,E-Class,10,50000,Diesel,Automatic,14.21,2100,1450000,1996
7229,Maruti,Alto,11,29000,Petrol,Manual,19.7,800,150000,2000
2190,Toyota,Fortuner,4,60000,Diesel,Manual,14.24,2800,2400000,2009
14999,Mercedes-Benz,E-Class,6,57000,Diesel,Automatic,13.0,2100,2850000,1996
4567,Maruti,Wagon R,6,60000,Petrol,Automatic,20.51,1000,300000,1999
11738,Maruti,Baleno,3,36790,Petrol,Manual,21.4,1200,660000,2015
6584,Hyundai,i10,14,78000,Petrol,Manual,20.36,1200,225000,2007
8424,Honda,City,3,28000,Diesel,Manual,26.0,1500,899000,1998
3656,Volkswagen,Polo,8,55322,Petrol,Manual,16.47,1200,421000,2010
12968,Hyundai,i10,8,72000,Petrol,Manual,19.81,1100,265000,2007
10640,Maruti,Ciaz,3,19850,Diesel,Manual,28.09,1250,799000,2014
10471,Honda,Amaze,2,8000,Petrol,Automatic,18.1,1200,840000,2013
10737,Hyundai,Grand,6,35000,Petrol,Manual,18.9,1200,390000,2013
8305,Hyundai,Grand,3,58072,Diesel,Manual,24.0,1200,490000,2013
2648,Honda,WR-V,4,58000,Diesel,Manual,25.5,1500,885000,2017
1482,Mahindra,Bolero,6,42135,Diesel,Manual,21.0,1500,561000,2000
887,Hyundai,Creta,4,46000,Petrol,Automatic,13.0,1600,1095000,2015
11824,Hyundai,Grand,5,19000,Petrol,Manual,18.9,1200,535000,2013
8751,Maruti,Swift,5,90000,Diesel,Manual,25.2,1250,450000,2005
1435,Hyundai,i10,11,35000,Petrol,Manual,20.36,1200,190000,2007
1353,Maruti,Swift Dzire,4,50000,Diesel,Manual,28.4,1250,680000,2008
10688,Hyundai,Grand,2,17000,Petrol,Manual,18.9,1200,490000,2013
377,Maruti,Baleno,4,20000,Petrol,Manual,21.4,1200,550000,2015
11009,Toyota,Innova,4,50000,Diesel,Automatic,11.36,2800,1600000,2005
7883,Mahindra,XUV500,3,40000,Diesel,Automatic,16.0,2200,1400000,2011
13387,Maruti,Ciaz,7,48000,Petrol,Manual,20.73,1400,545000,2014
8422,Renault,KWID,2,4269,Petrol,Automatic,24.04,1000,415000,2015
3136,Maruti,Swift Dzire,7,70000,Petrol,Manual,19.1,1200,425000,2008
5541,Maruti,Baleno,3,21340,Petrol,Manual,21.1,1000,600000,2015
4425,Maruti,Alto,3,18404,Petrol,Manual,24.7,800,329000,2000
1704,Maruti,Wagon R,7,43000,Petrol,Manual,20.51,1000,380000,1999
11816,Hyundai,Verna,2,9100,Diesel,Manual,22.0,1600,1325000,2006
8028,Mahindra,Scorpio,7,47000,Diesel,Manual,12.05,2200,670000,2002
4963,Hyundai,Grand,5,30000,Petrol,Manual,18.9,1200,550000,2013
9521,Maruti,Ignis,4,30000,Petrol,Manual,20.89,1200,465000,2017
2412,Maruti,Alto,4,5914,Petrol,Manual,23.95,1000,345000,2000
806,Maruti,Swift Dzire,7,78916,Diesel,Manual,23.4,1250,300000,2008
6806,Maruti,Alto,4,66000,Petrol,Manual,23.95,1000,320000,2000
8860,Mahindra,Bolero,7,225000,Diesel,Manual,15.96,2500,380000,2000
1125,Hyundai,Santro,2,10000,Petrol,Manual,20.3,1100,500000,1998
8977,Hyundai,i20,10,62540,Petrol,Manual,18.5,1200,270000,2008
391,Maruti,Swift Dzire,3,31500,Diesel,Automatic,28.4,1250,740000,2008
1289,Hyundai,i20,6,70000,Diesel,Manual,22.54,1400,590000,2008
477,Honda,Amaze,6,70000,Diesel,Manual,25.8,1500,350000,2013
13175,Audi,A4,8,45000,Diesel,Automatic,17.11,2000,1725000,2008
10138,Toyota,Innova,4,70000,Diesel,Manual,13.68,2400,1450000,2005
5178,Maruti,Ciaz,5,80000,Diesel,Manual,28.09,1250,650000,2014
2552,BMW,5,10,60000,Diesel,Automatic,18.48,2000,1199000,2007
7143,Ford,Freestyle,3,30000,Petrol,Manual,19.0,1200,630000,2018
9524,Mercedes-Benz,E-Class,10,83000,Petrol,Automatic,12.0,2000,1070000,1996
9615,Honda,Jazz,3,45178,Petrol,Manual,18.7,1200,650000,2009
6783,Maruti,Swift,6,61425,Diesel,Manual,28.4,1250,410000,2005
7691,Honda,Amaze,2,10000,Petrol,Automatic,19.0,1200,675000,2013
2775,Volkswagen,Vento,9,62000,Petrol,Manual,16.09,1600,370000,2010
10285,Hyundai,i10,8,68000,Petrol,Manual,20.36,1200,270000,2007
1774,Maruti,Swift,6,107000,Diesel,Manual,25.2,1250,600000,2005
12211,Hyundai,Grand,6,38000,Petrol,Manual,18.9,1200,459000,2013
8967,Maruti,Ertiga,4,60000,Diesel,Manual,24.52,1250,800000,2012
11477,Toyota,Fortuner,9,102000,Diesel,Manual,12.55,3000,880000,2009
3915,BMW,X1,2,40000,Diesel,Automatic,19.62,2000,3450000,2010
12891,Ford,Figo,8,87000,Diesel,Manual,20.0,1400,415000,2010
11836,Volkswagen,Polo,6,81544,Petrol,Automatic,17.21,1200,685000,2010
5014,Hyundai,Grand,8,65000,Diesel,Manual,24.0,1100,348000,2013
13220,Audi,A6,10,110000,Diesel,Automatic,17.68,2000,1100000,2005
2235,Mahindra,Bolero,9,100000,Diesel,Manual,15.96,2500,550000,2000
10426,Honda,City,13,68000,Petrol,Manual,17.0,1500,240000,1998
9099,Maruti,Swift Dzire,9,61000,Diesel,Manual,23.4,1250,380000,2008
11079,Hyundai,Grand,4,30000,Petrol,Manual,18.9,1200,485000,2013
13688,Honda,City,13,62000,Petrol,Manual,17.7,1500,200000,1998
12248,Maruti,Vitara,1,8600,Diesel,Manual,24.3,1250,1008000,2016
15150,Maruti,Eeco,4,55000,Petrol,Manual,15.37,1200,345000,2010
5065,Ford,Ecosport,4,39000,Diesel,Manual,22.77,1500,835000,2013
2784,Mahindra,Bolero,2,23000,Diesel,Manual,15.96,2500,800000,2000
3318,Hyundai,Verna,10,138886,Diesel,Manual,16.8,1500,450000,2006
1370,Maruti,Ciaz,5,35000,Diesel,Manual,28.09,1250,610000,2014
4846,Maruti,Swift Dzire,5,50000,Diesel,Manual,26.59,1250,600000,2008
15008,Renault,KWID,5,23500,Petrol,Manual,25.17,800,375000,2015
9516,Maruti,Baleno,3,23000,Petrol,Manual,21.01,1200,600000,2015
9550,Maruti,Swift,3,16000,Petrol,Manual,22.0,1200,525000,2005
7414,Maruti,Ertiga,4,25000,Petrol,Manual,17.5,1400,630000,2012
6139,Hyundai,i20,7,35000,Petrol,Manual,18.6,1200,550000,2008
9901,Maruti,Eeco,2,28500,"Others (CNG,LPG)",Manual,21.94,1200,410000,2010
13991,Skoda,Octavia,4,38981,Petrol,Automatic,15.1,1800,1780000,2001
14435,Mercedes-Benz,GL-Class,8,51000,Diesel,Automatic,12.0,3000,3100000,2010
8243,Mahindra,KUV,4,40000,Petrol,Manual,18.15,1200,500000,2016
3690,Renault,KWID,2,27000,Petrol,Automatic,24.04,1000,460000,2015
3142,Skoda,Octavia,7,80000,Diesel,Automatic,19.3,2000,1125000,2001
11088,Renault,Duster,8,50000,Diesel,Manual,19.01,1500,450000,2012
4221,Toyota,Innova,9,63000,Diesel,Manual,12.99,2500,1035000,2005
10506,BMW,3,10,56000,Diesel,Automatic,16.07,2000,690000,2007
5549,Hyundai,i20,5,38900,Petrol,Manual,18.6,1200,580000,2008
7794,Honda,WR-V,4,22000,Diesel,Manual,25.5,1500,890000,2017
12488,Hyundai,Verna,5,50000,Diesel,Manual,23.9,1600,750000,2006
4791,Hyundai,Grand,4,19000,Petrol,Manual,18.9,1200,560000,2013
3931,Audi,A6,10,85000,Diesel,Automatic,17.68,2000,1550000,2005
13593,Mahindra,Marazzo,2,5000,Diesel,Manual,17.3,1500,980000,2018
951,Maruti,Alto,7,50080,Petrol,Manual,22.74,800,225000,2000
12696,Maruti,Wagon R,5,53000,"Others (CNG,LPG)",Manual,33.54,1000,380000,1999
5951,Volkswagen,Polo,5,65067,Petrol,Automatic,17.21,1200,723000,2010
9259,Mahindra,XUV500,4,18000,Diesel,Automatic,16.0,2000,1175000,2011
9545,Mercedes-Benz,GL-Class,3,15000,Petrol,Automatic,11.5,3000,6000000,2010
11051,Maruti,Swift Dzire,6,150000,Diesel,Manual,26.59,1250,330000,2008
12721,Skoda,Superb,9,80000,Petrol,Manual,13.14,1800,395000,2004
10050,Maruti,Wagon R,2,22000,Petrol,Manual,21.5,1200,490000,1999
15163,Hyundai,i20,5,35000,Petrol,Manual,18.6,1200,580000,2008
7760,Maruti,Ignis,2,25000,Petrol,Manual,20.89,1200,510000,2017
10884,Maruti,Ertiga,5,45700,Diesel,Manual,24.52,1250,650000,2012
991,Renault,Duster,7,61251,Diesel,Manual,20.45,1500,430000,2012
4539,Maruti,Vitara,4,91062,Diesel,Manual,24.3,1250,900000,2016
455,Hyundai,i20,6,35000,Petrol,Manual,18.6,1200,470000,2008
10239,Mercedes-Benz,C-Class,6,26000,Diesel,Automatic,19.27,2100,1450000,2001
1855,Hyundai,Verna,8,51000,Diesel,Manual,22.32,1600,625000,2006
2385,Mercedes-Benz,E-Class,8,63513,Petrol,Manual,12.3,1800,1125000,1996
12661,Maruti,Swift Dzire,4,30000,Diesel,Manual,28.4,1250,650000,2008
4359,Honda,Amaze,8,76000,Diesel,Manual,25.8,1500,350000,2013
272,Ford,Endeavour,10,30000,Diesel,Automatic,11.4,3000,950000,2003
10392,Hyundai,Verna,5,23251,Petrol,Manual,17.01,1600,700000,2006
666,Maruti,Baleno,5,33000,Diesel,Manual,27.39,1250,510000,2015
8975,Maruti,Wagon R,14,53000,Petrol,Manual,21.79,1000,175000,1999
11601,Maruti,Ertiga,8,90000,Diesel,Manual,20.77,1250,600000,2012
7711,Mahindra,Scorpio,7,120000,Diesel,Manual,12.05,2200,492000,2002
4173,Maruti,Swift,3,110000,Diesel,Manual,28.4,1250,600000,2005
4960,Maruti,Baleno,1,30000,Petrol,Automatic,19.56,1200,890000,2015
7588,Hyundai,Verna,8,136700,Diesel,Automatic,22.32,1600,350000,2006
4959,Hyundai,Creta,3,70000,Diesel,Manual,22.1,1400,998000,2015
11056,Maruti,Wagon R,6,128000,"Others (CNG,LPG)",Manual,26.6,1000,283000,1999
13764,Ford,Ecosport,3,25000,Diesel,Manual,23.0,1500,950000,2013
208,Hyundai,Grand,6,36000,Petrol,Manual,18.9,1200,400000,2013
10022,Toyota,Innova,4,54000,Diesel,Manual,13.68,2400,1450000,2005
1909,Maruti,Baleno,5,49551,Petrol,Manual,21.4,1200,620000,2015
3360,Maruti,Swift Dzire,6,79159,Diesel,Manual,26.59,1250,675000,2008
9562,Mahindra,XUV500,7,58232,Diesel,Manual,15.1,2200,625000,2011
3294,Maruti,Vitara,2,21000,Diesel,Automatic,24.3,1250,1111000,2016
4333,Maruti,Ertiga,4,51000,Diesel,Manual,25.47,1250,835000,2012
1145,Mahindra,Scorpio,3,48976,Diesel,Manual,15.4,2500,1011000,2002
15027,Hyundai,i20,10,42000,Petrol,Automatic,15.0,1400,485000,2008
11019,Toyota,Innova,3,46000,Diesel,Manual,13.68,2400,1740000,2005
13735,Mahindra,XUV500,7,120000,Diesel,Manual,15.1,2200,560000,2011
10403,BMW,X5,2,10000,Diesel,Automatic,13.38,3000,8100000,2007
4099,Maruti,Swift Dzire,3,42048,Diesel,Manual,28.4,1250,747000,2008
10746,Mahindra,XUV500,7,120000,Diesel,Manual,15.1,2200,600000,2011
9932,Hyundai,Grand,3,22000,Petrol,Manual,18.9,1200,475000,2013
9046,Maruti,Wagon R,11,45154,"Others (CNG,LPG)",Manual,17.3,1100,240000,1999
5318,Maruti,Swift,3,25000,Diesel,Manual,28.4,1250,790000,2005
12004,Mahindra,XUV500,5,38988,Diesel,Manual,16.0,2200,1199000,2011
4786,Datsun,RediGO,4,45138,Petrol,Manual,22.5,1000,322000,2016
1814,Honda,City,7,63000,Petrol,Manual,17.0,1500,275000,1998
14455,Maruti,Swift Dzire,7,57028,Petrol,Manual,21.21,1200,460000,2008
6238,Ford,Figo,6,35000,Petrol,Manual,15.6,1200,350000,2010
4564,Audi,A4,7,52100,Diesel,Automatic,16.55,2000,1650000,2008
2132,Maruti,Wagon R,7,87500,"Others (CNG,LPG)",Manual,26.2,1000,340000,1999
13951,Hyundai,Creta,5,22000,Petrol,Automatic,13.0,1600,1075000,2015
11061,Maruti,Swift Dzire,7,62000,Petrol,Manual,19.1,1200,425000,2008
3335,Maruti,Swift Dzire,3,26750,Diesel,Manual,28.4,1250,911000,2008
5881,Hyundai,i10,11,74000,Petrol,Manual,20.36,1200,255000,2007
921,Volkswagen,Polo,10,63000,Petrol,Manual,16.47,1200,245000,2010
6310,Toyota,Innova,8,120000,Diesel,Manual,12.99,2500,1000000,2005
14475,Hyundai,Grand,7,65000,Petrol,Automatic,18.9,1200,485000,2013
5454,Skoda,Rapid,6,82000,Diesel,Manual,21.14,1500,530000,2011
6940,Maruti,Alto,4,15554,Petrol,Manual,22.05,800,310000,2000
6762,Datsun,GO,6,73000,Petrol,Manual,20.63,1200,350000,2014
12412,Maruti,Swift,4,40000,Petrol,Manual,21.21,1200,540000,2005
5135,Honda,WR-V,3,22000,Petrol,Manual,17.5,1200,750000,2017
6118,Maruti,Vitara,4,32940,Diesel,Manual,24.3,1250,875000,2016
13383,Maruti,Swift Dzire,4,80000,Diesel,Manual,28.4,1250,650000,2008
6068,Ford,Ecosport,4,140000,Diesel,Manual,23.0,1500,800000,2013
1232,BMW,5,3,22000,Diesel,Automatic,22.48,2000,4400000,2007
9824,Maruti,Swift Dzire,6,57000,Petrol,Manual,21.21,1200,460000,2008
4413,Maruti,Swift Dzire,3,37000,Diesel,Manual,28.4,1250,811000,2008
13482,BMW,X5,3,15000,Diesel,Automatic,15.3,3000,6350000,2007
2050,Maruti,Wagon R,10,120000,"Others (CNG,LPG)",Manual,26.2,1000,200000,1999
9706,Hyundai,Creta,5,58500,Diesel,Manual,19.67,1600,770000,2015
4091,Mahindra,Bolero,9,150000,Diesel,Manual,15.96,2500,500000,2000
11069,Hyundai,i20,7,54159,Petrol,Manual,18.5,1200,410000,2008
1782,Maruti,Wagon R,4,17745,Petrol,Manual,20.51,1000,500000,1999
13790,Ford,Ecosport,5,47935,Petrol,Automatic,14.7,1500,865000,2013
13845,Volkswagen,Polo,3,52000,Diesel,Manual,20.14,1500,775000,2010
2750,Maruti,Wagon R,8,55853,"Others (CNG,LPG)",Manual,33.54,1000,349000,1999
3736,Hyundai,Verna,8,97000,Petrol,Manual,17.01,1600,510000,2006
11269,Hyundai,Creta,6,58000,Diesel,Automatic,17.01,1600,850000,2015
12227,Audi,A4,10,64690,Diesel,Automatic,16.55,2000,890000,2008
1237,Tata,Hexa,3,57000,Diesel,Manual,17.6,2200,1025000,2017
14923,Honda,City,5,49590,Petrol,Manual,17.8,1500,725000,1998
2821,Maruti,Swift Dzire,6,45000,Diesel,Manual,19.3,1250,615000,2008
6170,Tata,Safari,9,67000,Diesel,Manual,11.57,2200,400000,1998
1552,Maruti,Ertiga,8,68500,"Others (CNG,LPG)",Manual,22.8,1400,585000,2012
4112,Maruti,Wagon R,5,50000,Petrol,Automatic,20.51,1000,495000,1999
9727,Maruti,Ciaz,5,28014,Petrol,Manual,20.73,1400,603000,2014
9950,Ford,Figo,10,57349,Diesel,Manual,20.0,1400,185000,2010
1712,Skoda,Rapid,7,69000,Petrol,Automatic,14.3,1600,450000,2011
13568,Hyundai,i20,6,63239,Diesel,Manual,22.54,1400,650000,2008
6798,Toyota,Innova,5,80000,Diesel,Manual,12.99,2500,1000000,2005
14542,Datsun,GO,6,110000,Petrol,Manual,19.44,1200,280000,2014
8524,Hyundai,Verna,4,11800,Petrol,Manual,17.43,1400,700000,2006
3435,Maruti,Wagon R,7,40000,Petrol,Manual,20.51,1000,400000,1999
4064,Maruti,Ertiga,8,138000,Diesel,Manual,25.47,1250,690000,2012
4680,Hyundai,i20,6,64000,Diesel,Manual,22.54,1400,660000,2008
12929,Honda,City,4,25000,Petrol,Automatic,18.0,1500,1050000,1998
1392,Tata,Tigor,4,35000,Petrol,Manual,20.3,1200,570000,2017
9992,Renault,Duster,8,70931,Diesel,Manual,19.01,1500,425000,2012
1264,Mahindra,XUV500,5,120000,Diesel,Automatic,16.0,2200,1400000,2011
7671,Toyota,Innova,11,150000,Diesel,Manual,12.8,2500,880000,2005
7327,Honda,City,7,30000,Petrol,Manual,17.4,1500,625000,1998
6507,Maruti,Wagon R,5,63200,Petrol,Manual,20.51,1000,375000,1999
5194,Honda,Amaze,6,61000,Diesel,Manual,25.8,1500,515000,2013
12528,Ford,Figo,9,48507,Petrol,Manual,15.6,1200,270000,2010
5792,Hyundai,Santro,2,10000,Petrol,Automatic,20.3,1100,575000,1998
13460,Honda,Jazz,6,80000,Diesel,Manual,27.3,1500,600000,2009
10096,Mercedes-Benz,C-Class,9,60000,Petrol,Automatic,14.74,2000,1250000,2001
8487,Honda,WR-V,4,25000,Petrol,Manual,17.5,1200,650000,2017
13309,Hyundai,i20,6,78000,Diesel,Manual,22.54,1400,650000,2008
14911,Honda,Civic,2,1923,Petrol,Automatic,16.5,1800,2200000,2006
4577,Skoda,Superb,9,100000,Petrol,Manual,13.14,1800,500000,2004
6559,Hyundai,i10,12,52473,Petrol,Manual,20.36,1200,338000,2007
1493,Honda,Amaze,7,27233,Diesel,Manual,27.4,1500,465000,2013
5422,Honda,City,4,47000,Diesel,Manual,25.6,1500,1000000,1998
15396,Datsun,GO,7,40000,Petrol,Manual,20.63,1200,225000,2014
13374,Maruti,Alto,10,22900,Petrol,Manual,20.92,1000,215000,2000
10258,Hyundai,i20,11,68523,Petrol,Manual,17.0,1200,245000,2008
9841,Maruti,Ertiga,9,70000,Petrol,Manual,16.02,1400,425000,2012
933,Maruti,Alto,8,47000,Petrol,Manual,20.92,1000,280000,2000
12540,Hyundai,i20,9,94000,Diesel,Manual,23.0,1400,390000,2008
15065,Skoda,Rapid,6,49000,Diesel,Manual,21.14,1500,550000,2011
6597,Maruti,Celerio,5,20675,Petrol,Manual,23.1,1000,470000,2014
2045,Maruti,Vitara,5,100000,Diesel,Manual,24.3,1250,800000,2016
9573,Volkswagen,Polo,6,75000,Petrol,Automatic,17.21,1200,525000,2010
14919,Skoda,Rapid,7,72000,Diesel,Manual,20.5,1600,485000,2011
1562,Maruti,Swift,8,27000,Diesel,Manual,22.9,1250,450000,2005
15005,Maruti,Eeco,3,36000,"Others (CNG,LPG)",Manual,15.1,1200,435000,2010
8112,Maruti,Ciaz,5,50000,Diesel,Manual,28.09,1250,695000,2014
6048,Volkswagen,Vento,7,80000,Petrol,Manual,15.04,1600,470000,2010
9509,Maruti,Swift Dzire,5,64000,Petrol,Manual,22.0,1200,450000,2008
5027,Renault,KWID,3,7300,Petrol,Manual,25.17,800,330000,2015
2153,BMW,5,11,21000,Petrol,Automatic,10.8,2500,1399000,2007
13467,Datsun,RediGO,3,10400,Petrol,Manual,22.5,1000,300000,2016
8039,Honda,Jazz,6,31000,Petrol,Manual,18.7,1200,450000,2009
9795,Honda,Amaze,7,45892,Diesel,Manual,25.8,1500,369000,2013
9739,Maruti,Swift,11,68000,Petrol,Manual,22.0,1200,245000,2005
175,Hyundai,i20,5,50000,Diesel,Manual,21.19,1400,700000,2008
5990,Honda,Amaze,2,10250,Petrol,Manual,19.5,1200,680000,2013
336,Tata,Tigor,3,40000,Petrol,Manual,20.3,1200,470000,2017
50,Maruti,Swift Dzire,4,70000,Diesel,Manual,26.59,1250,560000,2008
7964,Maruti,Alto,5,36172,Petrol,Manual,24.7,800,270000,2000
15193,Honda,City,6,67897,Diesel,Manual,26.0,1500,635000,1998
6069,Hyundai,Creta,4,52300,Diesel,Automatic,17.01,1600,1325000,2015
13552,Maruti,Ertiga,8,56600,Petrol,Manual,16.02,1400,475000,2012
8062,Toyota,Fortuner,9,123105,Diesel,Automatic,11.5,3000,1250000,2009
12034,Hyundai,i20,4,9653,Petrol,Manual,18.6,1200,560000,2008
12263,Hyundai,Grand,6,30000,Petrol,Manual,18.9,1200,495000,2013
5160,BMW,5,4,5200,Diesel,Automatic,22.48,2000,5350000,2007
153,Mahindra,Scorpio,9,170000,Diesel,Manual,12.05,2200,550000,2002
4009,Maruti,Ciaz,3,14774,Petrol,Manual,21.56,1500,840000,2014
8512,Hyundai,Creta,5,70000,Diesel,Manual,21.38,1400,900000,2015
8958,Mahindra,Thar,6,58376,Diesel,Manual,16.55,2500,700000,2010
10049,Skoda,Superb,12,70000,Petrol,Automatic,13.7,1800,396000,2004
14005,Volkswagen,Vento,6,72504,Diesel,Automatic,21.21,1500,625000,2010
12985,Hyundai,i20,8,70000,Petrol,Manual,18.5,1200,330000,2008
6403,Renault,KWID,3,40000,Petrol,Automatic,24.04,1000,350000,2015
14343,Hyundai,Verna,8,80000,Petrol,Manual,17.01,1600,375000,2006
12028,Skoda,Superb,11,72000,Petrol,Automatic,9.3,2800,385000,2004
7829,Renault,KWID,5,20000,Petrol,Manual,25.17,800,300000,2015
2203,Maruti,Celerio,7,91000,"Others (CNG,LPG)",Manual,31.79,1000,310000,2014
3905,Hyundai,Creta,2,31700,Diesel,Manual,19.67,1600,1350000,2015
1864,Mercedes-Benz,C-Class,8,71000,Diesel,Automatic,19.27,2100,1185000,2001
13214,Hyundai,Grand,6,50215,Petrol,Manual,18.9,1200,450000,2013
13244,Hyundai,i20,6,80131,Diesel,Manual,22.54,1400,625000,2008
13080,Mahindra,KUV100,3,40000,Diesel,Manual,25.32,1200,680000,2016
6927,Honda,Amaze,5,44340,Diesel,Manual,25.8,1500,715000,2013
8915,Renault,KWID,5,10000,Petrol,Manual,25.17,800,220000,2015
10474,Honda,City,12,56000,Petrol,Manual,17.0,1500,260000,1998
4672,Ford,Figo,8,120000,Diesel,Manual,20.0,1400,250000,2010
7411,Mahindra,Bolero,9,68000,Diesel,Manual,15.96,2500,400000,2000
2904,Maruti,Ignis,4,44827,Petrol,Manual,20.89,1200,495000,2017
14729,Maruti,Baleno,3,15000,Petrol,Automatic,21.4,1200,775000,2015
5217,Mahindra,Bolero,5,150000,Diesel,Manual,15.96,2500,500000,2000
11993,Maruti,Ertiga,8,74000,Diesel,Manual,20.77,1250,730000,2012
2865,Maruti,Ertiga,5,72000,Diesel,Manual,24.52,1250,840000,2012
10062,Hyundai,i20,7,49000,Diesel,Manual,22.54,1400,525000,2008
2365,Maruti,Swift,4,58832,Diesel,Manual,25.2,1250,675000,2005
13281,Maruti,Ciaz,6,49000,Petrol,Manual,20.73,1400,635000,2014
15176,Mahindra,XUV500,4,25000,Diesel,Manual,16.0,2200,1500000,2011
575,Maruti,Swift Dzire,6,66000,Petrol,Manual,20.85,1200,400000,2008
4756,Hyundai,Grand,6,80000,Diesel,Manual,24.0,1100,520000,2013
6643,Maruti,Swift Dzire,8,60000,Diesel,Manual,23.4,1250,490000,2008
14738,Maruti,Wagon R,7,70000,Petrol,Manual,20.51,1000,325000,1999
15327,Renault,KWID,3,30000,Petrol,Manual,23.01,1000,410000,2015
7786,Maruti,Wagon R,5,40000,Petrol,Manual,20.51,1000,300000,1999
14512,Maruti,Celerio,6,110000,Petrol,Manual,23.1,1000,240000,2014
4793,Maruti,Swift,3,50000,Diesel,Automatic,28.4,1250,793000,2005
8348,Hyundai,i10,8,47000,Petrol,Manual,20.36,1200,250000,2007
7236,Hyundai,i20,6,25000,Diesel,Manual,22.54,1400,525000,2008
1606,Jeep,Compass,3,17500,Petrol,Manual,16.0,1400,1335000,2017
9626,Maruti,Swift Dzire,4,26000,Petrol,Automatic,18.5,1200,645000,2008
8298,Maruti,Swift Dzire,11,100000,Diesel,Manual,19.3,1250,200000,2008
3708,Renault,KWID,6,60000,Petrol,Manual,23.01,1000,315000,2015
1636,Maruti,Wagon R,6,56000,Petrol,Manual,20.51,1000,395000,1999
1729,Mahindra,KUV,5,41256,Diesel,Manual,25.32,1200,449000,2016
6907,Maruti,Ciaz,5,42564,Diesel,Manual,28.09,1250,485000,2014
7093,Hyundai,Grand,3,7245,Petrol,Manual,18.9,1200,425000,2013
1365,Tata,Tiago,3,36500,Petrol,Manual,23.84,1200,420000,2016
7680,Hyundai,i20,8,70175,Diesel,Manual,21.27,1400,395000,2008
2346,Maruti,Eeco,7,46311,"Others (CNG,LPG)",Manual,21.94,1200,349000,2010
7473,Datsun,GO,5,50000,Petrol,Manual,19.02,1200,310000,2014
251,Mahindra,KUV,5,70000,Diesel,Manual,25.32,1200,310000,2016
12447,Hyundai,Verna,10,81000,Petrol,Manual,17.1,1600,336000,2006
13519,Maruti,Swift,6,52000,Petrol,Manual,21.21,1200,448000,2005
11219,Honda,City,3,41000,Petrol,Manual,17.0,1500,845000,1998
10440,Hyundai,i20,5,51000,Petrol,Manual,18.6,1200,550000,2008
837,Maruti,Baleno,15,43000,Petrol,Manual,15.4,1600,120000,2015
11848,Maruti,Wagon R,5,65000,Petrol,Manual,18.9,1000,390000,1999
5201,Honda,Amaze,3,25000,Petrol,Manual,17.8,1200,650000,2013
14169,Toyota,Innova,6,160000,Diesel,Manual,12.99,2500,1400000,2005
9750,Volkswagen,Polo,5,45000,Petrol,Manual,16.2,1200,450000,2010
9766,Skoda,Rapid,8,42000,Petrol,Manual,15.0,1600,325000,2011
12857,Audi,A6,5,35000,Diesel,Automatic,17.68,2000,3125000,2005
12441,Toyota,Innova,9,121000,Diesel,Manual,12.99,2500,1250000,2005
7737,Volkswagen,Polo,7,37151,Diesel,Manual,20.14,1500,375000,2010
14086,Maruti,Baleno,3,50000,Diesel,Manual,27.39,1250,760000,2015
14688,Maruti,Celerio,6,52000,Petrol,Automatic,23.1,1000,450000,2014
9275,Maruti,Ciaz,5,43000,Diesel,Manual,26.21,1250,599000,2014
11164,Maruti,Vitara,3,15000,Diesel,Automatic,24.3,1250,1000000,2016
7323,Ford,Ecosport,6,720000,Diesel,Manual,22.7,1500,675000,2013
14639,Maruti,Alto,15,110000,Petrol,Manual,19.7,800,125000,2000
235,Maruti,Wagon R,7,21717,Petrol,Manual,20.51,1000,340000,1999
11788,Maruti,Swift,6,21000,Petrol,Manual,21.21,1200,499000,2005
11246,Maruti,Swift Dzire,4,82000,Petrol,Manual,20.85,1200,390000,2008
4888,Audi,A6,5,16000,Diesel,Automatic,17.68,2000,3300000,2005
9433,Hyundai,i20,4,32000,Petrol,Manual,18.6,1200,600000,2008
7204,Honda,City,6,66983,Petrol,Manual,17.4,1500,550000,1998
13497,Maruti,Ciaz,3,20360,Petrol,Automatic,20.28,1500,875000,2014
15403,Renault,KWID,2,2700,Petrol,Manual,25.17,800,395000,2015
14746,Hyundai,i10,11,68000,Petrol,Automatic,16.95,1200,325000,2007
6530,BMW,X1,4,60000,Diesel,Automatic,20.68,2000,2700000,2010
7098,Toyota,Innova,11,77000,Diesel,Manual,12.8,2500,520000,2005
6200,Ford,Ecosport,7,89755,Diesel,Manual,22.7,1500,711000,2013
266,Hyundai,Verna,5,55000,Petrol,Manual,17.01,1600,650000,2006
4417,Maruti,Ciaz,5,115852,Diesel,Manual,28.09,1250,655000,2014
2538,Honda,City,13,165000,Petrol,Manual,16.8,1500,300000,1998
12853,Maruti,Baleno,3,38000,Petrol,Manual,21.4,1200,515000,2015
1024,Maruti,Wagon R,9,16000,Petrol,Manual,18.9,1000,400000,1999
7628,Maruti,Swift,7,56085,Diesel,Manual,25.2,1250,350000,2005
3782,Hyundai,Grand,6,15000,Petrol,Automatic,18.9,1200,525000,2013
12947,Maruti,Swift,3,50000,Diesel,Manual,28.4,1250,700000,2005
14062,Maruti,Swift Dzire,7,110000,Petrol,Manual,19.0,1200,191000,2008
7533,Ford,Figo,8,57617,Diesel,Manual,20.0,1400,200000,2010
7161,Maruti,Ertiga,9,90000,Diesel,Manual,20.77,1250,450000,2012
13938,Hyundai,i20,4,120000,Diesel,Manual,22.54,1400,650000,2008
6483,Honda,Civic,10,60000,Petrol,Automatic,13.9,1800,380000,2006
5654,Maruti,Vitara,3,47000,Diesel,Automatic,24.3,1250,990000,2016
14035,Volkswagen,Vento,9,63000,Diesel,Manual,20.54,1600,375000,2010
12954,Maruti,Ertiga,5,110000,Diesel,Manual,24.52,1250,850000,2012
2780,Mercedes-Benz,C-Class,8,77000,Diesel,Automatic,19.27,2100,1050000,2001
1883,Volkswagen,Polo,3,22000,Petrol,Automatic,17.21,1200,760000,2010
5628,Toyota,Innova,5,78000,Diesel,Automatic,13.68,2400,1700000,2005
4546,Mahindra,KUV,5,70000,Diesel,Manual,25.32,1200,350000,2016
10088,Maruti,Alto,8,70000,Petrol,Manual,22.74,800,157000,2000
6361,Maruti,Alto,6,55000,Petrol,Manual,23.95,1000,325000,2000
1981,Mahindra,XUV500,6,72000,Diesel,Manual,15.1,2200,880000,2011
5818,Maruti,Wagon R,13,120000,"Others (CNG,LPG)",Manual,17.3,1100,140000,1999
11319,Hyundai,Grand,2,27000,Petrol,Automatic,18.9,1200,550000,2013
3084,Hyundai,Creta,4,24900,Petrol,Automatic,13.0,1600,1085000,2015
15310,Maruti,Vitara,5,75510,Diesel,Manual,24.3,1250,825000,2016
8896,Tata,Safari,11,120000,Diesel,Manual,11.57,2200,200000,1998
9791,Mahindra,Scorpio,5,55000,Diesel,Manual,15.4,2200,975000,2002
7668,Renault,KWID,4,24000,Petrol,Manual,23.01,1000,330000,2015
5182,Maruti,Alto,16,50000,Petrol,Manual,19.7,800,70000,2000
5209,Maruti,Swift Dzire,13,100000,Diesel,Manual,19.3,1250,225000,2008
7354,Toyota,Innova,4,71000,Diesel,Manual,13.68,2400,1575000,2005
8812,Hyundai,Grand,7,32000,Petrol,Manual,18.9,1200,393000,2013
10432,BMW,5,3,63000,Diesel,Automatic,22.48,2000,3700000,2007
8435,Toyota,Innova,4,40000,Diesel,Manual,13.68,2400,2000000,2005
7767,Maruti,Wagon R,8,70000,"Others (CNG,LPG)",Manual,26.6,1000,270000,1999
1142,Mahindra,XUV500,8,63000,Diesel,Manual,15.1,2200,580000,2011
7723,Hyundai,Verna,2,15000,Petrol,Manual,17.0,1600,1100000,2006
2932,Hyundai,Verna,2,30000,Diesel,Manual,24.0,1400,995000,2006
6322,Maruti,Swift,12,72546,Petrol,Manual,16.1,1300,295000,2005
10458,Mercedes-Benz,E-Class,6,60000,Diesel,Automatic,14.21,2100,2050000,1996
5937,Mercedes-Benz,C-Class,9,72000,Diesel,Automatic,14.84,2100,1400000,2001
9435,Toyota,Innova,5,50000,Diesel,Manual,13.68,2400,1375000,2005
4453,Maruti,Vitara,5,60000,Diesel,Manual,24.3,1250,615000,2016
5411,Hyundai,i20,11,60000,Petrol,Manual,17.0,1200,345000,2008
9443,Maruti,Ignis,3,30000,Petrol,Manual,20.89,1200,570000,2017
3375,Hyundai,i20,6,35000,Petrol,Manual,18.6,1200,550000,2008
154,Maruti,Swift Dzire,3,15000,Petrol,Manual,22.0,1200,650000,2008
4363,Hyundai,Creta,4,55321,Diesel,Manual,19.67,1600,1275000,2015
2026,Mahindra,KUV,5,42800,Diesel,Manual,25.32,1200,485000,2016
9995,Hyundai,Creta,5,58500,Diesel,Manual,19.67,1600,760000,2015
3336,Hyundai,Santro,13,66403,Petrol,Manual,17.92,1100,185000,1998
7674,Maruti,Alto,8,73000,Petrol,Manual,22.74,800,200000,2000
4504,Hyundai,Grand,2,11000,Petrol,Manual,18.9,1200,625000,2013
92,Maruti,Celerio,3,5000,Petrol,Automatic,23.1,1000,475000,2014
15318,Maruti,Swift,5,45000,Diesel,Manual,17.8,1250,250000,2005
13598,Maruti,Swift,9,110000,Diesel,Manual,22.9,1250,440000,2005
11046,Maruti,Baleno,2,9000,Petrol,Automatic,21.4,1200,650000,2015
110,Mahindra,Scorpio,4,30000,Diesel,Manual,15.4,2000,1125000,2002
5249,Mahindra,KUV100,3,35000,Diesel,Manual,25.32,1200,786000,2016
12542,Honda,City,4,70000,Petrol,Manual,17.4,1500,880000,1998
14172,Maruti,Alto,15,56000,Petrol,Manual,19.7,800,175000,2000
14453,Maruti,Swift Dzire,4,70000,Diesel,Manual,28.4,1250,650000,2008
12901,Mahindra,Scorpio,7,213000,Diesel,Manual,14.0,2500,450000,2002
12410,Audi,Q7,8,33000,Diesel,Automatic,12.07,3000,2900000,2006
6489,Tata,Safari,7,88598,Diesel,Manual,14.0,2200,560000,1998
4445,Hyundai,Santro,11,88290,Petrol,Manual,17.92,1100,262000,1998
11492,Renault,Duster,7,62000,Diesel,Manual,19.01,1500,475000,2012
1,Hyundai,Grand,5,20000,Petrol,Manual,18.9,1200,550000,2013
4446,Toyota,Innova,8,100000,Diesel,Manual,12.99,2500,980000,2005
8120,Mahindra,Scorpio,5,79200,Diesel,Automatic,15.4,2200,1150000,2002
9363,BMW,3,9,60000,Diesel,Automatic,16.07,2000,950000,2007
5093,Mahindra,Thar,4,20000,Diesel,Manual,16.55,2500,870000,2010
9876,Hyundai,Santro,12,63000,Petrol,Manual,17.92,1100,125000,1998
31,Honda,Amaze,5,39993,Petrol,Manual,18.6,1200,465000,2013
7648,Ford,Ecosport,4,47665,Diesel,Manual,22.77,1500,865000,2013
7338,Toyota,Innova,2,15000,Diesel,Manual,13.68,2400,1570000,2005
4900,Honda,City,7,35001,Petrol,Manual,17.4,1500,675000,1998
424,Renault,KWID,3,10103,Petrol,Manual,25.17,800,325000,2015
14937,Maruti,Vitara,3,51000,Diesel,Manual,24.3,1250,799000,2016
11725,Tata,Safari,8,110000,Diesel,Manual,14.0,2200,400000,1998
2250,Skoda,Rapid,4,28000,Petrol,Automatic,14.84,1600,825000,2011
13198,Honda,Jazz,11,56161,Petrol,Manual,16.0,1200,319000,2009
6892,Toyota,Innova,8,151000,Diesel,Manual,12.99,2500,750000,2005
13813,Hyundai,i20,10,50000,Petrol,Manual,18.5,1200,275000,2008
15393,Hyundai,i20,3,10000,Petrol,Manual,18.6,1200,750000,2008
14991,Maruti,Celerio,2,23400,Petrol,Manual,21.63,1000,515000,2014
2977,Maruti,Eeco,5,64850,"Others (CNG,LPG)",Manual,21.94,1200,320000,2010
1199,Hyundai,Creta,4,38425,Diesel,Manual,19.67,1600,960000,2015
14251,Hyundai,i20,9,74508,Diesel,Manual,22.54,1400,435000,2008
1887,Mercedes-Benz,C-Class,11,67900,Diesel,Automatic,14.94,2100,950000,2001
13504,Maruti,Alto,4,45000,"Others (CNG,LPG)",Manual,33.44,800,290000,2000
4766,Mahindra,XUV500,6,70000,Diesel,Manual,15.1,2200,800000,2011
6189,Ford,Aspire,4,34996,Petrol,Manual,19.4,1200,450000,2015
4410,Maruti,Swift Dzire,7,112000,Diesel,Manual,23.4,1250,550000,2008
14369,Honda,City,11,106000,Petrol,Automatic,16.8,1500,385000,1998
2267,Honda,City,6,67584,Petrol,Manual,17.4,1500,651000,1998
13296,Hyundai,Grand,4,20000,Petrol,Manual,18.9,1200,500000,2013
8970,Maruti,Vitara,5,64000,Diesel,Manual,24.3,1250,725000,2016
14565,Maruti,Celerio,4,54202,Petrol,Automatic,23.1,1000,435000,2014
15117,Toyota,Innova,6,56212,Diesel,Manual,12.99,2500,1200000,2005
10156,Mahindra,Scorpio,2,52484,Diesel,Manual,16.36,2200,1500000,2002
12012,Maruti,Ertiga,8,74840,Diesel,Manual,20.77,1250,630000,2012
3996,Maruti,Baleno,3,43875,Petrol,Automatic,21.4,1200,580000,2015
151,Mahindra,Bolero,13,220000,Diesel,Manual,13.6,2500,260000,2000
8761,Honda,City,10,40833,Petrol,Automatic,16.8,1500,375000,1998
8786,Toyota,Innova,7,15000,Diesel,Manual,12.99,2500,925000,2005
5776,Hyundai,i20,5,73251,Diesel,Manual,22.54,1400,595000,2008
6686,Hyundai,Grand,5,50000,Petrol,Manual,18.9,1200,400000,2013
2542,Skoda,Rapid,5,47000,Diesel,Automatic,21.66,1500,700000,2011
2227,Maruti,Wagon R,5,22000,"Others (CNG,LPG)",Manual,26.6,1000,415000,1999
14823,Volkswagen,Vento,8,100000,Diesel,Manual,20.34,1500,399000,2010
5359,Honda,Jazz,5,9999,Diesel,Manual,27.3,1500,800000,2009
7822,Mahindra,Bolero,5,50000,Diesel,Manual,16.5,1500,650000,2000
12295,Maruti,Swift,9,85508,Petrol,Manual,18.6,1200,425000,2005
8268,Datsun,GO,2,30000,Petrol,Automatic,19.59,1200,550000,2014
14286,Maruti,Swift,7,96000,Diesel,Manual,25.2,1250,480000,2005
12047,Hyundai,i10,12,81000,Petrol,Manual,19.81,1100,190000,2007
6111,Hyundai,i20,4,89000,Diesel,Manual,22.54,1400,690000,2008
4376,Maruti,Swift Dzire,4,77000,Diesel,Manual,19.3,1250,700000,2008
3271,Maruti,Swift,2,10000,Petrol,Manual,21.21,1200,600000,2005
1179,Hyundai,i20,2,20000,Petrol,Manual,17.19,1200,700000,2008
14352,Maruti,Baleno,5,70000,Diesel,Manual,27.39,1250,650000,2015
13183,Maruti,Vitara,3,9000,Diesel,Manual,24.3,1250,960000,2016
8058,Hyundai,i10,9,35800,Petrol,Manual,20.36,1200,265000,2007
472,Mahindra,XUV500,8,50000,Diesel,Manual,15.1,2200,621000,2011
8577,Maruti,Swift Dzire,12,51800,Petrol,Manual,17.5,1300,245000,2008
3888,Ford,Ecosport,7,77984,Diesel,Manual,22.7,1500,565000,2013
15341,Toyota,Innova,5,70000,Diesel,Manual,13.68,2400,1640000,2005
13912,Maruti,Celerio,3,15000,Petrol,Manual,23.1,1000,316000,2014
11120,Datsun,GO,3,60000,Petrol,Manual,19.83,1200,375000,2014
5130,Mercedes-Benz,GL-Class,8,120000,Diesel,Automatic,12.0,3000,3575000,2010
2340,Mercedes-Benz,C-Class,4,40000,Diesel,Automatic,19.71,2100,2850000,2001
11313,Ford,Ecosport,7,58000,Diesel,Manual,22.7,1500,450000,2013
10835,Hyundai,i20,3,23000,Petrol,Manual,18.6,1200,695000,2008
7828,Hyundai,i20,4,30000,Petrol,Manual,18.6,1200,635000,2008
8170,Maruti,Baleno,4,70000,Petrol,Manual,21.4,1200,625000,2015
6696,Skoda,Octavia,14,110000,Diesel,Manual,18.7,1900,295000,2001
3917,BMW,X3,7,66000,Diesel,Automatic,16.09,2000,2675000,2007
13399,Honda,City,2,9600,Petrol,Automatic,17.4,1500,1160000,1998
9341,Maruti,Alto,12,35000,Petrol,Manual,19.7,800,100000,2000
10881,Mahindra,XUV500,2,16000,Diesel,Automatic,15.1,2200,1500000,2011
989,Mahindra,Scorpio,13,120000,Diesel,Manual,10.5,2600,300000,2002
10652,Honda,Amaze,8,64000,Diesel,Manual,25.8,1500,325000,2013
14094,Mercedes-Benz,C-Class,8,60500,Diesel,Automatic,19.27,2100,1175000,2001
1149,Mahindra,XUV500,6,55000,Diesel,Manual,16.0,2200,925000,2011
4057,Maruti,Alto,8,40580,Petrol,Manual,22.74,800,224000,2000
9860,Ford,Figo,8,76091,Diesel,Manual,20.0,1400,245000,2010
12572,Volkswagen,Polo,6,23000,Diesel,Manual,20.14,1500,545000,2010
2075,Volkswagen,Vento,7,45260,Petrol,Automatic,18.19,1200,499000,2010
8210,Ford,Ecosport,5,35000,Diesel,Manual,22.77,1500,640000,2013
11748,Mahindra,XUV500,9,100000,Diesel,Manual,15.1,2200,775000,2011
14978,Mercedes-Benz,C-Class,9,60000,Petrol,Automatic,11.74,1800,1060000,2001
2212,Audi,A4,7,67700,Diesel,Automatic,16.55,2000,1550000,2008
15405,Hyundai,Grand,5,9229,Petrol,Manual,18.9,1200,545000,2013
2086,Toyota,Innova,7,79000,Diesel,Manual,12.99,2500,1140000,2005
4379,Ford,Ecosport,8,233000,Diesel,Manual,22.7,1500,460000,2013
10997,Honda,City,7,48000,Diesel,Manual,26.0,1500,525000,1998
3705,Honda,Amaze,6,148000,Diesel,Manual,25.8,1500,501000,2013
5817,Mahindra,Thar,2,12800,Diesel,Manual,16.55,2500,999000,2010
10836,Maruti,Celerio,3,41000,Petrol,Manual,21.63,1000,400000,2014
2939,Hyundai,Creta,4,61462,Diesel,Manual,21.38,1400,970000,2015
14518,Hyundai,Grand,7,23113,Petrol,Manual,18.9,1200,425000,2013
4608,Mercedes-Benz,S-Class,11,84000,Diesel,Automatic,13.5,3000,1899000,1994
3316,Skoda,Superb,6,35000,Petrol,Automatic,13.7,1800,1150000,2004
13092,Maruti,Baleno,4,34676,Petrol,Manual,21.4,1200,710000,2015
6296,Maruti,Swift Dzire,5,42037,Diesel,Manual,28.4,1250,560000,2008
8070,Tata,Tiago,5,48000,Petrol,Manual,23.84,1200,325000,2016
10052,Maruti,Swift Dzire,9,100000,Diesel,Manual,19.3,1250,300000,2008
1143,Toyota,Fortuner,8,65000,Diesel,Manual,13.0,3000,1300000,2009
12969,Hyundai,i20,9,43000,Diesel,Manual,22.54,1400,400000,2008
7024,Maruti,Ertiga,5,42000,Diesel,Manual,24.52,1250,699000,2012
1563,Honda,City,5,13000,Petrol,Automatic,18.0,1500,895000,1998
773,Maruti,Ertiga,4,41000,Petrol,Manual,16.02,1400,695000,2012
5432,Honda,City,5,81000,Petrol,Manual,17.4,1500,730000,1998
9937,BMW,X5,5,40000,Diesel,Automatic,15.97,3000,4200000,2007
11095,Hyundai,Verna,6,52000,Diesel,Manual,23.9,1600,695000,2006
4210,Renault,KWID,1,4000,Petrol,Manual,25.17,800,429000,2015
13433,Mercedes-Benz,GL-Class,3,10000,Diesel,Automatic,17.9,2100,4950000,2010
4149,Maruti,Ciaz,3,30000,Diesel,Manual,28.09,1250,1095000,2014
6408,Maruti,Ertiga,9,76000,Diesel,Manual,25.47,1250,625000,2012
5255,Toyota,Innova,5,122000,Diesel,Manual,12.99,2500,1150000,2005
3384,Renault,Duster,7,75000,Diesel,Manual,19.87,1500,585000,2012
1655,Renault,KWID,5,21445,Petrol,Manual,25.17,800,345000,2015
12085,Honda,Amaze,3,11297,Diesel,Manual,24.7,1500,720000,2013
33,Mahindra,XUV500,9,185000,Diesel,Manual,15.1,2200,600000,2011
2501,BMW,5,3,36000,Diesel,Automatic,22.48,2000,4200000,2007
179,Hyundai,i20,5,40000,Petrol,Manual,18.6,1200,550000,2008
7899,Toyota,Fortuner,11,140000,Diesel,Manual,11.5,3000,1200000,2009
4777,Honda,City,5,65000,Petrol,Manual,17.8,1500,700000,1998
2309,Toyota,Innova,8,121000,Diesel,Manual,12.8,2500,895000,2005
6008,Hyundai,i20,9,100000,Petrol,Manual,17.0,1200,360000,2008
1653,Maruti,Vitara,3,55000,Diesel,Manual,24.3,1250,874000,2016
5901,Hyundai,i10,10,67000,Petrol,Manual,20.36,1200,295000,2007
7768,Mahindra,Bolero,7,60000,Diesel,Manual,15.96,2500,575000,2000
4131,Hyundai,Grand,2,7000,Petrol,Manual,18.9,1200,565000,2013
8473,Mahindra,Scorpio,8,110000,Diesel,Automatic,11.79,2200,550000,2002
2747,Maruti,Ciaz,6,25000,Petrol,Manual,20.73,1400,700000,2014
4838,Maruti,Celerio,3,10000,Petrol,Automatic,21.63,1000,510000,2014
15153,Toyota,Innova,13,176905,Diesel,Manual,12.99,2500,510000,2005
380,Ford,Figo,9,74000,Diesel,Manual,20.0,1400,190000,2010
5497,Hyundai,i20,7,37000,Petrol,Manual,18.6,1200,495000,2008
1025,Skoda,Rapid,7,110000,Diesel,Manual,21.14,1500,550000,2011
8551,Maruti,Eeco,9,96500,"Others (CNG,LPG)",Manual,15.1,1200,170000,2010
7650,Maruti,Alto,13,100000,Petrol,Manual,19.7,800,150000,2000
197,Honda,City,8,70000,Petrol,Manual,16.8,1500,545000,1998
3462,Maruti,Swift,3,20000,Petrol,Manual,22.0,1200,587000,2005
1833,Honda,City,7,70000,Diesel,Manual,26.0,1500,540000,1998
5539,Ford,Figo,7,120000,Diesel,Manual,20.0,1400,270000,2010
7939,Renault,KWID,5,50000,Petrol,Manual,25.17,800,275000,2015
8797,Maruti,Alto,13,60000,Petrol,Manual,19.7,800,97000,2000
12629,Honda,Amaze,8,80000,Diesel,Manual,25.8,1500,420000,2013
1306,Tata,Safari,3,50000,Diesel,Manual,14.1,2200,850000,1998
3201,Honda,City,14,77034,Petrol,Manual,16.9,1500,230000,1998
35,Hyundai,i20,3,15000,Diesel,Manual,22.54,1400,850000,2008
8307,Mahindra,Bolero,2,40000,Diesel,Manual,16.5,1500,700000,2000
7912,Mahindra,Scorpio,7,30000,Diesel,Manual,15.4,2000,400000,2002
8922,Mahindra,XUV500,4,25000,Diesel,Manual,16.0,2200,1150000,2011
306,Maruti,Baleno,4,57000,Diesel,Manual,27.39,1250,590000,2015
5289,Maruti,Swift Dzire,3,70000,Diesel,Manual,28.4,1250,600000,2008
1499,Hyundai,i20,2,18000,Petrol,Manual,18.6,1200,650000,2008
3551,Mahindra,Marazzo,3,15001,Diesel,Manual,17.3,1500,1375000,2018
14311,Maruti,Celerio,3,39472,Petrol,Automatic,21.63,1000,464000,2014
1921,Maruti,Swift,3,20000,Diesel,Manual,28.4,1250,790000,2005
1903,Maruti,Vitara,2,29000,Diesel,Automatic,24.3,1250,1055000,2016
479,Mahindra,Thar,4,55000,Diesel,Manual,16.55,2500,850000,2010
5041,Hyundai,Verna,4,41000,Diesel,Manual,23.9,1600,835000,2006
2889,Ford,Figo,9,43500,Diesel,Manual,20.0,1400,310000,2010
9743,Honda,City,11,57000,Petrol,Automatic,15.6,1500,350000,1998
11042,Mahindra,Scorpio,7,70000,Diesel,Manual,12.05,2200,450000,2002
2040,Volkswagen,Vento,6,100000,Diesel,Manual,20.34,1500,590000,2010
125,Honda,CR-V,6,80000,Petrol,Automatic,13.7,2000,1290000,2003
14583,Maruti,Alto,6,39949,Petrol,Automatic,23.95,1000,375000,2000
8714,Hyundai,i20,2,23700,Petrol,Manual,18.6,1200,550000,2008
1860,Hyundai,i20,9,24600,Petrol,Manual,17.0,1200,330000,2008
5872,Maruti,Swift Dzire,5,60000,Diesel,Manual,26.59,1250,555000,2008
13481,BMW,7,13,68000,Petrol,Automatic,8.45,3000,750000,2002
5283,Maruti,Celerio,3,48000,Petrol,Automatic,23.1,1000,451000,2014
4442,Maruti,Swift Dzire,5,65000,Diesel,Manual,19.3,1250,480000,2008
7595,Maruti,Swift Dzire,3,65000,Diesel,Manual,28.4,1250,750000,2008
2942,Honda,Jazz,10,66000,Petrol,Manual,16.0,1200,325000,2009
10305,Maruti,Eeco,3,12572,"Others (CNG,LPG)",Manual,21.94,1200,343000,2010
8392,Hyundai,i20,9,63817,Diesel,Manual,21.27,1400,515000,2008
7772,Hyundai,Venue,2,30000,Diesel,Manual,23.7,1500,1050000,2019
3865,Mercedes-Benz,S-Class,9,50000,Diesel,Automatic,13.5,3000,3000000,1994
6356,BMW,5,5,40000,Diesel,Automatic,18.12,2000,3350000,2007
9598,Maruti,Swift Dzire,10,62000,Petrol,Manual,17.5,1300,250000,2008
3956,Toyota,Innova,5,139000,Diesel,Manual,12.99,2500,1150000,2005
5084,Honda,City,5,28000,Petrol,Automatic,18.0,1500,850000,1998
6175,Tata,Tiago,5,60000,Diesel,Manual,27.28,1050,400000,2016
12274,Hyundai,Santro,3,6500,"Others (CNG,LPG)",Manual,30.48,1100,525000,1998
14643,Toyota,Innova,11,120000,Diesel,Manual,12.8,2500,500000,2005
3696,Honda,City,7,45000,Diesel,Manual,26.0,1500,675000,1998
14481,Honda,City,11,90000,Petrol,Automatic,16.8,1500,328000,1998
539,Maruti,Swift Dzire,3,80000,Diesel,Automatic,28.4,1250,495000,2008
14871,Mahindra,XUV500,6,86000,Diesel,Manual,16.0,2200,1175000,2011
11466,Maruti,Wagon R,13,70000,Petrol,Manual,21.79,1000,124000,1999
11471,Renault,Duster,4,35000,Petrol,Manual,14.19,1500,585000,2012
5282,Maruti,Swift,8,45000,Diesel,Manual,22.9,1250,500000,2005
8066,BMW,X3,8,39000,Diesel,Automatic,16.09,2000,2375000,2007
2096,Mercedes-Benz,C-Class,2,7000,Diesel,Automatic,19.27,2100,3800000,2001
753,Honda,CR-V,4,34000,Petrol,Automatic,12.0,2350,1775000,2003
14017,Honda,City,10,39000,Petrol,Manual,17.0,1500,350000,1998
2016,Mahindra,XUV500,6,76000,Diesel,Manual,16.0,2000,776000,2011
2701,Tata,Safari,11,60893,Diesel,Manual,11.57,2200,350000,1998
9417,BMW,3,10,32000,Diesel,Automatic,16.07,2000,900000,2007
14630,Honda,City,12,61000,Petrol,Automatic,16.8,1500,310000,1998
3240,Volkswagen,Polo,10,70250,Diesel,Manual,22.07,1200,299000,2010
1594,Renault,KWID,5,95518,Petrol,Manual,23.01,1000,295000,2015
14942,Audi,A4,9,40000,Diesel,Automatic,17.11,2000,1265000,2008
8596,Maruti,Wagon R,6,27300,Petrol,Manual,20.52,1200,319000,1999
6395,Maruti,Alto,14,76366,Petrol,Manual,19.7,800,185000,2000
7263,Maruti,Ignis,3,20000,Petrol,Manual,20.89,1200,570000,2017
1837,Maruti,Alto,12,60000,Petrol,Manual,19.7,800,125000,2000
665,Hyundai,Elantra,8,56000,Diesel,Automatic,19.5,1600,590000,2004
8856,Maruti,Ignis,3,15000,Petrol,Manual,20.89,1200,550000,2017
14901,Maruti,Ertiga,5,48782,Diesel,Manual,20.77,1250,890000,2012
11857,Volkswagen,Polo,6,26678,Petrol,Automatic,17.21,1200,625000,2010
10135,Maruti,Swift,7,75328,Petrol,Manual,21.21,1200,365000,2005
10058,Maruti,Swift,8,79000,Diesel,Manual,22.9,1250,325000,2005
7041,Toyota,Innova,15,179000,Diesel,Manual,12.8,2500,590000,2005
8399,Mahindra,Scorpio,8,180000,Diesel,Manual,12.05,2200,450000,2002
705,Tata,Tiago,3,15000,Petrol,Manual,23.84,1200,450000,2016
9512,Renault,KWID,3,40746,Petrol,Manual,25.17,800,300000,2015
7413,Maruti,Alto,3,32000,Petrol,Manual,24.7,800,280000,2000
9829,Honda,City,2,16000,Petrol,Manual,17.4,1500,1090000,1998
7380,Maruti,Vitara,4,39000,Diesel,Manual,24.3,1250,880000,2016
14419,Ford,Figo,9,32000,Petrol,Manual,15.6,1200,315000,2010
11232,Hyundai,Verna,6,41000,Petrol,Manual,17.43,1400,570000,2006
14092,Maruti,Swift Dzire,4,75000,Diesel,Manual,28.4,1250,395000,2008
2956,Maruti,Swift,3,25000,Petrol,Manual,22.0,1200,550000,2005
12967,Ford,Figo,11,63500,Petrol,Manual,15.6,1200,240000,2010
3419,Hyundai,i20,8,55000,Petrol,Manual,18.5,1200,450000,2008
2646,Hyundai,i20,4,41280,Petrol,Manual,17.0,1200,585000,2008
13672,Maruti,Ciaz,2,20000,Petrol,Manual,21.56,1500,820000,2014
7044,Hyundai,i20,4,41394,Petrol,Manual,17.0,1200,640000,2008
2159,Maruti,Swift,7,41305,Petrol,Manual,22.0,1200,425000,2005
5617,Maruti,Celerio,5,55000,Petrol,Automatic,23.1,1000,480000,2014
44,Maruti,Wagon R,2,10000,Petrol,Manual,20.51,1000,445000,1999
1279,Jaguar,XF,6,52111,Diesel,Automatic,16.36,2200,2150000,2009
7802,Mahindra,XUV500,6,70765,Diesel,Manual,16.0,2200,1085000,2011
7575,Honda,Amaze,2,7917,Petrol,Manual,18.6,1200,680000,2013
3258,Hyundai,i20,5,59000,Petrol,Manual,18.6,1200,650000,2008
14309,Mahindra,XUV500,9,74000,Diesel,Manual,15.1,2200,825000,2011
14820,Jaguar,XF,9,110000,Diesel,Automatic,14.74,3000,2250000,2009
12545,Ford,Ecosport,6,61000,Petrol,Automatic,14.7,1500,725000,2013
13682,Audi,A4,8,52000,Petrol,Automatic,15.64,1800,1400000,2008
360,Maruti,Baleno,2,5000,Petrol,Automatic,21.4,1200,686000,2015
9681,Maruti,Ertiga,4,44000,Diesel,Manual,24.52,1250,725000,2012
12753,Volkswagen,Polo,2,23368,Diesel,Manual,20.14,1500,810000,2010
13994,Maruti,Swift Dzire,6,122000,Diesel,Manual,26.59,1250,700000,2008
8096,Ford,Ecosport,4,36000,Diesel,Manual,21.7,1500,850000,2013
15144,Tata,Nexon,3,43000,Diesel,Manual,21.5,1500,895000,2017
3054,Maruti,Ertiga,4,39000,Petrol,Manual,17.5,1400,775000,2012
14957,Ford,Ecosport,5,20000,Petrol,Manual,15.85,1500,620000,2013
14661,Honda,City,6,90000,Diesel,Manual,25.1,1500,650000,1998
14025,Maruti,Wagon R,3,13500,Petrol,Manual,20.51,1000,460000,1999
10281,Mercedes-Benz,GL-Class,8,70000,Diesel,Automatic,11.3,3000,3150000,2010
67,Honda,City,8,70000,Petrol,Manual,16.8,1500,545000,1998
14889,Honda,Jazz,6,19567,Petrol,Manual,18.7,1200,575000,2009
7550,Maruti,Vitara,4,70000,Diesel,Manual,24.3,1250,750000,2016
11242,Audi,A4,8,42000,Diesel,Automatic,17.11,2000,1260000,2008
5754,Maruti,Alto,3,33026,Petrol,Manual,24.7,800,328000,2000
10063,Maruti,Swift,8,53569,Diesel,Manual,22.9,1250,285000,2005
12492,Maruti,Swift,3,20000,Petrol,Automatic,22.0,1200,690000,2005
4486,Hyundai,Creta,4,71841,Diesel,Manual,21.38,1400,950000,2015
3727,Honda,Jazz,4,26000,Petrol,Manual,18.7,1200,700000,2009
4678,Hyundai,Creta,4,66000,Petrol,Automatic,13.0,1600,1199000,2015
10768,Volkswagen,Polo,6,44000,Petrol,Automatic,17.21,1200,525000,2010
13571,Hyundai,Grand,6,25000,Petrol,Manual,18.9,1200,475000,2013
12040,Maruti,Swift Dzire,4,58000,Petrol,Manual,20.85,1200,725000,2008
5613,Hyundai,i10,10,50038,Petrol,Manual,20.36,1200,300000,2007
3301,Skoda,Superb,6,34000,Petrol,Automatic,13.7,1800,1160000,2004
9900,Hyundai,Grand,7,29000,Petrol,Manual,18.9,1200,375000,2013
1629,Maruti,Wagon R,5,41224,"Others (CNG,LPG)",Manual,26.6,1000,395000,1999
10326,Ford,Ecosport,6,30000,Diesel,Manual,22.77,1500,565000,2013
7055,Maruti,Alto,6,22000,Petrol,Manual,22.74,800,249000,2000
8020,Maruti,Wagon R,12,55812,Petrol,Manual,18.9,1100,240000,1999
8417,Maruti,Ertiga,5,50000,Petrol,Manual,17.5,1400,700000,2012
10635,Maruti,Alto,7,41000,Petrol,Manual,22.74,800,225000,2000
9964,Honda,City,13,50000,Petrol,Manual,17.0,1500,275000,1998
7082,Hyundai,i20,3,40000,Diesel,Manual,21.19,1400,630000,2008
7826,Tata,Safari,8,50000,Diesel,Manual,11.57,2200,550000,1998
7152,BMW,X1,4,40000,Diesel,Automatic,19.62,2000,2499000,2010
8996,Honda,City,15,40000,Petrol,Manual,17.7,1500,300000,1998
4569,Ford,Figo,4,32700,Petrol,Manual,18.16,1200,600000,2010
3580,Mahindra,XUV500,7,85000,Diesel,Manual,15.1,2200,850000,2011
2868,Volkswagen,Vento,5,50000,Diesel,Automatic,22.15,1500,725000,2010
10318,Toyota,Fortuner,7,48000,Diesel,Automatic,12.55,3000,1590000,2009
6908,Maruti,Baleno,5,30000,Diesel,Manual,27.39,1250,585000,2015
7715,Volkswagen,Vento,8,50000,Diesel,Manual,20.54,1600,320000,2010
8545,Honda,Amaze,4,35000,Petrol,Manual,17.8,1200,525000,2013
6945,Hyundai,Verna,4,23211,Diesel,Manual,23.9,1600,825000,2006
9474,Hyundai,Elantra,8,67000,Petrol,Manual,16.3,1800,554000,2004
7605,Maruti,Alto,3,20000,Petrol,Manual,23.95,1000,350000,2000
6174,Hyundai,Verna,8,100000,Diesel,Manual,22.32,1600,487000,2006
9866,Skoda,Superb,7,32000,Petrol,Manual,13.1,1800,950000,2004
11662,Maruti,Swift,9,78000,Diesel,Manual,22.9,1250,475000,2005
8944,Honda,City,5,80000,Petrol,Manual,17.8,1500,785000,1998
945,Maruti,Vitara,3,39000,Diesel,Manual,24.3,1250,775000,2016
7816,Honda,City,8,47000,Petrol,Manual,16.8,1500,400000,1998
5825,Hyundai,Grand,6,48728,Diesel,Manual,24.0,1100,480000,2013
10821,Hyundai,i20,6,56000,Diesel,Manual,21.19,1400,585000,2008
3903,Mahindra,Bolero,11,350000,Diesel,Manual,13.6,2500,325000,2000
9232,Hyundai,i10,12,92000,Petrol,Manual,20.36,1200,160000,2007
5040,Honda,City,7,68000,Diesel,Manual,25.1,1500,645000,1998
2702,Honda,Amaze,4,50000,Petrol,Manual,17.8,1200,550000,2013
9843,Honda,City,5,50000,Petrol,Manual,17.8,1500,660000,1998
8938,Ford,Figo,7,88000,Diesel,Manual,20.0,1400,240000,2010
11847,Hyundai,i20,8,20000,Petrol,Manual,18.5,1200,400000,2008
7173,Volkswagen,Vento,6,43000,Petrol,Manual,15.04,1600,489000,2010
9978,Tata,Harrier,2,12000,Diesel,Manual,17.0,2000,1475000,2019
11316,Maruti,Swift,11,70000,Petrol,Manual,16.1,1200,225000,2005
3527,Toyota,Innova,4,40004,Diesel,Manual,13.68,2400,1775000,2005
755,Renault,KWID,4,10000,Petrol,Automatic,24.04,1000,341000,2015
10636,Hyundai,i10,11,48000,Petrol,Manual,20.36,1200,225000,2007
8889,Honda,Jazz,3,44503,Petrol,Manual,18.7,1200,600000,2009
11378,Hyundai,i10,10,70000,Petrol,Manual,19.81,1100,199000,2007
4294,Ford,Figo,5,61706,Diesel,Manual,25.83,1500,595000,2010
8475,Maruti,Swift Dzire,10,35955,Petrol,Manual,17.5,1300,350000,2008
168,Tata,Safari,5,47227,Diesel,Manual,14.0,2200,775000,1998
8454,Honda,Amaze,7,45000,Diesel,Manual,25.8,1500,372000,2013
14042,Toyota,Innova,5,90000,Diesel,Manual,13.68,2400,1750000,2005
3373,Mahindra,Bolero,1,12000,Diesel,Manual,21.0,1500,800000,2000
10796,Maruti,Swift Dzire,3,22251,Petrol,Manual,22.0,1200,600000,2008
9373,Toyota,Fortuner,10,185000,Diesel,Manual,11.5,3000,875000,2009
6081,Hyundai,i10,8,67000,Petrol,Automatic,16.95,1200,429000,2007
7537,Toyota,Fortuner,3,70000,Diesel,Manual,14.24,2800,2600000,2009
283,Maruti,Swift Dzire,4,22000,Diesel,Manual,28.4,1250,750000,2008
5230,Honda,City,5,80000,Petrol,Manual,17.8,1500,650000,1998
8832,Hyundai,Verna,2,24500,Diesel,Manual,24.0,1400,1000000,2006
11570,Honda,WR-V,4,79000,Petrol,Manual,17.5,1200,715000,2017
426,Mahindra,XUV500,7,47240,Diesel,Manual,15.1,2200,800000,2011
12924,Honda,City,6,15000,Petrol,Manual,17.4,1500,875000,1998
1582,Hyundai,i20,6,42000,Petrol,Manual,18.5,1200,490000,2008
769,Maruti,Swift Dzire,8,70000,Diesel,Manual,23.4,1250,550000,2008
12792,Maruti,Alto,5,25000,Petrol,Manual,22.74,800,290000,2000
1698,Audi,A6,7,52121,Diesel,Automatic,17.68,2000,1700000,2005
11940,Maruti,Eeco,2,4000,Petrol,Manual,15.37,1200,420000,2010
5325,Honda,Amaze,2,28366,Petrol,Manual,19.5,1200,770000,2013
3774,Skoda,Rapid,7,66000,Diesel,Automatic,21.66,1500,580000,2011
8248,Toyota,Innova,6,51000,Diesel,Manual,12.99,2500,1090000,2005
10242,Hyundai,Venue,2,27000,Petrol,Manual,18.27,1000,995000,2019
5406,Maruti,Wagon R,5,29000,Petrol,Automatic,20.51,1000,450000,1999
2693,Ford,Figo,10,48971,Diesel,Manual,20.0,1400,282000,2010
9959,Maruti,Wagon R,7,47000,Petrol,Manual,18.9,1000,260000,1999
3413,Renault,KWID,3,9800,Petrol,Automatic,24.04,1000,415000,2015
5884,Maruti,Alto,10,170000,Petrol,Manual,19.7,800,300000,2000
10065,Hyundai,Venue,1,581,Petrol,Manual,18.0,1000,1145000,2019
5821,Volkswagen,Vento,3,31900,Diesel,Manual,22.27,1500,1025000,2010
14557,Honda,City,5,80634,Petrol,Automatic,18.0,1500,770000,1998
12659,Maruti,Swift Dzire,7,90000,Diesel,Manual,23.4,1250,465000,2008
14758,Hyundai,Grand,2,10000,Petrol,Manual,18.9,1200,530000,2013
1416,Hyundai,i20,5,50000,Diesel,Manual,22.54,1400,650000,2008
7507,Toyota,Fortuner,4,29000,Diesel,Manual,14.24,2800,2550000,2009
6984,Ford,Ecosport,7,95000,Diesel,Manual,22.7,1500,425000,2013
8986,Toyota,Fortuner,10,196777,Diesel,Manual,11.5,3000,1200000,2009
7600,Volkswagen,Vento,6,32500,Diesel,Manual,20.34,1500,459000,2010
8533,Ford,Ecosport,5,150000,Diesel,Manual,22.77,1500,625000,2013
177,Maruti,Alto,5,10370,Petrol,Manual,22.74,800,320000,2000
2490,Maruti,Celerio,7,33231,Petrol,Automatic,23.1,1000,375000,2014
12196,Honda,City,6,40000,Petrol,Manual,17.4,1500,800000,1998
863,Maruti,Swift Dzire,4,46122,Petrol,Automatic,22.0,1200,650000,2008
10353,Volkswagen,Polo,7,36000,Diesel,Manual,20.14,1500,465000,2010
6654,Maruti,Vitara,3,47588,Diesel,Manual,24.3,1250,900000,2016
8271,Renault,Duster,7,90000,Diesel,Manual,20.45,1500,500000,2012
9173,Hyundai,Verna,3,40000,Petrol,Automatic,17.0,1600,1075000,2006
7685,Ford,Ecosport,5,51000,Diesel,Manual,22.77,1500,576000,2013
11587,Honda,Jazz,3,17843,Petrol,Automatic,17.1,1200,925000,2009
13911,Maruti,Ciaz,3,90000,Diesel,Manual,28.09,1250,800000,2014
2616,Volkswagen,Polo,4,32000,Diesel,Manual,20.14,1500,655000,2010
5809,Maruti,Wagon R,5,50000,Petrol,Manual,20.51,1000,425000,1999
11706,Maruti,Swift,3,43089,Diesel,Manual,28.4,1250,750000,2005
14201,BMW,5,4,24000,Diesel,Automatic,22.48,2000,3100000,2007
12065,Volkswagen,Polo,9,65000,Diesel,Manual,22.07,1200,365000,2010
11655,Mahindra,Scorpio,4,37000,Diesel,Manual,15.4,2000,1090000,2002
10018,Volkswagen,Vento,8,50000,Diesel,Manual,22.27,1500,399000,2010
4578,Audi,A6,6,67000,Diesel,Automatic,17.68,2000,2650000,2005
1257,BMW,X1,2,10000,Diesel,Automatic,20.68,2000,3650000,2010
9273,Hyundai,Verna,8,52000,Diesel,Automatic,21.3,1500,445000,2006
8110,Maruti,Wagon R,10,130890,Petrol,Manual,18.9,1000,160000,1999
3995,Maruti,Swift,9,79000,Diesel,Manual,28.4,1250,425000,2005
12419,Hyundai,Verna,11,110000,Petrol,Manual,16.2,1600,250000,2006
10179,Honda,City,6,29000,Petrol,Automatic,18.0,1500,765000,1998
950,Maruti,Alto,7,52000,Petrol,Manual,23.95,1000,244000,2000
12173,Maruti,Swift Dzire,5,50125,Petrol,Manual,19.0,1200,640000,2008
2751,Maruti,Baleno,4,21000,Petrol,Automatic,21.4,1200,745000,2015
8406,Renault,Duster,5,80000,Diesel,Manual,19.6,1500,640000,2012
11599,Maruti,Eeco,6,60200,"Others (CNG,LPG)",Manual,21.94,1200,385000,2010
8604,Hyundai,Verna,2,8836,Petrol,Manual,17.0,1600,1171000,2006
14034,Hyundai,Venue,2,20000,Diesel,Manual,23.7,1400,1050000,2019
3346,Toyota,Innova,4,45000,Diesel,Manual,13.68,2400,1575000,2005
10104,Honda,Amaze,6,33000,Petrol,Manual,18.0,1200,425000,2013
3575,BMW,X1,8,102007,Diesel,Automatic,20.68,2000,1350000,2010
9747,Maruti,Wagon R,8,64000,"Others (CNG,LPG)",Manual,26.6,1000,270000,1999
12922,Maruti,Wagon R,6,90000,Petrol,Manual,20.51,1000,350000,1999
4269,Maruti,Swift Dzire,3,32000,Diesel,Manual,28.4,1250,750000,2008
8132,Maruti,Wagon R,7,21980,Petrol,Manual,20.51,1000,290000,1999
2669,Volkswagen,Vento,6,27000,Petrol,Automatic,16.93,1200,665000,2010
5787,Hyundai,i20,1,15000,Petrol,Manual,20.35,1200,670000,2008
4800,Maruti,Swift Dzire,5,29456,Petrol,Manual,17.5,1200,550000,2008
11643,Skoda,Rapid,3,60000,Diesel,Automatic,21.72,1500,990000,2011
12946,Hyundai,Verna,4,20000,Petrol,Manual,17.01,1600,875000,2006
2496,Honda,City,3,25000,Petrol,Automatic,18.0,1500,1191000,1998
5248,Ford,Figo,3,50000,Diesel,Manual,25.83,1500,650000,2010
7017,Hyundai,i10,9,46100,Petrol,Manual,20.36,1200,270000,2007
3036,Hyundai,i20,8,49000,Petrol,Manual,18.5,1200,500000,2008
3121,Ford,Ecosport,2,10787,Diesel,Manual,21.7,1500,1050000,2013
4438,Renault,KWID,4,50000,Petrol,Manual,25.17,800,280000,2015
11753,Mercedes-Benz,C-Class,9,63000,Petrol,Automatic,11.74,1800,1275000,2001
15095,Toyota,Fortuner,4,34000,Diesel,Automatic,15.04,2800,3200000,2009
8924,Honda,City,5,122000,Diesel,Manual,26.0,1500,800000,1998
10773,Honda,City,10,50000,Petrol,Manual,17.0,1500,349000,1998
6757,Maruti,Ciaz,5,110000,Diesel,Manual,28.09,1250,550000,2014
1073,Maruti,Swift Dzire,7,60000,Diesel,Manual,23.4,1250,450000,2008
6218,Mahindra,Bolero,8,60000,Diesel,Manual,15.96,2500,450000,2000
8570,Hyundai,i20,11,97780,Diesel,Manual,25.2,1500,320000,2008
8153,Maruti,Baleno,2,5000,Petrol,Manual,21.4,1200,610000,2015
12911,Maruti,Swift,3,41000,Petrol,Manual,22.0,1200,574000,2005
14892,Hyundai,i10,9,58500,Petrol,Automatic,16.95,1200,325000,2007
11153,Honda,Amaze,3,20000,Petrol,Automatic,19.0,1200,699000,2013
8999,Maruti,Alto,4,20000,Petrol,Manual,24.7,800,250000,2000
9775,Maruti,Celerio,6,63000,Petrol,Manual,23.1,1000,385000,2014
2698,Mahindra,Bolero,11,25000,Diesel,Manual,13.6,2500,250000,2000
1441,Mahindra,Scorpio,5,48500,Diesel,Manual,15.4,2200,851000,2002
7166,Volkswagen,Polo,7,59000,Diesel,Manual,20.14,1500,490000,2010
11282,Maruti,Wagon R,8,55000,Petrol,Manual,21.79,1000,250000,1999
12689,Hyundai,i10,6,5000,Petrol,Manual,20.36,1200,400000,2007
3508,BMW,5,4,31000,Diesel,Automatic,18.12,2000,3945000,2007
12182,Maruti,Swift Dzire,2,20000,Petrol,Manual,21.21,1200,632000,2008
6611,Hyundai,i20,3,90000,Diesel,Manual,21.19,1400,640000,2008
8704,Maruti,Baleno,3,50000,Petrol,Manual,21.4,1200,625000,2015
6572,Maruti,Swift Dzire,8,120000,Diesel,Manual,23.4,1250,480000,2008
10561,Hyundai,Grand,4,40000,Diesel,Manual,24.0,1100,395000,2013
1931,Renault,Duster,9,100000,Diesel,Manual,20.46,1500,400000,2012
12370,Renault,Duster,4,30000,Diesel,Manual,19.72,1500,1150000,2012
1012,Tata,Safari,7,50000,Diesel,Manual,14.0,2200,800000,1998
14061,Tata,Hexa,3,69000,Diesel,Automatic,17.6,2200,1400000,2017
14909,Honda,Amaze,8,70000,Diesel,Manual,25.8,1500,400000,2013
7216,Honda,City,11,50000,Petrol,Automatic,16.8,1500,310000,1998
14869,BMW,3,10,75100,Diesel,Automatic,13.2,2000,1025000,2007
11773,Mahindra,Scorpio,6,80000,Diesel,Manual,15.4,2500,700000,2002
1019,Renault,Duster,9,100000,Diesel,Manual,19.01,1500,550000,2012
7994,Maruti,Wagon R,3,9945,Petrol,Automatic,20.51,1000,460000,1999
5963,Maruti,Swift,4,38991,Diesel,Manual,25.2,1250,670000,2005
14197,Honda,Jazz,2,12000,Petrol,Manual,18.7,1200,825000,2009
11805,Hyundai,i20,6,53000,Petrol,Manual,18.6,1200,599000,2008
15237,Honda,City,7,110000,Diesel,Manual,26.0,1500,500000,1998
5848,Renault,Duster,8,80000,Diesel,Manual,19.87,1500,390000,2012
4617,Toyota,Innova,10,70000,Diesel,Manual,12.8,2500,550000,2005
9376,Maruti,Swift,6,60000,Diesel,Manual,25.2,1250,390000,2005
13105,BMW,5,3,10002,Diesel,Automatic,22.48,2000,4000000,2007
8287,Hyundai,Verna,5,70000,Diesel,Automatic,19.08,1600,800000,2006
9337,Hyundai,Creta,4,9161,Petrol,Automatic,13.0,1600,1150000,2015
4931,Maruti,Wagon R,2,40000,Petrol,Manual,21.79,1000,450000,1999
199,Hyundai,i20,4,64000,Petrol,Manual,18.6,1200,480000,2008
14739,Volkswagen,Polo,10,63000,Petrol,Manual,16.47,1200,250000,2010
5982,Hyundai,Grand,7,39000,Petrol,Manual,18.9,1200,410000,2013
3091,Maruti,Ignis,2,11000,Petrol,Automatic,20.89,1200,640000,2017
11323,Maruti,Ignis,4,35000,Petrol,Manual,20.89,1200,510000,2017
13041,Maruti,Swift,3,25000,Petrol,Automatic,22.0,1200,645000,2005
13258,Hyundai,Creta,4,50000,Diesel,Manual,19.67,1600,1200000,2015
13203,Honda,City,15,38000,Petrol,Manual,16.9,1500,200000,1998
3644,Maruti,Alto,7,28000,"Others (CNG,LPG)",Manual,33.44,800,281000,2000
15376,Renault,Duster,7,77000,Diesel,Manual,20.45,1500,450000,2012
12293,Mahindra,Scorpio,9,70000,Diesel,Automatic,11.79,2200,690000,2002
11125,Mercedes-Benz,C-Class,7,48000,Diesel,Automatic,11.78,2100,1431000,2001
12168,Maruti,Ertiga,2,15000,Petrol,Manual,19.01,1500,1045000,2012
4154,Maruti,Vitara,2,66622,Diesel,Manual,24.3,1250,910000,2016
11832,Hyundai,Grand,3,10000,Petrol,Manual,18.9,1200,555000,2013
11561,Honda,Amaze,3,6905,Petrol,Automatic,19.0,1200,750000,2013
2466,Volkswagen,Polo,7,13000,Petrol,Automatic,17.21,1200,650000,2010
297,Hyundai,Grand,4,60000,Diesel,Manual,24.0,1200,510000,2013
10809,Maruti,Ignis,2,15000,Petrol,Manual,20.89,1200,500000,2017
7396,Tata,Tiago,2,12000,Petrol,Manual,23.84,1200,470000,2016
4369,Maruti,Ciaz,6,55000,Diesel,Manual,28.09,1250,625000,2014
6990,Hyundai,i10,10,58519,Petrol,Manual,19.81,1100,260000,2007
7311,Mahindra,KUV,5,36000,Petrol,Manual,18.15,1200,400000,2016
4464,Hyundai,i10,11,60000,Petrol,Manual,19.81,1100,240000,2007
4558,Renault,Duster,7,85000,Diesel,Manual,19.6,1500,540000,2012
2963,Tata,Safari,8,120000,Diesel,Manual,14.0,2200,425000,1998
1135,Maruti,Swift,5,42000,Diesel,Manual,28.4,1250,485000,2005
3581,Maruti,Swift Dzire,6,50000,Petrol,Manual,17.5,1300,460000,2008
478,Maruti,Swift Dzire,6,84003,Diesel,Manual,26.59,1250,530000,2008
8610,Honda,Amaze,3,22000,Diesel,Manual,25.8,1500,660000,2013
5964,Hyundai,Verna,3,5500,Petrol,Manual,17.0,1600,1045000,2006
8987,Hyundai,Grand,3,40000,Petrol,Manual,18.9,1200,500000,2013
8155,Maruti,Swift Dzire,4,38000,Diesel,Manual,26.59,1250,585000,2008
8595,Tata,Nexon,3,50000,Diesel,Manual,21.5,1500,680000,2017
10713,Maruti,Vitara,4,33000,Diesel,Manual,24.3,1250,675000,2016
12228,Ford,Endeavour,2,40000,Diesel,Automatic,10.91,3200,3200000,2003
351,BMW,X5,2,19000,Diesel,Automatic,13.38,3000,7900000,2007
4287,Hyundai,i20,3,26000,Petrol,Manual,18.6,1200,675000,2008
9532,Hyundai,i10,9,47000,Petrol,Automatic,16.95,1200,300000,2007
3507,Maruti,Wagon R,5,49000,"Others (CNG,LPG)",Manual,26.6,1000,365000,1999
12979,Volkswagen,Polo,5,63000,Diesel,Manual,20.14,1500,655000,2010
1673,Maruti,Baleno,6,60000,Diesel,Manual,27.39,1250,675000,2015
9160,Honda,City,5,61225,Diesel,Manual,26.0,1500,590000,1998
10859,Ford,Ecosport,5,31000,Petrol,Manual,15.9,1500,675000,2013
4337,Maruti,Alto,16,90000,Petrol,Manual,19.7,800,90000,2000
12624,Maruti,Alto,12,80000,Petrol,Manual,19.7,800,125000,2000
10361,Maruti,Wagon R,4,75000,"Others (CNG,LPG)",Manual,33.54,1000,375000,1999
7209,Hyundai,Verna,4,23228,Petrol,Manual,17.43,1400,625000,2006
3768,Honda,Amaze,6,190000,Diesel,Manual,25.8,1500,295000,2013
12592,Honda,City,9,60000,Petrol,Automatic,16.8,1500,425000,1998
11868,Mahindra,Scorpio,7,51400,Diesel,Manual,15.4,2000,895000,2002
3355,Toyota,Innova,3,35000,Diesel,Automatic,11.36,2800,1800000,2005
3666,Hyundai,i20,4,43000,Petrol,Manual,18.6,1200,600000,2008
3420,Toyota,Innova,8,173758,Diesel,Manual,12.99,2500,925000,2005
11307,Hyundai,i10,12,130000,Petrol,Manual,20.36,1200,130000,2007
6390,Maruti,Alto,17,70000,Petrol,Manual,19.7,800,100000,2000
11230,Renault,KWID,6,43719,Petrol,Manual,22.3,800,245000,2015
12246,Maruti,Swift,8,70000,Diesel,Manual,22.9,1250,530000,2005
14237,Audi,A6,9,33000,Diesel,Automatic,17.68,2000,1850000,2005
6653,Toyota,Fortuner,9,86000,Diesel,Manual,12.55,3000,1250000,2009
13101,Hyundai,Santro,9,106346,Petrol,Manual,17.92,1100,220000,1998
12286,Volkswagen,Polo,7,132220,Diesel,Manual,20.14,1500,450000,2010
4970,Maruti,Swift Dzire,11,60000,Diesel,Manual,19.3,1250,310000,2008
2434,Hyundai,i20,2,12000,Petrol,Manual,18.6,1200,700000,2008
851,Maruti,Swift Dzire,13,120000,Diesel,Manual,19.3,1250,165000,2008
7153,Maruti,Swift,7,57351,Diesel,Manual,22.9,1250,450000,2005
2997,Ford,Ecosport,6,29500,Petrol,Automatic,15.63,1500,655000,2013
3086,Maruti,Vitara,3,20613,Diesel,Automatic,24.3,1250,975000,2016
12058,Maruti,Eeco,10,58000,"Others (CNG,LPG)",Manual,20.88,1200,295000,2010
6030,BMW,3,5,13900,Diesel,Automatic,22.69,2000,2300000,2007
708,Maruti,Swift,8,73695,Petrol,Manual,18.6,1200,345000,2005
10191,Hyundai,Venue,2,9500,Petrol,Manual,18.27,1000,835000,2019
15004,Ford,Figo,9,40000,Diesel,Manual,20.0,1400,395000,2010
7546,Hyundai,i10,7,63000,Petrol,Manual,19.81,1100,250000,2007
8594,Maruti,Alto,5,68102,Petrol,Manual,23.95,1000,365000,2000
9014,Mahindra,Bolero,3,20000,Diesel,Manual,16.5,1500,750000,2000
11930,Maruti,Wagon R,10,12000,Petrol,Manual,21.5,1200,290000,1999
5565,Maruti,Baleno,2,20000,Petrol,Manual,21.4,1200,580000,2015
4865,Hyundai,Creta,4,41275,Petrol,Automatic,13.0,1600,1150000,2015
15143,Hyundai,Creta,3,18000,Petrol,Manual,15.8,1600,1150000,2015
14675,Skoda,Rapid,4,105000,Diesel,Automatic,21.72,1500,875000,2011
8156,Honda,Amaze,7,67000,Diesel,Manual,25.8,1500,330000,2013
11450,Honda,Amaze,2,6399,Petrol,Manual,19.5,1200,715000,2013
12821,Honda,City,11,54000,Petrol,Manual,17.4,1500,375000,1998
6149,Hyundai,i20,3,20000,Petrol,Manual,18.6,1200,598000,2008
14212,Hyundai,i20,3,90000,Diesel,Manual,22.54,1400,650000,2008
2072,Honda,Jazz,5,39000,Diesel,Manual,27.3,1500,485000,2009
8286,Mahindra,XUV500,6,30000,Diesel,Manual,15.1,2200,820000,2011
14144,Maruti,Ciaz,4,59000,Petrol,Automatic,19.12,1400,710000,2014
414,Maruti,Ertiga,2,18000,Petrol,Manual,19.01,1500,800000,2012
12596,Maruti,Celerio,2,52000,Petrol,Manual,23.1,1000,400000,2014
9429,Mahindra,XUV500,8,69300,Diesel,Manual,16.0,2200,575000,2011
2737,Honda,City,11,84768,Petrol,Manual,17.0,1500,275000,1998
14016,Volkswagen,Polo,6,54000,Diesel,Manual,20.14,1500,575000,2010
8895,Maruti,Baleno,6,29000,Diesel,Manual,27.39,1250,550000,2015
12272,Maruti,Wagon R,11,25000,Petrol,Manual,18.9,1000,175000,1999
1784,Hyundai,i10,11,77739,Petrol,Automatic,16.95,1200,290000,2007
6229,Hyundai,Verna,2,20000,Petrol,Manual,17.0,1600,970000,2006
6703,Maruti,Alto,2,90000,Petrol,Manual,24.7,800,300000,2000
5801,Toyota,Fortuner,9,149000,Diesel,Manual,12.55,3000,1800000,2009
7955,Honda,Amaze,8,80000,Diesel,Manual,25.8,1500,350000,2013
1836,Honda,City,7,73000,Diesel,Manual,26.0,1500,625000,1998
14588,Toyota,Innova,3,44000,Diesel,Automatic,11.36,2800,2099000,2005
10400,Skoda,Rapid,6,70000,Diesel,Manual,21.14,1500,499000,2011
7134,Mahindra,Bolero,3,30000,Diesel,Manual,16.5,1500,750000,2000
3750,Hyundai,i20,8,76000,Diesel,Manual,21.9,1400,375000,2008
14160,Maruti,Alto,3,31243,"Others (CNG,LPG)",Manual,33.44,800,299000,2000
709,Hyundai,i10,12,100000,Petrol,Manual,19.81,1100,215000,2007
13463,Honda,City,15,55000,Petrol,Manual,17.7,1500,120000,1998
13808,Hyundai,i20,11,78000,Diesel,Manual,23.0,1400,215000,2008
6660,Maruti,Wagon R,21,83000,Petrol,Manual,18.9,1000,85000,1999
3939,Hyundai,i10,5,50979,Petrol,Manual,19.81,1100,445000,2007
4780,Mahindra,Scorpio,5,48000,Diesel,Manual,15.4,2000,990000,2002
13781,Toyota,Fortuner,4,100930,Diesel,Automatic,15.04,2800,2925000,2009
10335,BMW,3,8,73000,Diesel,Automatic,18.88,2000,1078000,2007
6221,Hyundai,Grand,4,50000,Petrol,Automatic,18.9,1200,475000,2013
11637,Honda,City,4,35000,Diesel,Manual,26.0,1500,850000,1998
13846,Maruti,Vitara,2,12509,Diesel,Manual,24.3,1250,875000,2016
5907,Hyundai,i10,9,57390,Petrol,Manual,20.36,1200,382000,2007
12384,Hyundai,i20,3,13000,Diesel,Manual,22.54,1400,875000,2008
11800,Maruti,Swift,4,49649,Diesel,Manual,25.2,1250,645000,2005
14912,Volkswagen,Polo,5,24000,Petrol,Automatic,17.2,1200,700000,2010
2911,Maruti,Swift Dzire,8,37000,Petrol,Manual,19.1,1200,445000,2008
11408,Volkswagen,Polo,5,53000,Petrol,Automatic,17.21,1200,690000,2010
6861,Maruti,Alto,1,11000,Petrol,Manual,22.05,800,350000,2000
9635,Hyundai,Grand,6,147000,Diesel,Manual,24.0,1100,350000,2013
7399,Hyundai,Venue,1,10000,Diesel,Manual,23.7,1500,1000000,2019
2723,Hyundai,i20,9,87000,Diesel,Manual,23.0,1400,460000,2008
2145,Hyundai,i20,6,190000,Diesel,Manual,22.54,1400,525000,2008
407,Maruti,Vitara,5,65000,Diesel,Manual,24.3,1250,675000,2016
6615,Honda,WR-V,4,34000,Petrol,Manual,17.5,1200,785000,2017
14391,Mahindra,Scorpio,4,68500,Diesel,Manual,15.4,2200,1270000,2002
2117,Hyundai,Verna,4,25000,Diesel,Automatic,22.0,1600,975000,2006
7436,Maruti,Wagon R,6,30000,Petrol,Automatic,20.51,1000,330000,1999
6317,Honda,Amaze,3,10000,Petrol,Automatic,19.0,1200,800000,2013
1548,Volkswagen,Polo,8,93500,Diesel,Manual,22.07,1200,315000,2010
5303,Maruti,Vitara,2,120000,Diesel,Manual,24.3,1250,950000,2016
14450,Maruti,Swift Dzire,6,120000,Petrol,Manual,20.85,1200,385000,2008
15325,Honda,City,7,220000,Diesel,Manual,26.0,1500,550000,1998
7783,Volkswagen,Polo,9,55000,Diesel,Manual,22.07,1200,210000,2010
3989,Hyundai,Grand,4,37850,Petrol,Manual,18.9,1200,568000,2013
5728,Toyota,Fortuner,4,40000,Petrol,Automatic,10.26,2700,2600000,2009
7633,Ford,Figo,10,65000,Diesel,Manual,20.0,1400,185000,2010
9498,Volkswagen,Vento,7,59484,Petrol,Manual,15.04,1600,465000,2010
2853,Mahindra,XUV500,5,92000,Diesel,Automatic,16.0,2200,1235000,2011
9310,Maruti,Ertiga,4,40000,Petrol,Manual,16.02,1400,675000,2012
13824,Maruti,Swift Dzire,9,45000,Petrol,Manual,17.5,1300,340000,2008
5222,Maruti,Alto,14,83000,Petrol,Manual,19.7,800,110000,2000
24,Mahindra,Bolero,10,25000,Diesel,Manual,13.6,2500,350000,2000
1491,Hyundai,Verna,3,12000,Petrol,Manual,17.1,1600,1025000,2006
2620,Ford,Ecosport,5,33000,Petrol,Automatic,16.05,1500,745000,2013
1812,Hyundai,i20,3,49000,Diesel,Manual,22.54,1400,840000,2008
4499,Maruti,Baleno,5,49726,Petrol,Manual,21.01,1200,610000,2015
4245,Ford,Figo,7,60000,Diesel,Manual,20.0,1400,360000,2010
3675,BMW,3,6,38000,Diesel,Automatic,19.59,2000,2250000,2007
2311,Maruti,Alto,10,72000,Petrol,Manual,19.7,800,185000,2000
1796,Renault,Duster,7,76000,Diesel,Manual,19.64,1500,541000,2012
8811,Toyota,Innova,9,120000,Diesel,Manual,12.99,2500,800000,2005
4850,Honda,City,7,99000,Diesel,Manual,25.1,1500,649000,1998
3641,BMW,5,10,67512,Diesel,Automatic,18.48,2000,1250000,2007
9607,Maruti,Baleno,5,47061,Petrol,Automatic,21.4,1200,655000,2015
12993,Mercedes-Benz,E-Class,6,33000,Diesel,Automatic,13.0,2100,2450000,1996
4393,Maruti,Alto,14,100000,Petrol,Manual,19.7,800,145000,2000
15018,Hyundai,Creta,3,40000,Diesel,Automatic,17.01,1600,1250000,2015
6265,Ford,Ecosport,6,37000,Petrol,Automatic,15.63,1500,675000,2013
5849,Hyundai,i20,3,53000,Diesel,Manual,22.54,1400,690000,2008
5246,Ford,Aspire,3,5000,Petrol,Manual,18.16,1200,680000,2015
1384,Maruti,Alto,3,20000,Petrol,Manual,24.7,800,310000,2000
4408,Hyundai,i20,5,54000,Diesel,Manual,22.54,1400,660000,2008
6044,Maruti,Eeco,11,10000,Petrol,Manual,15.37,1200,208000,2010
1639,Hyundai,Verna,3,28000,Diesel,Automatic,22.0,1600,1150000,2006
14442,Mahindra,Scorpio,8,54000,Diesel,Manual,14.0,2500,525000,2002
3942,Toyota,Innova,13,270000,Diesel,Manual,12.8,2500,500000,2005
12886,Volkswagen,Polo,2,20000,Petrol,Manual,18.78,1000,550000,2010
6666,Maruti,Baleno,5,54552,Petrol,Manual,21.4,1200,510000,2015
6059,Hyundai,i20,5,57437,Diesel,Manual,22.54,1400,679000,2008
9305,Hyundai,i20,4,40000,Petrol,Manual,18.6,1200,450000,2008
13069,Ford,Figo,5,27000,Petrol,Automatic,17.01,1500,535000,2010
450,Maruti,Ciaz,6,60000,Diesel,Manual,26.21,1250,670000,2014
1839,Maruti,Wagon R,6,40000,Petrol,Manual,20.51,1000,350000,1999
11772,Mahindra,Scorpio,5,120000,Diesel,Manual,15.4,2500,825000,2002
9801,Mahindra,XUV500,6,57000,Diesel,Manual,16.0,2200,925000,2011
8569,Mahindra,XUV500,6,80000,Diesel,Automatic,16.0,2200,900000,2011
10494,Hyundai,Verna,6,40000,Petrol,Manual,17.43,1400,620000,2006
353,Ford,Figo,4,53000,Diesel,Manual,25.83,1500,400000,2010
11635,Hyundai,i20,5,8500,Petrol,Manual,18.5,1200,540000,2008
7651,Toyota,Fortuner,8,30000,Diesel,Manual,12.55,3000,1450000,2009
4344,Maruti,Alto,10,62900,Petrol,Manual,20.92,1000,235000,2000
7268,Maruti,Wagon R,6,90000,Petrol,Manual,20.51,1000,300000,1999
12524,Hyundai,i20,10,40000,Petrol,Manual,17.0,1200,250000,2008
14726,Maruti,Swift Dzire,9,112000,Diesel,Manual,23.4,1250,550000,2008
5221,Maruti,Swift,9,76000,Diesel,Manual,22.9,1250,440000,2005
6393,Mahindra,Bolero,7,120000,Diesel,Manual,15.96,2500,500000,2000
14868,Mahindra,XUV500,6,85000,Diesel,Manual,16.0,2200,1300000,2011
13693,Hyundai,Verna,3,16500,Petrol,Manual,17.43,1400,771000,2006
3944,Maruti,Alto,11,35000,Petrol,Manual,19.7,800,115000,2000
12948,Hyundai,i10,9,75750,Petrol,Manual,20.36,1200,325000,2007
10857,BMW,3,6,33000,Diesel,Automatic,18.88,2000,2080000,2007
3286,Mahindra,Scorpio,9,68000,Diesel,Manual,12.05,2200,450000,2002
11821,Hyundai,i20,4,17335,Diesel,Manual,21.19,1400,820000,2008
12958,Honda,Amaze,3,20833,Petrol,Manual,18.6,1200,825000,2013
14412,BMW,5,7,70400,Diesel,Automatic,18.84,2000,2150000,2007
1158,Maruti,Ciaz,2,15260,Diesel,Manual,28.09,1250,1095000,2014
10815,Mercedes-Benz,E-Class,4,24000,Petrol,Automatic,15.0,2000,4100000,1996
11039,Skoda,Superb,12,83546,Petrol,Automatic,13.7,1800,310000,2004
3049,Honda,Jazz,6,31298,Petrol,Automatic,19.0,1200,590000,2009
13634,Hyundai,i20,8,52000,Petrol,Manual,18.5,1200,345000,2008
730,Honda,City,7,120000,Diesel,Manual,26.0,1500,450000,1998
7036,Hyundai,Creta,3,40000,Diesel,Manual,20.5,1600,1295000,2015
9047,Hyundai,i20,3,38000,Diesel,Manual,22.54,1400,750000,2008
7928,Hyundai,i20,5,68000,Diesel,Manual,22.54,1400,620000,2008
8029,Renault,KWID,3,20000,Petrol,Automatic,24.04,1000,330000,2015
8862,Toyota,Innova,10,180000,Diesel,Manual,12.8,2500,660000,2005
2256,Volkswagen,Polo,3,11000,Diesel,Manual,21.49,1500,875000,2010
10359,Honda,City,3,40000,Diesel,Manual,25.6,1500,940000,1998
3679,Maruti,Swift Dzire,7,89000,Diesel,Manual,19.3,1250,565000,2008
5464,Mahindra,XUV500,7,75273,Diesel,Manual,16.0,2200,851000,2011
3723,Mahindra,KUV,5,87000,Diesel,Manual,25.32,1200,450000,2016
10981,Hyundai,i20,6,39838,Diesel,Manual,22.54,1400,565000,2008
4621,Volkswagen,Vento,4,70763,Diesel,Automatic,22.15,1500,1075000,2010
4830,Hyundai,Grand,2,5000,Diesel,Manual,24.0,1200,590000,2013
1054,Honda,City,5,5000,Petrol,Manual,17.8,1500,900000,1998
10911,Hyundai,Grand,3,41000,"Others (CNG,LPG)",Manual,18.9,1200,470000,2013
2112,Toyota,Innova,3,25000,Diesel,Manual,13.68,2400,1925000,2005
13904,Volkswagen,Polo,11,50000,Petrol,Manual,16.47,1200,395000,2010
1541,Volkswagen,Polo,8,48000,Petrol,Manual,18.78,1000,325000,2010
7694,Maruti,Wagon R,5,50000,Petrol,Manual,20.51,1000,350000,1999
5236,Hyundai,i20,6,72000,Diesel,Manual,21.27,1400,580000,2008
3040,Honda,City,11,92000,Petrol,Manual,17.0,1500,300000,1998
4676,Datsun,RediGO,1,1001,Petrol,Automatic,23.0,1000,425000,2016
9301,Toyota,Innova,8,66758,Diesel,Manual,12.8,2500,750000,2005
8952,Hyundai,i20,3,25000,Petrol,Manual,18.6,1200,535000,2008
11783,Hyundai,Grand,3,38000,Petrol,Manual,18.9,1200,595000,2013
2422,Toyota,Innova,7,140165,Diesel,Manual,12.8,2500,991000,2005
7145,Maruti,Wagon R,9,60000,"Others (CNG,LPG)",Manual,26.2,1000,215000,1999
11598,Maruti,Celerio,5,70000,Petrol,Manual,23.1,1000,420000,2014
11191,Maruti,Swift,7,58000,Petrol,Manual,16.1,1200,380000,2005
7375,Mahindra,Scorpio,8,100000,Diesel,Manual,15.4,2200,650000,2002
12847,Maruti,Vitara,4,52000,Diesel,Manual,24.3,1250,695000,2016
13072,Mahindra,KUV100,3,15000,Petrol,Manual,18.15,1200,470000,2016
2222,Audi,A4,9,85250,Diesel,Automatic,16.55,2000,1300000,2008
6755,Maruti,Wagon R,7,68000,Petrol,Manual,21.79,1000,311000,1999
8793,Maruti,Alto,6,49163,Petrol,Manual,22.74,800,285000,2000
7247,Tata,Nexon,3,47000,Diesel,Manual,21.5,1500,680000,2017
12537,Mahindra,Scorpio,6,120000,Diesel,Manual,15.4,2200,910000,2002
8695,Hyundai,i10,7,60000,Petrol,Manual,20.36,1200,285000,2007
8499,Tata,Tiago,4,31000,Petrol,Manual,23.84,1200,350000,2016
12777,Maruti,Swift Dzire,10,70000,Petrol,Manual,17.5,1300,240000,2008
15267,Renault,KWID,2,13000,Petrol,Manual,23.01,1000,445000,2015
13757,Maruti,Ertiga,7,48000,"Others (CNG,LPG)",Manual,22.8,1400,649000,2012
5535,Hyundai,i20,10,110000,Diesel,Manual,21.9,1400,400000,2008
7744,Honda,City,9,43120,Petrol,Manual,16.8,1500,400000,1998
11712,Honda,City,7,63000,Diesel,Manual,26.0,1500,600000,1998
15200,Maruti,Alto,5,67100,Petrol,Manual,22.74,800,275000,2000
5486,Maruti,Wagon R,7,65369,Petrol,Manual,18.9,1000,390000,1999
7158,Maruti,Swift Dzire,5,78051,Petrol,Manual,20.85,1200,625000,2008
12479,Hyundai,i20,9,64000,Petrol,Manual,18.5,1200,290000,2008
627,Maruti,Celerio,5,62000,Petrol,Automatic,23.1,1000,415000,2014
2396,Mercedes-Benz,GL-Class,8,70000,Diesel,Automatic,11.3,3000,3275000,2010
529,Maruti,Wagon R,17,50000,Petrol,Manual,18.9,1000,62000,1999
15088,Maruti,Swift,5,120000,Petrol,Manual,20.4,1200,500000,2005
9048,Maruti,Alto,8,70000,Petrol,Manual,22.74,800,170000,2000
9939,Mercedes-Benz,S-Class,7,20001,Diesel,Automatic,13.5,3000,5500000,1994
14163,Hyundai,i10,11,70000,Petrol,Manual,19.81,1100,185000,2007
3512,BMW,3,11,97547,Diesel,Automatic,16.07,2000,825000,2007
3356,Hyundai,Verna,7,77000,Diesel,Manual,22.32,1600,485000,2006
13255,Honda,City,7,67000,Diesel,Manual,26.0,1500,549000,1998
6315,Ford,Figo,10,45452,Petrol,Manual,15.6,1200,175000,2010
2900,Hyundai,Grand,4,67000,Petrol,Manual,18.9,1200,519000,2013
11195,Maruti,Baleno,2,15103,Petrol,Manual,21.01,1200,620000,2015
15302,Maruti,Wagon R,8,67000,"Others (CNG,LPG)",Manual,14.6,1000,275000,1999
6960,Skoda,Superb,11,50000,Petrol,Automatic,12.6,1800,375000,2004
2265,Skoda,Superb,9,160000,Diesel,Automatic,17.2,2000,1050000,2004
13295,Toyota,Innova,13,193000,Diesel,Manual,12.8,2500,425000,2005
13678,Hyundai,i10,10,40300,Petrol,Manual,20.36,1200,335000,2007
15112,Maruti,Swift Dzire,2,15000,Petrol,Manual,21.21,1200,610000,2008
7875,Mahindra,Scorpio,6,71500,Diesel,Manual,15.4,2500,550000,2002
14416,Ford,Ecosport,6,52000,Diesel,Manual,22.77,1500,795000,2013
13020,Honda,City,13,91000,Petrol,Manual,16.0,1500,235000,1998
2837,Toyota,Innova,8,135000,Diesel,Manual,12.8,2500,1021000,2005
12822,Maruti,Swift,7,98145,Petrol,Manual,18.6,1200,380000,2005
7610,Toyota,Innova,11,280000,Diesel,Manual,12.8,2500,340000,2005
1913,Toyota,Innova,4,55000,Diesel,Automatic,11.36,2800,1755000,2005
7522,Hyundai,Creta,6,64000,Diesel,Automatic,17.01,1600,695000,2015
8049,Maruti,Swift,6,78000,Diesel,Manual,25.2,1250,465000,2005
1941,Toyota,Innova,10,108800,Diesel,Manual,12.8,2500,595000,2005
6442,Hyundai,Grand,7,56000,Diesel,Manual,24.0,1100,460000,2013
11749,Volkswagen,Polo,9,55000,Diesel,Manual,22.07,1200,240000,2010
11154,Maruti,Swift,6,39000,Petrol,Manual,20.4,1200,400000,2005
4878,Toyota,Innova,8,126000,Diesel,Manual,12.99,2500,800000,2005
11990,Renault,KWID,2,8500,Petrol,Automatic,24.04,1000,425000,2015
8575,Mahindra,Scorpio,2,35000,Diesel,Manual,16.36,2200,1350000,2002
15208,Maruti,Alto,9,70000,Petrol,Manual,22.74,800,150000,2000
13394,Mercedes-Benz,C-Class,9,77000,Diesel,Automatic,14.84,2100,1450000,2001
6520,Audi,A6,10,88402,Diesel,Automatic,14.57,3000,1650000,2005
9021,Datsun,GO,2,3300,Petrol,Manual,19.83,1200,490000,2014
9729,Hyundai,Verna,5,33060,Petrol,Manual,17.01,1600,625000,2006
9643,Mercedes-Benz,C-Class,3,8000,Petrol,Automatic,14.74,2000,3650000,2001
9113,Hyundai,i20,7,48000,Petrol,Manual,18.5,1200,390000,2008
1865,Hyundai,Creta,6,67000,Diesel,Automatic,17.01,1600,1059000,2015
5210,Hyundai,Verna,10,74000,Diesel,Manual,22.32,1600,445000,2006
13141,Hyundai,i20,3,10114,Petrol,Manual,18.6,1200,690000,2008
9010,Mahindra,Scorpio,9,70000,Diesel,Manual,12.05,2200,465000,2002
14071,Volkswagen,Polo,7,62000,Petrol,Automatic,17.21,1200,525000,2010
469,Hyundai,i20,1,3700,Petrol,Manual,18.6,1200,765000,2008
2591,Maruti,Swift Dzire,10,88000,Diesel,Manual,19.3,1250,365000,2008
13842,Skoda,Rapid,7,80000,Diesel,Manual,21.14,1500,525000,2011
12973,Hyundai,i20,2,25000,Petrol,Manual,18.6,1200,795000,2008
9870,Maruti,Alto,11,40000,Petrol,Manual,19.7,800,170000,2000
14599,Toyota,Innova,7,146000,Diesel,Manual,12.99,2500,1000000,2005
14031,Jaguar,XF,6,50000,Diesel,Automatic,16.36,2200,2790000,2009
5319,BMW,3,6,55000,Diesel,Automatic,19.59,2000,2550000,2007
15262,Maruti,Swift,9,84000,Petrol,Manual,18.6,1200,385000,2005
5070,Maruti,Swift Dzire,13,84903,Diesel,Manual,19.3,1250,340000,2008
1907,Hyundai,i10,10,24600,Petrol,Manual,20.36,1200,240000,2007
13201,Maruti,Swift,8,67000,Diesel,Manual,28.4,1250,300000,2005
314,Honda,Amaze,8,64000,"Others (CNG,LPG)",Manual,18.0,1200,349000,2013
14610,Maruti,Swift Dzire,3,120000,Diesel,Manual,28.4,1250,600000,2008
8763,Mahindra,Bolero,3,22000,Diesel,Manual,15.96,2500,780000,2000
10247,Hyundai,Grand,7,55000,Diesel,Manual,24.0,1100,338000,2013
8857,Maruti,Vitara,4,90000,Diesel,Manual,24.3,1250,750000,2016
9910,Hyundai,i20,3,43000,Petrol,Manual,18.6,1200,595000,2008
9485,Honda,Amaze,7,58000,Diesel,Manual,25.8,1500,350000,2013
5984,Hyundai,Creta,3,40000,Diesel,Manual,21.38,1400,911000,2015
13992,Audi,Q7,4,54000,Diesel,Automatic,12.07,3000,6350000,2006
6514,Maruti,Ciaz,6,70000,Petrol,Manual,20.73,1400,624000,2014
935,Ford,Ecosport,5,72000,Diesel,Manual,22.77,1500,650000,2013
14099,Mahindra,Marazzo,3,25000,Diesel,Manual,17.3,1500,1150000,2018
2398,Hyundai,i20,7,94343,Diesel,Manual,21.9,1400,465000,2008
533,Maruti,Swift Dzire,7,70000,Petrol,Manual,19.1,1200,384000,2008
2979,Hyundai,i20,4,48000,Petrol,Manual,18.6,1200,600000,2008
11997,Ford,Ecosport,8,50000,Petrol,Automatic,16.5,1500,535000,2013
10580,Toyota,Innova,9,126657,Diesel,Manual,12.99,2500,535000,2005
13376,Ford,Endeavour,9,98000,Diesel,Manual,13.1,2500,875000,2003
11004,Maruti,Swift Dzire,3,45000,Petrol,Manual,21.21,1200,634000,2008
7248,Hyundai,Verna,5,27000,Petrol,Manual,17.43,1400,550000,2006
2618,Hyundai,i20,9,76000,Diesel,Manual,21.9,1400,385000,2008
10443,Hyundai,Grand,8,78000,Diesel,Manual,24.0,1100,320000,2013
6933,Maruti,Ertiga,7,119000,Diesel,Manual,20.77,1250,700000,2012
11778,Maruti,Alto,10,50000,Petrol,Manual,20.92,1000,275000,2000
3431,Maruti,Wagon R,9,50000,Petrol,Manual,18.9,1000,250000,1999
3792,BMW,X5,5,46000,Diesel,Automatic,15.97,3000,3850000,2007
15038,Maruti,Ciaz,3,10900,Petrol,Automatic,19.12,1400,920000,2014
2762,Ford,Figo,9,55500,Petrol,Manual,15.6,1200,249000,2010
12127,Honda,Jazz,5,30000,Petrol,Manual,18.7,1200,600000,2009
1531,Honda,WR-V,4,90000,Diesel,Manual,25.5,1500,835000,2017
471,Toyota,Fortuner,4,64000,Diesel,Automatic,12.9,2800,2625000,2009
12830,Maruti,Swift,8,54000,Diesel,Manual,22.9,1250,445000,2005
3965,Mercedes-Benz,C-Class,9,112000,Diesel,Automatic,14.84,2100,1450000,2001
14001,Hyundai,Verna,8,50000,Petrol,Manual,17.1,1600,550000,2006
13696,Maruti,Swift,11,88466,Petrol,Manual,18.6,1200,290000,2005
14858,BMW,5,10,63000,Diesel,Automatic,18.48,2000,1590000,2007
781,Maruti,Ciaz,4,40000,Petrol,Automatic,19.12,1400,770000,2014
501,Hyundai,Verna,8,70000,Diesel,Manual,22.32,1600,365000,2006
10282,Hyundai,Creta,6,47000,Petrol,Manual,15.8,1600,840000,2015
9985,Hyundai,Creta,4,85000,Diesel,Manual,22.1,1400,825000,2015
7419,Hyundai,Grand,4,29000,Petrol,Manual,18.9,1200,467000,2013
7200,Renault,KWID,6,32000,Petrol,Manual,20.71,800,245000,2015
8152,Maruti,Alto,2,20000,Petrol,Manual,23.95,1000,330000,2000
2863,Honda,WR-V,4,60000,Diesel,Manual,25.5,1500,775000,2017
4663,Tata,Nexon,3,90000,Diesel,Manual,21.5,1500,850000,2017
1322,Tata,Hexa,4,110000,Diesel,Manual,17.6,2200,990000,2017
12377,Audi,A4,9,100581,Diesel,Automatic,15.2,2000,1299000,2008
2896,Mahindra,Scorpio,1,15000,Diesel,Manual,15.4,2500,675000,2002
1868,Maruti,Swift Dzire,3,27000,Diesel,Automatic,28.4,1250,725000,2008
6671,Ford,Figo,10,83000,Diesel,Manual,20.0,1400,185000,2010
322,Renault,KWID,3,15000,Petrol,Automatic,24.04,1000,310000,2015
7788,Hyundai,i20,9,80000,Diesel,Manual,21.9,1400,300000,2008
11985,Maruti,Alto,15,121153,Petrol,Manual,19.7,800,100000,2000
9250,Maruti,Wagon R,10,41000,Petrol,Manual,20.51,1000,210000,1999
834,Maruti,Alto,5,30000,Petrol,Manual,22.74,800,225000,2000
7599,Maruti,Baleno,4,30000,Petrol,Manual,21.4,1200,610000,2015
5388,Mahindra,Scorpio,13,154000,Diesel,Manual,10.5,2600,350000,2002
8333,Maruti,Wagon R,4,35000,Petrol,Manual,21.79,1000,350000,1999
4232,Renault,KWID,4,40000,Petrol,Manual,25.17,800,350000,2015
4272,Hyundai,i10,9,54943,Petrol,Manual,20.36,1200,280000,2007
13306,Hyundai,Verna,8,90000,Diesel,Manual,22.32,1600,525000,2006
4920,Toyota,Innova,10,103000,"Others (CNG,LPG)",Manual,12.4,2000,1080000,2005
11806,Toyota,Innova,6,124000,Diesel,Manual,12.99,2500,1150000,2005
9465,Maruti,Wagon R,9,65000,Petrol,Manual,21.79,1000,230000,1999
9781,Honda,Jazz,5,40000,Petrol,Automatic,19.0,1200,630000,2009
6812,Maruti,Alto,9,62000,Petrol,Manual,19.7,800,245000,2000
10643,Hyundai,Verna,8,72156,Diesel,Manual,22.32,1600,425000,2006
15164,Maruti,Swift Dzire,6,70000,Diesel,Manual,28.4,1250,590000,2008
12452,Ford,Ecosport,6,46215,Petrol,Manual,15.8,1500,690000,2013
5345,Hyundai,Verna,7,50000,Diesel,Manual,22.32,1600,600000,2006
5516,Maruti,Alto,5,30000,Petrol,Manual,24.7,800,228000,2000
15367,Tata,Tiago,4,30000,Petrol,Manual,23.84,1200,350000,2016
7146,Maruti,Swift Dzire,9,25000,Petrol,Manual,19.1,1200,540000,2008
6169,Hyundai,i10,12,84251,Petrol,Automatic,19.2,1200,290000,2007
420,Maruti,Swift Dzire,12,76963,Petrol,Manual,17.5,1300,230000,2008
5639,Maruti,Wagon R,3,37650,Petrol,Manual,21.79,1000,470000,1999
12594,Maruti,Ciaz,6,35000,Petrol,Manual,20.73,1400,600000,2014
6804,Maruti,Alto,4,33977,Petrol,Manual,24.7,800,299000,2000
7504,Hyundai,i20,4,65000,Diesel,Manual,21.19,1400,650000,2008
9409,Maruti,Wagon R,8,63000,"Others (CNG,LPG)",Manual,26.6,1000,250000,1999
4012,Renault,KWID,5,30000,Petrol,Manual,25.17,800,345000,2015
3640,Maruti,Vitara,3,36000,Diesel,Manual,24.3,1250,800000,2016
5269,Ford,Figo,4,19300,Petrol,Manual,18.16,1200,567000,2010
3434,Hyundai,i20,8,37000,Petrol,Manual,18.5,1200,395000,2008
975,Toyota,Fortuner,11,100000,Diesel,Manual,11.5,3000,800000,2009
8086,Maruti,Swift Dzire,6,120000,Diesel,Manual,26.59,1250,450000,2008
1736,Maruti,Wagon R,12,23710,Petrol,Manual,18.9,1000,190000,1999
10899,Toyota,Innova,5,92000,Diesel,Manual,13.68,2400,1300000,2005
1474,Ford,Ecosport,6,50000,Petrol,Manual,15.85,1500,540000,2013
8427,Tata,Tiago,4,33000,Diesel,Manual,27.28,1050,495000,2016
6173,Ford,Ecosport,4,28000,Petrol,Manual,17.0,1500,600000,2013
1103,Tata,Tiago,4,80000,Diesel,Manual,27.28,1050,400000,2016
6826,Volkswagen,Polo,5,58000,Petrol,Manual,16.2,1200,610000,2010
6119,Volkswagen,Polo,4,77000,Diesel,Manual,20.14,1500,600000,2010
9623,Toyota,Fortuner,11,67000,Diesel,Manual,11.5,3000,825000,2009
13950,Honda,Jazz,3,19000,Petrol,Manual,18.7,1200,655000,2009
11846,Volkswagen,Polo,8,55000,Petrol,Automatic,17.2,1200,660000,2010
13629,Volkswagen,Polo,6,52000,Petrol,Automatic,17.21,1200,645000,2010
13626,Honda,City,5,70000,Petrol,Manual,17.8,1500,700000,1998
5484,Maruti,Vitara,4,62000,Diesel,Manual,24.3,1250,820000,2016
11730,Hyundai,Grand,7,20587,Petrol,Manual,18.9,1200,415000,2013
14101,BMW,3,8,46000,Diesel,Automatic,18.88,2000,1095000,2007
9701,Maruti,Baleno,5,27000,Petrol,Manual,21.4,1200,585000,2015
2271,Maruti,Wagon R,9,62000,"Others (CNG,LPG)",Manual,33.54,1000,340000,1999
8556,Honda,Jazz,9,45000,Petrol,Manual,16.7,1200,299000,2009
5607,Maruti,Swift,11,75000,Petrol,Manual,16.1,1200,310000,2005
4975,Mahindra,Thar,6,36000,Diesel,Manual,18.06,2500,725000,2010
12046,Honda,Amaze,2,20000,Petrol,Manual,19.5,1200,825000,2013
14293,Honda,City,7,68000,Diesel,Manual,26.0,1500,505000,1998
1915,Tata,Tiago,2,35000,Diesel,Manual,27.28,1050,550000,2016
2689,Hyundai,Creta,6,81000,Diesel,Manual,19.67,1600,975000,2015
12304,Maruti,Baleno,2,13500,Petrol,Manual,21.4,1200,720000,2015
1093,Toyota,Innova,14,200000,Diesel,Manual,12.8,2500,500000,2005
416,Hyundai,Grand,6,10000,Petrol,Manual,18.9,1200,350000,2013
8692,Hyundai,Grand,4,77795,Diesel,Manual,24.0,1200,475000,2013
15212,Hyundai,i20,7,66000,Diesel,Manual,22.54,1400,600000,2008
13370,Honda,City,14,70000,Petrol,Manual,17.7,1500,180000,1998
2760,Maruti,Wagon R,11,49000,Petrol,Manual,18.9,1000,220000,1999
13687,Ford,Figo,7,58481,Diesel,Manual,20.0,1400,435000,2010
5716,Maruti,Swift Dzire,4,51000,Diesel,Manual,26.59,1250,700000,2008
6985,Renault,KWID,4,15000,Petrol,Manual,23.01,1000,350000,2015
13784,Hyundai,i20,7,90000,Petrol,Manual,18.5,1200,535000,2008
4610,Hyundai,Verna,4,40667,Diesel,Manual,25.0,1500,845000,2006
6422,Maruti,Swift Dzire,9,40000,Diesel,Manual,19.3,1250,460000,2008
8410,Mahindra,Scorpio,7,15000,Diesel,Manual,14.0,2500,900000,2002
5689,Hyundai,i10,6,19000,Petrol,Manual,19.81,1100,360000,2007
1679,Maruti,Ciaz,4,50000,Petrol,Manual,20.73,1400,680000,2014
3637,Maruti,Ertiga,7,72264,"Others (CNG,LPG)",Manual,22.8,1400,600000,2012
2007,Maruti,Ertiga,4,65000,Diesel,Manual,24.52,1250,1000000,2012
3044,Maruti,Alto,6,17000,Petrol,Manual,23.95,1000,320000,2000
4635,Honda,City,15,31000,Petrol,Manual,17.7,1500,180000,1998
4972,Mahindra,Bolero,8,75000,Diesel,Manual,15.96,2500,521000,2000
1240,Hyundai,i10,10,47000,Petrol,Manual,20.36,1200,195000,2007
13251,Maruti,Swift,7,90000,Diesel,Manual,25.2,1250,390000,2005
7094,Datsun,GO,3,9600,Petrol,Manual,19.83,1200,650000,2014
6445,Volkswagen,Polo,3,75000,Diesel,Manual,20.14,1500,655000,2010
7392,Mahindra,XUV500,7,43000,Diesel,Manual,15.1,2200,725000,2011
11414,Maruti,Swift Dzire,12,69000,Petrol,Manual,17.5,1300,215000,2008
8469,Maruti,Swift Dzire,10,65000,Diesel,Manual,19.3,1250,320000,2008
4371,Maruti,Swift Dzire,3,61000,Diesel,Automatic,28.4,1250,745000,2008
12897,Maruti,Ciaz,3,50000,Diesel,Manual,28.09,1250,702000,2014
7343,Maruti,Eeco,5,50000,Petrol,Manual,15.37,1200,350000,2010
13115,BMW,3,6,35000,Diesel,Automatic,22.69,2000,1545000,2007
13582,Honda,City,13,100000,Petrol,Automatic,17.0,1500,200000,1998
1996,Honda,Civic,13,61000,Petrol,Manual,13.5,1800,245000,2006
9152,Toyota,Fortuner,8,82000,Diesel,Automatic,12.55,3000,1249000,2009
13140,Hyundai,Grand,7,89000,Diesel,Manual,24.0,1100,425000,2013
12031,Maruti,Swift Dzire,5,40000,Diesel,Manual,19.3,1250,675000,2008
9812,Toyota,Fortuner,8,60000,Diesel,Automatic,11.5,3000,1300000,2009
4727,Honda,City,3,25000,Petrol,Manual,17.4,1500,1050000,1998
14003,Hyundai,Santro,2,20000,Petrol,Manual,20.3,1100,420000,1998
7580,Hyundai,Santro,2,20000,Petrol,Manual,20.3,1100,475000,1998
11522,Renault,KWID,3,8000,Petrol,Manual,25.17,800,300000,2015
6944,Maruti,Swift Dzire,6,60000,Diesel,Manual,26.59,1250,500000,2008
1825,Maruti,Alto,7,45000,Petrol,Manual,23.95,1000,250000,2000
4488,Mahindra,Scorpio,9,70000,Diesel,Manual,14.0,2500,400000,2002
12210,Maruti,Alto,5,35000,Petrol,Manual,23.95,1000,280000,2000
5985,Maruti,Swift Dzire,6,63348,Diesel,Manual,19.3,1250,650000,2008
5136,Maruti,Swift,8,70000,Diesel,Manual,28.4,1250,490000,2005
9835,Maruti,Ciaz,4,47000,Diesel,Manual,28.09,1250,700000,2014
11524,Audi,A4,5,55000,Petrol,Automatic,17.84,1400,1850000,2008
1494,Toyota,Fortuner,9,100000,Diesel,Automatic,11.5,3000,1300000,2009
7438,Maruti,Alto,10,30000,Petrol,Manual,19.7,800,150000,2000
864,Maruti,Vitara,5,74962,Diesel,Manual,24.3,1250,681000,2016
7267,Hyundai,Venue,2,28600,Diesel,Manual,23.7,1400,1050000,2019
8484,Skoda,Rapid,9,25000,Diesel,Manual,20.5,1600,225000,2011
6389,Maruti,Alto,7,10595,Petrol,Automatic,23.95,1000,325000,2000
11249,Hyundai,i10,10,100000,Petrol,Manual,20.36,1200,170000,2007
3135,Volkswagen,Polo,10,105000,Diesel,Manual,22.07,1200,315000,2010
2855,Hyundai,Santro,2,31000,"Others (CNG,LPG)",Manual,30.48,1100,540000,1998
707,Maruti,Swift,6,90000,Diesel,Manual,25.2,1250,520000,2005
8874,Ford,Ecosport,4,14636,Petrol,Manual,15.9,1500,725000,2013
6747,Honda,Jazz,6,90000,Diesel,Manual,27.3,1500,600000,2009
2226,Mahindra,KUV,4,70000,Petrol,Manual,18.15,1200,350000,2016
13185,Hyundai,Grand,5,15000,Petrol,Manual,18.9,1200,390000,2013
3482,Hyundai,Verna,4,46000,Diesel,Manual,24.8,1400,765000,2006
12045,Hyundai,i20,9,84000,Diesel,Manual,23.0,1400,360000,2008
6450,Maruti,Wagon R,7,48000,Petrol,Manual,18.9,1000,320000,1999
3845,Mahindra,KUV100,4,50000,Diesel,Manual,25.32,1200,490000,2016
8366,Maruti,Wagon R,14,70000,Petrol,Manual,18.9,1100,125000,1999
2973,Mahindra,XUV500,9,68420,Diesel,Manual,15.1,2200,615000,2011
5546,Maruti,Alto,9,43043,Petrol,Manual,20.92,1000,230000,2000
15244,Volkswagen,Polo,6,64979,Diesel,Manual,20.14,1500,595000,2010
832,Tata,Tiago,3,63000,Diesel,Manual,27.28,1050,380000,2016
2623,Hyundai,i20,5,35000,Petrol,Manual,17.19,1200,650000,2008
7969,Hyundai,i10,9,13000,Petrol,Manual,20.36,1200,340000,2007
4645,Skoda,Superb,7,83300,Diesel,Automatic,17.2,2000,1250000,2004
435,Hyundai,Grand,5,30000,Petrol,Manual,18.9,1200,390000,2013
14334,Maruti,Alto,3,58000,"Others (CNG,LPG)",Manual,33.44,800,350000,2000
4666,Mahindra,XUV500,8,100000,Diesel,Manual,15.1,2200,700000,2011
2258,Renault,KWID,4,35000,Petrol,Automatic,24.04,1000,349000,2015
2228,Volkswagen,Vento,7,95000,Diesel,Manual,20.34,1500,550000,2010
9440,Maruti,Swift,5,36000,Petrol,Manual,20.4,1200,421000,2005
9923,Hyundai,i10,10,190000,Petrol,Manual,19.81,1100,150000,2007
5443,Volkswagen,Polo,2,30126,Diesel,Manual,20.14,1500,721000,2010
5310,Volkswagen,Polo,7,59400,Diesel,Manual,20.14,1500,495000,2010
5506,Honda,Jazz,3,14609,Petrol,Automatic,18.2,1200,850000,2009
12539,Maruti,Baleno,4,39000,Diesel,Manual,27.39,1250,695000,2015
4917,Maruti,Celerio,7,49000,Petrol,Automatic,23.1,1000,335000,2014
820,Hyundai,Grand,7,40000,Petrol,Manual,18.9,1200,540000,2013
5986,Mahindra,XUV500,5,143210,Diesel,Automatic,16.0,2200,1275000,2011
1330,Renault,Duster,3,32440,Diesel,Manual,19.87,1500,850000,2012
8374,Maruti,Ertiga,4,62000,Diesel,Manual,24.52,1250,795000,2012
14433,Maruti,Swift Dzire,9,52000,Diesel,Manual,19.3,1250,510000,2008
6644,Maruti,Celerio,5,35232,Petrol,Automatic,23.1,1000,445000,2014
8326,Volkswagen,Vento,10,65000,Diesel,Manual,20.54,1600,265000,2010
9863,Honda,Jazz,9,40383,Petrol,Manual,16.7,1200,325000,2009
8157,Hyundai,Verna,2,9000,Diesel,Manual,23.9,1600,950000,2006
12491,Hyundai,i20,4,64000,Diesel,Manual,22.54,1400,610000,2008
10852,Mercedes-Benz,S-Class,13,72000,Petrol,Automatic,10.13,3500,999000,1994
12317,Honda,City,6,60000,Petrol,Manual,17.4,1500,625000,1998
7806,Maruti,Wagon R,11,80000,Petrol,Manual,18.9,1100,150000,1999
8925,Mahindra,Bolero,3,32525,Diesel,Manual,16.5,1500,765000,2000
9267,Ford,Endeavour,5,64000,Diesel,Manual,13.5,2200,2090000,2003
13523,Hyundai,i10,7,57210,Petrol,Manual,20.36,1200,298000,2007
9851,Maruti,Baleno,4,23000,Petrol,Manual,21.4,1200,550000,2015
11768,Maruti,Wagon R,6,45243,Petrol,Manual,18.9,1000,445000,1999
4563,Maruti,Swift Dzire,3,18000,Petrol,Manual,20.85,1200,650000,2008
8276,Honda,Amaze,5,56348,Petrol,Manual,17.8,1200,400000,2013
69,Maruti,Vitara,3,26000,Diesel,Manual,24.3,1250,725000,2016
1976,Skoda,Rapid,7,29000,Petrol,Manual,15.0,1600,490000,2011
11043,Maruti,Swift Dzire,5,52490,Petrol,Manual,19.0,1200,465000,2008
4463,Tata,Safari,12,270000,Diesel,Manual,11.57,2200,120000,1998
4038,Mahindra,Scorpio,3,47000,Diesel,Manual,16.36,2200,1550000,2002
10091,Mercedes-Benz,S-Class,13,72000,Petrol,Automatic,10.13,3500,999000,1994
11628,Honda,CR-V,11,137000,Petrol,Manual,10.8,2350,535000,2003
9332,Mahindra,Scorpio,9,54000,Diesel,Manual,12.05,2200,430000,2002
5609,Renault,KWID,2,11000,Petrol,Manual,23.01,1000,450000,2015
14944,Maruti,Alto,11,70000,Petrol,Manual,19.7,800,245000,2000
7904,Tata,Tiago,3,21814,Petrol,Manual,23.84,1200,515000,2016
5396,Ford,Figo,9,190000,Diesel,Manual,20.0,1400,200000,2010
4384,Maruti,Swift Dzire,11,80000,Diesel,Manual,19.3,1250,375000,2008
9495,Hyundai,Verna,2,19608,Petrol,Manual,17.0,1600,895000,2006
14781,Hyundai,Grand,4,9687,Petrol,Manual,18.9,1200,560000,2013
679,BMW,3,9,54000,Diesel,Automatic,19.62,2000,825000,2007
11387,Maruti,Ciaz,6,49570,Diesel,Manual,26.21,1250,600000,2014
8774,Maruti,Eeco,2,40000,"Others (CNG,LPG)",Manual,21.94,1200,400000,2010
13622,Volkswagen,Polo,6,58000,Diesel,Manual,20.14,1500,625000,2010
5458,Mahindra,XUV500,7,76000,Diesel,Manual,15.1,2200,690000,2011
8308,Hyundai,Creta,3,73185,Diesel,Manual,19.67,1600,1350000,2015
9139,Honda,City,11,72000,Petrol,Automatic,16.8,1500,331000,1998
6029,Maruti,Swift Dzire,6,40000,Petrol,Manual,20.85,1200,400000,2008
4730,Tata,Harrier,2,20000,Diesel,Manual,17.0,2000,1500000,2019
3730,Maruti,Ignis,4,30000,Petrol,Manual,20.89,1200,415000,2017
11634,Ford,Ecosport,3,16000,Petrol,Manual,15.9,1500,875000,2013
2817,Maruti,Ertiga,3,49000,"Others (CNG,LPG)",Manual,17.5,1400,819000,2012
15347,Maruti,Eeco,6,58000,Petrol,Manual,15.37,1200,375000,2010
2303,Maruti,Wagon R,7,135975,"Others (CNG,LPG)",Manual,33.54,1000,295000,1999
12566,Maruti,Wagon R,5,44000,Petrol,Automatic,20.51,1000,340000,1999
12639,Hyundai,i10,10,74703,Petrol,Automatic,16.95,1200,400000,2007
13553,Volkswagen,Vento,8,67000,Petrol,Manual,15.04,1600,360000,2010
10706,Maruti,Swift Dzire,5,58000,Petrol,Manual,20.85,1200,450000,2008
3453,Datsun,GO,4,40000,Petrol,Manual,19.44,1200,430000,2014
6866,Maruti,Swift Dzire,5,84000,Diesel,Manual,26.59,1250,465000,2008
6808,Maruti,Swift,6,31000,Diesel,Manual,28.4,1250,630000,2005
14027,Maruti,Alto,4,26000,"Others (CNG,LPG)",Manual,33.44,800,300000,2000
9962,Maruti,Wagon R,4,15000,Petrol,Manual,17.3,1100,385000,1999
11260,Hyundai,Grand,7,70000,Petrol,Manual,18.9,1200,385000,2013
188,Maruti,Alto,4,25000,Petrol,Manual,24.7,800,275000,2000
94,Hyundai,Verna,9,65000,Diesel,Automatic,19.08,1600,380000,2006
410,Honda,City,5,55670,Petrol,Manual,17.8,1500,700000,1998
10577,Maruti,Swift Dzire,9,55236,Petrol,Manual,17.5,1300,350000,2008
6788,Maruti,Swift,6,68202,Diesel,Manual,28.4,1250,575000,2005
13559,Audi,A4,4,38000,Diesel,Automatic,18.25,2000,2055000,2008
7174,Hyundai,Grand,3,30000,Petrol,Manual,18.9,1200,525000,2013
9755,Maruti,Ciaz,6,52000,Petrol,Manual,20.73,1400,565000,2014
3816,Audi,A4,9,76000,Diesel,Automatic,16.55,2000,1375000,2008
628,Toyota,Fortuner,3,28000,Diesel,Automatic,12.9,2800,3200000,2009
3426,Maruti,Baleno,5,72000,Petrol,Manual,21.4,1200,630000,2015
9454,Toyota,Innova,8,80133,Diesel,Manual,12.99,2500,650000,2005
8301,Hyundai,i10,6,54111,Petrol,Manual,19.81,1100,299000,2007
12188,Maruti,Swift Dzire,9,77775,Diesel,Manual,19.3,1250,450000,2008
3533,Honda,City,5,19000,Petrol,Automatic,18.0,1500,820000,1998
5583,Hyundai,i20,6,80000,Diesel,Manual,21.19,1400,540000,2008
667,Mahindra,XUV500,9,100000,Diesel,Manual,15.1,2200,585000,2011
13400,BMW,5,12,70000,Diesel,Automatic,11.5,3000,695000,2007
10984,Mahindra,XUV500,9,60000,Diesel,Manual,15.1,2200,475000,2011
1811,BMW,3,6,37000,Diesel,Automatic,22.69,2000,1950000,2007
13440,Maruti,Alto,8,25000,Petrol,Manual,22.74,800,210000,2000
4944,Jeep,Compass,4,54000,Diesel,Manual,17.1,2000,1500000,2017
15077,Maruti,Ertiga,5,10000,Petrol,Manual,17.5,1400,750000,2012
4418,Maruti,Baleno,2,13500,Petrol,Manual,21.01,1200,578000,2015
13925,Toyota,Innova,7,200000,Diesel,Manual,12.99,2500,690000,2005
5343,Hyundai,Grand,5,33000,Petrol,Manual,18.9,1200,450000,2013
8166,Hyundai,Grand,4,20000,Petrol,Manual,18.9,1200,436000,2013
14325,Hyundai,i20,8,64321,Petrol,Manual,18.5,1200,430000,2008
4224,Honda,Amaze,7,20000,Petrol,Manual,18.0,1200,550000,2013
1777,BMW,7,5,37000,Diesel,Automatic,17.66,3000,6400000,2002
7246,Volkswagen,Polo,8,23000,Petrol,Manual,16.47,1200,350000,2010
11551,Volkswagen,Vento,8,75000,Diesel,Manual,20.54,1600,365000,2010
9038,Hyundai,i20,5,15000,Diesel,Manual,21.19,1400,599000,2008
13227,Toyota,Fortuner,6,120000,Diesel,Manual,12.55,3000,2150000,2009
6718,Maruti,Swift Dzire,7,90000,Diesel,Manual,23.4,1250,480000,2008
4136,Maruti,Swift Dzire,13,79000,Diesel,Manual,19.3,1250,295000,2008
14798,Renault,Duster,4,40000,Petrol,Automatic,14.99,1500,900000,2012
2115,Maruti,Swift,4,95079,Diesel,Manual,25.2,1250,610000,2005
9555,Maruti,Swift,8,58000,Diesel,Manual,22.9,1250,360000,2005
1972,Ford,Figo,10,55500,Diesel,Manual,20.0,1400,275000,2010
7629,Maruti,Vitara,4,71000,Diesel,Manual,24.3,1250,720000,2016
13235,Volkswagen,Vento,4,49000,Diesel,Automatic,22.15,1500,950000,2010
7359,Hyundai,Creta,6,72000,Diesel,Manual,19.67,1600,950000,2015
8004,Hyundai,i10,9,64000,Petrol,Manual,20.36,1200,250000,2007
2370,Toyota,Innova,9,75000,Diesel,Manual,12.99,2500,830000,2005
1058,Honda,City,12,59915,Petrol,Manual,17.0,1500,295000,1998
2450,Tata,Safari,12,120000,Petrol,Manual,12.0,2100,490000,1998
342,Jaguar,XF,8,50000,Diesel,Automatic,16.36,2200,2150000,2009
12742,Toyota,Fortuner,4,46975,Diesel,Automatic,12.9,2800,3080000,2009
10592,Maruti,Ignis,4,29000,Petrol,Manual,20.89,1200,520000,2017
11511,Hyundai,i20,11,68000,Petrol,Manual,18.5,1200,180000,2008
2778,Hyundai,Verna,9,78000,Petrol,Manual,17.1,1600,500000,2006
14170,Maruti,Alto,11,70000,Petrol,Manual,19.7,800,135000,2000
14129,Maruti,Swift,2,5000,Petrol,Manual,21.21,1200,600000,2005
9025,Hyundai,Creta,2,35000,Diesel,Manual,22.1,1400,1000000,2015
13954,Skoda,Rapid,7,57118,Diesel,Automatic,21.66,1500,560000,2011
9200,Mercedes-Benz,C-Class,1,10000,Diesel,Automatic,12.6,1950,4000000,2001
6502,Maruti,Swift,6,74232,Diesel,Manual,25.2,1250,490000,2005
6348,Datsun,RediGO,4,10000,Petrol,Manual,22.7,800,350000,2016
9132,Ford,Ecosport,6,50000,Diesel,Manual,22.7,1500,590000,2013
795,BMW,7,10,78251,Diesel,Automatic,14.49,3000,1600000,2002
6562,Mercedes-Benz,E-Class,7,30000,Diesel,Automatic,13.0,2100,2950000,1996
13403,Maruti,Swift,6,120000,Diesel,Manual,25.2,1250,580000,2005
787,Maruti,Swift,7,80000,Diesel,Manual,25.2,1250,410000,2005
13287,Hyundai,i20,6,64000,Diesel,Manual,22.54,1400,620000,2008
8081,Mahindra,Scorpio,12,178000,Diesel,Manual,12.05,2200,325000,2002
3789,Toyota,Innova,2,35000,Diesel,Manual,13.68,2400,2000000,2005
831,Audi,A4,10,61000,Diesel,Automatic,15.2,2000,1000000,2008
9783,Honda,City,5,55000,Petrol,Automatic,18.0,1500,750000,1998
5873,Honda,Amaze,2,65000,Diesel,Manual,27.4,1500,650000,2013
5414,Maruti,Vitara,4,160000,Diesel,Manual,24.3,1250,795000,2016
7484,Maruti,Ignis,3,11000,Petrol,Automatic,20.89,1200,550000,2017
7892,Maruti,Alto,3,50000,Petrol,Manual,24.7,800,310000,2000
5886,Maruti,Swift,3,46000,Petrol,Automatic,22.0,1200,634000,2005
2949,Tata,Safari,9,100000,Diesel,Manual,11.57,2200,280000,1998
9078,Hyundai,i10,5,10000,Petrol,Manual,19.81,1100,380000,2007
13174,Toyota,Innova,3,68600,Diesel,Manual,13.68,2400,1721000,2005
12964,Maruti,Ertiga,2,34000,"Others (CNG,LPG)",Manual,26.8,1500,925000,2012
2454,Maruti,Eeco,5,5000,"Others (CNG,LPG)",Manual,21.94,1200,490000,2010
6002,Mercedes-Benz,E-Class,14,52487,Diesel,Automatic,11.0,3000,1050000,1996
111,BMW,5,5,63000,Diesel,Automatic,18.59,3000,2600000,2007
947,Honda,Amaze,2,10000,Petrol,Manual,19.5,1200,650000,2013
14818,Toyota,Innova,4,54226,Diesel,Manual,13.68,2400,1700000,2005
6470,Hyundai,i20,4,90000,Diesel,Manual,22.54,1400,700000,2008
1090,Hyundai,Grand,6,50283,Petrol,Manual,18.9,1200,404000,2013
4070,Maruti,Vitara,3,13666,Diesel,Automatic,24.3,1250,939000,2016
1806,Mahindra,XUV500,6,57000,Diesel,Manual,16.0,2000,925000,2011
15357,Toyota,Innova,10,50000,Diesel,Manual,12.8,2500,640000,2005
4282,Tata,Nexon,3,80000,Diesel,Manual,21.5,1500,889000,2017
5051,Maruti,Ciaz,4,57000,Diesel,Manual,28.09,1250,720000,2014
5336,Maruti,Wagon R,15,65000,Petrol,Manual,18.9,1000,175000,1999
9668,Volkswagen,Vento,7,76500,Diesel,Manual,20.34,1500,400000,2010
6496,Mercedes-Benz,C-Class,6,18000,Diesel,Automatic,14.84,2100,2850000,2001
11344,Maruti,Swift Dzire,5,41000,Petrol,Manual,22.0,1200,490000,2008
13015,Maruti,Swift Dzire,10,170000,Diesel,Manual,19.3,1250,270000,2008
2143,Maruti,Ertiga,3,23206,Petrol,Manual,19.34,1500,800000,2012
2804,Skoda,Superb,11,82000,Petrol,Automatic,13.7,1800,375000,2004
13616,Maruti,Vitara,2,23995,Diesel,Automatic,24.3,1250,1100000,2016
12862,Renault,Duster,5,70000,Diesel,Manual,19.87,1500,600000,2012
3728,Ford,Ecosport,2,10000,Petrol,Automatic,14.8,1500,950000,2013
825,Tata,Tiago,1,10000,Petrol,Manual,23.84,1200,535000,2016
14234,Maruti,Swift Dzire,7,87500,Diesel,Manual,23.4,1250,560000,2008
10133,Mahindra,Thar,7,27000,Diesel,Manual,16.55,2500,710000,2010
14075,Maruti,Swift,6,65000,Petrol,Manual,20.4,1200,510000,2005
2028,Mahindra,KUV,5,11800,Diesel,Manual,25.32,1200,450000,2016
10324,Mahindra,XUV500,10,71000,Diesel,Manual,15.1,2200,450000,2011
11796,Maruti,Swift,6,72030,Petrol,Manual,22.0,1200,525000,2005
11305,Maruti,Celerio,4,90000,"Others (CNG,LPG)",Manual,31.79,1000,380000,2014
1660,Hyundai,i20,4,25000,Petrol,Manual,18.6,1200,635000,2008
10447,BMW,5,8,70000,Diesel,Automatic,14.69,3000,1730000,2007
5285,Skoda,Rapid,8,40000,Diesel,Manual,20.5,1600,510000,2011
1389,Renault,Duster,7,56896,Diesel,Manual,19.01,1500,450000,2012
14180,Ford,Ecosport,7,78000,Diesel,Manual,22.7,1500,425000,2013
13100,Mercedes-Benz,E-Class,11,126436,Diesel,Automatic,14.21,2100,1230000,1996
13939,Volkswagen,Polo,6,50000,Petrol,Manual,16.2,1200,600000,2010
12981,Honda,CR-V,7,59000,Petrol,Manual,13.7,2000,1525000,2003
2321,Honda,City,5,47592,Petrol,Automatic,18.0,1500,845000,1998
4124,Ford,Figo,11,54523,Diesel,Manual,20.0,1400,280000,2010
12643,Toyota,Innova,9,198000,Diesel,Manual,12.8,2500,1125000,2005
4483,Maruti,Swift Dzire,3,50000,Petrol,Automatic,21.21,1200,730000,2008
12998,Renault,Duster,8,61000,Diesel,Manual,20.46,1500,675000,2012
9023,Toyota,Innova,2,10000,Diesel,Automatic,11.36,2800,1900000,2005
3695,Mahindra,Scorpio,13,71000,Diesel,Manual,10.5,2600,390000,2002
7837,Hyundai,Grand,10,65000,"Others (CNG,LPG)",Manual,25.0,1200,245000,2013
6499,Honda,City,13,71441,Petrol,Manual,17.7,1500,327000,1998
12523,BMW,3,10,95000,Diesel,Automatic,16.07,2000,1125000,2007
8647,Hyundai,i20,4,39000,Diesel,Manual,21.19,1400,850000,2008
14216,Hyundai,Santro,2,8000,Petrol,Manual,20.3,1100,500000,1998
8279,Honda,Amaze,2,5000,Petrol,Automatic,19.0,1200,800000,2013
13134,Maruti,Wagon R,4,43000,"Others (CNG,LPG)",Manual,26.2,1000,399000,1999
9243,Volkswagen,Polo,5,62000,Diesel,Manual,20.14,1500,390000,2010
8233,Audi,A4,10,69000,Diesel,Automatic,17.11,2000,925000,2008
2678,Toyota,Innova,7,92965,Diesel,Manual,12.99,2500,1025000,2005
1122,Honda,Jazz,5,73000,Diesel,Manual,27.3,1500,720000,2009
11743,Hyundai,i20,3,46432,Diesel,Manual,21.9,1400,765000,2008
11089,Hyundai,Grand,4,36732,Diesel,Manual,24.0,1200,529000,2013
5538,Toyota,Innova,3,30000,Diesel,Manual,13.68,2400,2050000,2005
10087,Maruti,Swift,5,38765,Petrol,Manual,22.0,1200,525000,2005
4247,Hyundai,i20,4,89823,Diesel,Manual,22.54,1400,690000,2008
9398,Maruti,Swift Dzire,8,77755,Diesel,Manual,23.4,1250,375000,2008
1152,Toyota,Innova,12,250000,Diesel,Manual,12.8,2500,600000,2005
2575,Volkswagen,Polo,9,58200,Petrol,Manual,16.47,1200,325000,2010
7245,Maruti,Swift,4,100000,Diesel,Manual,28.4,1250,580000,2005
68,Renault,KWID,5,25000,Petrol,Manual,25.17,800,240000,2015
13462,Hyundai,i20,4,35000,Diesel,Manual,22.54,1400,800000,2008
11076,Maruti,Alto,4,11000,Petrol,Manual,23.95,1000,325000,2000
14740,Maruti,Swift Dzire,5,63581,Petrol,Manual,20.85,1200,575000,2008
4609,Hyundai,i10,10,45000,Petrol,Automatic,19.2,1200,375000,2007
4998,Hyundai,Grand,7,95094,Diesel,Manual,24.0,1100,395000,2013
13882,Maruti,Baleno,4,40000,Diesel,Manual,27.39,1250,725000,2015
4194,Maruti,Swift,11,100000,Diesel,Manual,17.8,1250,250000,2005
15309,Maruti,Ertiga,5,30000,Diesel,Manual,24.52,1250,875000,2012
1998,Maruti,Ertiga,6,76000,Diesel,Manual,24.52,1250,770000,2012
6299,Honda,Amaze,7,61000,Diesel,Manual,25.8,1500,425000,2013
12100,Ford,Aspire,2,40000,Diesel,Manual,26.1,1500,650000,2015
11102,Toyota,Innova,4,27000,Diesel,Manual,13.68,2400,1450000,2005
9679,BMW,7,3,19100,Diesel,Automatic,16.77,3000,7975000,2002
7313,Maruti,Baleno,3,25000,Petrol,Manual,21.4,1200,700000,2015
4030,Maruti,Swift,8,71233,Diesel,Manual,28.4,1250,440000,2005
14876,Honda,Jazz,6,35380,Diesel,Manual,27.3,1500,660000,2009
6060,Maruti,Swift Dzire,6,140000,Diesel,Manual,26.59,1250,565000,2008
7289,Maruti,Swift Dzire,3,40000,Diesel,Manual,28.4,1250,740000,2008
2192,Maruti,Swift,11,82000,Petrol,Manual,22.0,1200,311000,2005
2546,Hyundai,Creta,4,31191,Petrol,Manual,13.0,1600,985000,2015
10090,Hyundai,Venue,2,27000,Petrol,Manual,18.27,1000,995000,2019
2498,Maruti,Ciaz,3,35000,Petrol,Manual,21.56,1500,710000,2014
14878,Volkswagen,Polo,6,62000,Diesel,Manual,20.14,1500,675000,2010
8007,Maruti,Wagon R,3,9700,Petrol,Manual,20.51,1000,420000,1999
14838,Honda,City,12,63000,Petrol,Manual,17.0,1500,260000,1998
3247,Toyota,Fortuner,11,158000,Diesel,Manual,11.5,3000,1050000,2009
12606,Maruti,Alto,16,100000,Petrol,Manual,19.7,800,100000,2000
3714,Hyundai,i10,10,60000,Petrol,Manual,20.36,1200,200000,2007
79,Honda,City,7,69000,Diesel,Manual,25.1,1500,550000,1998
6492,Maruti,Alto,13,20000,Petrol,Manual,19.7,800,150000,2000
10161,Honda,Amaze,7,75456,Diesel,Manual,25.8,1500,320000,2013
13292,Volkswagen,Polo,8,100000,Diesel,Manual,22.07,1200,290000,2010
1335,Maruti,Alto,11,83000,Petrol,Manual,19.7,800,190000,2000
3327,Maruti,Swift,2,5000,Petrol,Manual,21.21,1200,610000,2005
10176,Mahindra,Thar,9,50000,Diesel,Manual,16.55,2500,800000,2010
6100,Ford,Ecosport,2,57000,Diesel,Manual,23.0,1500,900000,2013
4026,Jaguar,XF,10,70000,Diesel,Automatic,14.74,3000,1550000,2009
244,Tata,Tiago,4,24800,Petrol,Manual,23.84,1200,335000,2016
357,Mahindra,Scorpio,5,155000,Diesel,Manual,15.4,2000,864000,2002
12615,Toyota,Fortuner,4,55000,Diesel,Manual,12.55,3000,2695000,2009
13870,Skoda,Rapid,9,70000,Diesel,Manual,20.5,1600,450000,2011
5743,Hyundai,Grand,6,20000,Petrol,Manual,18.9,1200,450000,2013
10666,Hyundai,i10,7,90000,Petrol,Manual,19.81,1100,300000,2007
11608,Maruti,Ertiga,8,61034,Diesel,Manual,20.77,1250,735000,2012
4736,Jeep,Compass,3,42000,Diesel,Manual,17.1,2000,1700000,2017
1197,Maruti,Alto,15,30000,Petrol,Manual,19.7,800,135000,2000
10518,Maruti,Ertiga,3,14000,Petrol,Manual,17.5,1400,735000,2012
10689,Ford,Endeavour,5,70000,Diesel,Manual,13.5,2200,2095000,2003
10904,Ford,Ecosport,5,35000,Petrol,Automatic,16.05,1500,721000,2013
11767,Honda,City,6,47000,Petrol,Automatic,18.0,1500,775000,1998
5552,Hyundai,i20,8,52000,Petrol,Manual,17.0,1200,465000,2008
2122,Maruti,Celerio,5,16393,Petrol,Automatic,21.63,1000,450000,2014
8252,Mahindra,Marazzo,2,45800,Diesel,Manual,17.3,1500,1050000,2018
11722,Toyota,Innova,8,148712,Diesel,Manual,12.99,2500,1175000,2005
15394,Volkswagen,Vento,7,95000,Petrol,Automatic,16.93,1200,625000,2010
11474,Skoda,Superb,9,55200,Petrol,Manual,13.14,1800,525000,2004
9478,Honda,Amaze,5,52306,Petrol,Manual,17.8,1200,465000,2013
717,Maruti,Wagon R,7,50000,Petrol,Manual,20.51,1000,350000,1999
10967,Hyundai,Grand,4,1010,Petrol,Manual,18.9,1200,500000,2013
13057,Hyundai,Verna,12,78666,Diesel,Manual,22.32,1600,160000,2006
6867,Honda,CR-V,13,120000,Petrol,Automatic,10.1,2350,600000,2003
8196,Honda,Jazz,5,42000,Diesel,Manual,27.3,1500,425000,2009
13137,Maruti,Swift,4,25000,Petrol,Manual,20.4,1200,625000,2005
10013,Maruti,Ciaz,5,56000,Diesel,Manual,28.09,1250,650000,2014
985,Hyundai,Grand,5,60000,Diesel,Manual,24.0,1100,400000,2013
5732,Maruti,Baleno,1,3000,Petrol,Automatic,21.4,1200,800000,2015
1985,Jeep,Compass,3,20000,Diesel,Manual,17.1,2000,800000,2017
6325,Hyundai,Verna,9,56702,Diesel,Manual,22.32,1600,525000,2006
6817,Honda,City,11,59000,Petrol,Manual,17.0,1500,400000,1998
2547,Maruti,Ertiga,5,50000,Diesel,Manual,24.52,1250,950000,2012
12932,Hyundai,i20,9,77000,Diesel,Manual,23.0,1400,359000,2008
8979,Maruti,Alto,10,15000,Petrol,Manual,19.7,800,156000,2000
14424,Maruti,Swift,6,47529,Petrol,Manual,21.21,1200,635000,2005
6883,Maruti,Celerio,5,50000,Petrol,Manual,23.1,1000,400000,2014
6977,Maruti,Swift Dzire,4,31000,Petrol,Manual,20.85,1200,650000,2008
9382,Toyota,Innova,5,58000,Diesel,Automatic,11.36,2800,1775000,2005
13644,Maruti,Alto,6,40000,"Others (CNG,LPG)",Manual,32.26,1000,260000,2000
14372,Volkswagen,Vento,10,69988,Diesel,Manual,20.54,1600,349000,2010
2185,Mahindra,Bolero,14,120000,Diesel,Manual,13.6,2500,250000,2000
10438,Ford,Ecosport,6,32000,Diesel,Manual,22.77,1500,575000,2013
14377,Hyundai,i20,2,16000,Diesel,Manual,22.54,1400,861000,2008
2358,Ford,Figo,11,90000,Petrol,Manual,15.6,1200,200000,2010
1854,Toyota,Innova,3,27000,Diesel,Automatic,11.36,2800,1800000,2005
12456,Hyundai,i20,6,44983,Petrol,Manual,18.6,1200,565000,2008
15054,Maruti,Alto,3,7377,Petrol,Automatic,23.95,1000,399000,2000
6720,Maruti,Alto,15,110000,Petrol,Manual,19.7,800,115000,2000
2114,Toyota,Innova,5,108000,Diesel,Manual,12.99,2500,1125000,2005
7527,Hyundai,Verna,11,50000,Diesel,Automatic,16.2,1500,199000,2006
1059,Mahindra,XUV500,2,31000,Diesel,Manual,15.1,2200,1450000,2011
676,Hyundai,i20,6,25000,Petrol,Manual,18.6,1200,475000,2008
3158,Skoda,Rapid,3,31000,Petrol,Automatic,14.3,1600,760000,2011
10460,Ford,Aspire,6,90000,Diesel,Manual,25.83,1500,410000,2015
11631,Hyundai,Santro,3,2925,Petrol,Manual,20.3,1100,525000,1998
12440,Mahindra,Scorpio,4,70000,Diesel,Manual,15.4,2000,1100000,2002
2124,Mahindra,XUV500,4,37000,Diesel,Automatic,16.0,2200,1160000,2011
10023,Maruti,Swift,5,46000,Diesel,Manual,25.2,1250,450000,2005
6645,Maruti,Swift Dzire,3,120000,Petrol,Manual,19.95,1200,460000,2008
10778,Hyundai,i20,9,53493,Petrol,Manual,18.5,1200,350000,2008
4804,Toyota,Innova,6,192000,Diesel,Manual,12.99,2500,1225000,2005
1444,Renault,Duster,8,53000,Diesel,Manual,19.01,1500,650000,2012
11700,Maruti,Swift Dzire,4,25000,Petrol,Automatic,21.21,1200,630000,2008
14417,Mahindra,XUV500,5,99000,Diesel,Automatic,16.0,2200,1175000,2011
7916,Mahindra,Thar,3,50000,Diesel,Manual,16.55,2500,950000,2010
2554,Renault,KWID,4,20000,Petrol,Manual,23.01,1000,350000,2015
8755,Maruti,Wagon R,10,78000,"Others (CNG,LPG)",Manual,26.2,1000,210000,1999
6815,Hyundai,Santro,1,1000,Petrol,Automatic,20.3,1100,550000,1998
11600,Maruti,Vitara,2,13000,Diesel,Manual,24.3,1250,951000,2016
6024,Maruti,Alto,2,25000,Petrol,Manual,24.7,800,310000,2000
4139,Mahindra,Bolero,7,89000,Diesel,Manual,15.96,2500,625000,2000
3479,Hyundai,Verna,3,35522,Diesel,Manual,22.0,1600,885000,2006
5447,Tata,Safari,11,110000,Diesel,Manual,13.93,2200,350000,1998
12894,Honda,Jazz,5,46774,Petrol,Manual,18.7,1200,600000,2009
11211,Maruti,Swift Dzire,5,45000,Petrol,Manual,20.85,1200,475000,2008
1702,Maruti,Swift,5,60000,Diesel,Manual,28.4,1250,590000,2005
9291,Mercedes-Benz,C-Class,7,6800,Diesel,Automatic,14.84,2100,1490000,2001
10097,Toyota,Innova,4,68000,Diesel,Automatic,11.36,2800,1450000,2005
476,Ford,Endeavour,4,62876,Diesel,Automatic,10.91,3200,2875000,2003
9377,Maruti,Swift Dzire,7,66251,Petrol,Manual,19.1,1200,430000,2008
9882,Hyundai,i10,8,44000,Petrol,Manual,19.81,1100,230000,2007
14285,Toyota,Innova,9,120000,Diesel,Manual,12.99,2500,780000,2005
383,Maruti,Ciaz,5,120000,Diesel,Manual,28.09,1250,700000,2014
10437,Renault,Duster,7,65350,Diesel,Manual,20.45,1500,450000,2012
11535,Mercedes-Benz,E-Class,6,65000,Diesel,Automatic,13.0,3000,2500000,1996
1577,Maruti,Celerio,4,15000,Petrol,Manual,23.1,1000,440000,2014
2067,Hyundai,Verna,5,63000,Diesel,Automatic,21.3,1500,751000,2006
1936,Maruti,Alto,2,7602,Petrol,Automatic,23.95,1000,425000,2000
9861,Maruti,Alto,5,30265,"Others (CNG,LPG)",Manual,30.46,800,295000,2000
10170,Mahindra,XUV500,6,80000,Diesel,Manual,16.0,2200,925000,2011
5018,Hyundai,Verna,9,57400,Diesel,Manual,16.8,1500,525000,2006
10445,BMW,3,11,75000,Petrol,Automatic,12.05,2000,650000,2007
12513,Honda,WR-V,4,68000,Petrol,Manual,17.5,1200,750000,2017
14550,Hyundai,i20,11,56660,Petrol,Manual,18.5,1200,340000,2008
10827,Hyundai,i20,3,10080,Petrol,Manual,18.6,1200,720000,2008
10953,Maruti,Swift,9,85000,Diesel,Manual,22.9,1250,280000,2005
4265,Mahindra,XUV500,5,56500,Diesel,Automatic,16.0,2000,1275000,2011
805,Maruti,Swift Dzire,5,40000,Diesel,Manual,26.59,1250,550000,2008
143,Maruti,Ciaz,6,70000,Petrol,Manual,20.73,1400,530000,2014
3476,Volkswagen,Vento,11,80000,Petrol,Automatic,14.8,1600,350000,2010
13561,BMW,5,7,38000,Diesel,Automatic,18.84,2000,2075000,2007
10909,Hyundai,Grand,7,29000,Petrol,Manual,18.9,1200,385000,2013
7486,Maruti,Alto,6,50000,Petrol,Manual,22.74,800,210000,2000
13750,Hyundai,Grand,5,29000,Petrol,Manual,18.9,1200,495000,2013
10848,Hyundai,Verna,4,30000,Petrol,Manual,17.01,1600,880000,2006
13654,Ford,Figo,5,97000,Diesel,Manual,25.83,1500,475000,2010
11901,Hyundai,i20,5,60000,Petrol,Manual,18.6,1200,565000,2008
11500,Maruti,Alto,2,25000,Petrol,Manual,24.7,800,300000,2000
2281,Hyundai,i20,6,35000,Petrol,Manual,17.19,1200,575000,2008
11896,Renault,Duster,2,19444,Petrol,Automatic,13.9,1500,1140000,2012
8187,Ford,Ecosport,7,40000,Diesel,Manual,22.7,1500,495000,2013
1321,Hyundai,i20,3,20000,Petrol,Manual,18.6,1200,524000,2008
4373,Hyundai,i10,11,76602,Petrol,Manual,20.36,1200,320000,2007
3075,Maruti,Ciaz,4,54552,Petrol,Manual,20.73,1400,675000,2014
11449,Mahindra,Scorpio,2,45000,Diesel,Manual,16.36,2200,1250000,2002
9204,Tata,Tigor,3,30000,Petrol,Manual,20.3,1200,495000,2017
9817,Honda,Amaze,5,15000,Petrol,Manual,18.0,1200,500000,2013
15052,Renault,Duster,8,51399,Diesel,Manual,19.01,1500,749000,2012
3341,Maruti,Swift,4,10000,Petrol,Manual,21.21,1200,550000,2005
12472,Maruti,Ciaz,4,28847,Petrol,Automatic,19.12,1400,850000,2014
4258,Mahindra,XUV500,8,182340,Diesel,Manual,15.1,2200,825000,2011
5134,Volkswagen,Vento,10,105000,Diesel,Manual,20.54,1600,395000,2010
4134,Hyundai,i20,8,90000,Diesel,Manual,21.9,1400,415000,2008
13025,Honda,Amaze,5,40000,Petrol,Manual,18.0,1200,475000,2013
7287,Tata,Tiago,2,21860,Petrol,Manual,23.84,1200,425000,2016
9641,Maruti,Wagon R,10,52000,"Others (CNG,LPG)",Manual,26.2,1000,210000,1999
9883,Maruti,Wagon R,9,69000,Petrol,Manual,21.79,1000,300000,1999
8460,Hyundai,Grand,1,4350,Petrol,Manual,20.7,1200,725000,2013
11268,Honda,City,9,65000,Petrol,Automatic,16.8,1500,440000,1998
5405,Hyundai,i10,13,73181,Petrol,Manual,19.81,1100,260000,2007
14464,Mercedes-Benz,C-Class,4,32057,Diesel,Automatic,14.84,2100,3350000,2001
12743,Maruti,Wagon R,8,69000,"Others (CNG,LPG)",Manual,26.2,1000,290000,1999
5973,Maruti,Swift,2,20000,Petrol,Manual,22.0,1200,625000,2005
6569,Ford,Figo,4,27500,Diesel,Manual,25.83,1500,580000,2010
1798,Jaguar,XF,6,28000,Diesel,Automatic,16.36,2200,2400000,2009
2640,Toyota,Fortuner,10,175000,Diesel,Manual,11.5,3000,1075000,2009
5155,Maruti,Alto,1,5000,Petrol,Manual,22.05,800,300000,2000
8352,Mahindra,Bolero,4,70000,Diesel,Manual,15.96,2500,589000,2000
5037,Maruti,Alto,5,15000,Petrol,Manual,22.74,800,295000,2000
5207,Hyundai,Verna,2,12000,Petrol,Manual,17.0,1600,1150000,2006
8384,Maruti,Ertiga,9,57000,Petrol,Manual,16.02,1400,439000,2012
13503,BMW,7,14,60000,Diesel,Automatic,14.49,3000,465000,2002
6639,Mahindra,Marazzo,2,30000,Diesel,Manual,17.3,1500,1460000,2018
5587,Hyundai,Verna,9,82000,Diesel,Manual,22.32,1600,545000,2006
4968,Ford,Ecosport,6,27000,Petrol,Automatic,15.63,1500,750000,2013
4599,Hyundai,Verna,11,88126,Diesel,Manual,16.8,1500,295000,2006
4051,Mercedes-Benz,C-Class,13,99000,Diesel,Automatic,14.84,2100,995000,2001
1428,Maruti,Celerio,4,30000,Diesel,Manual,27.62,800,350000,2014
10144,Hyundai,Creta,5,40000,Diesel,Manual,19.67,1600,1050000,2015
12768,Ford,Figo,10,110000,Diesel,Manual,20.0,1400,250000,2010
6556,Toyota,Innova,9,120000,Diesel,Manual,12.8,2500,875000,2005
6978,Maruti,Wagon R,16,29957,Petrol,Manual,18.9,1000,150000,1999
11660,Mahindra,KUV100,2,5000,Diesel,Manual,25.32,1200,700000,2016
12481,Hyundai,i20,3,34000,Petrol,Manual,18.6,1200,835000,2008
14254,Jaguar,XF,6,80000,Diesel,Automatic,16.36,2200,2850000,2009
3935,Skoda,Superb,4,30000,Petrol,Automatic,14.67,1800,1950000,2004
5564,Hyundai,Grand,5,38861,Diesel,Manual,24.0,1100,583000,2013
11352,Renault,Duster,5,65000,Diesel,Manual,19.6,1500,550000,2012
2688,Honda,City,5,32000,Petrol,Automatic,18.0,1500,845000,1998
8708,Maruti,Swift Dzire,11,59117,Petrol,Manual,17.5,1300,300000,2008
7455,Honda,Amaze,4,70000,Diesel,Manual,25.8,1500,450000,2013
10570,Mercedes-Benz,E-Class,10,64332,Diesel,Automatic,14.21,2100,1050000,1996
10208,Mercedes-Benz,C-Class,4,16000,Diesel,Automatic,19.27,2100,3150000,2001
8254,Hyundai,i20,4,29599,Diesel,Manual,21.19,1400,600000,2008
9659,Honda,City,4,35000,Petrol,Manual,17.8,1500,725000,1998
11962,Maruti,Wagon R,9,68000,Petrol,Manual,21.79,1000,265000,1999
10446,Honda,CR-V,4,35000,Petrol,Automatic,12.0,2350,1775000,2003
14004,Mahindra,Scorpio,4,68000,Diesel,Manual,15.4,2200,1269000,2002
10943,Maruti,Ertiga,4,45000,Petrol,Manual,19.34,1500,745000,2012
8402,Hyundai,i20,6,30000,Petrol,Manual,18.6,1200,650000,2008
1810,Maruti,Ciaz,7,43612,Petrol,Manual,20.73,1400,555000,2014
4805,Skoda,Octavia,6,89000,Diesel,Automatic,19.3,2000,1295000,2001
7858,Toyota,Innova,10,88001,Diesel,Manual,12.8,2500,695000,2005
13881,Tata,Tiago,3,31000,Petrol,Manual,23.84,1200,475000,2016
13794,BMW,5,11,48000,Diesel,Automatic,16.73,2500,1290000,2007
13927,Mercedes-Benz,C-Class,4,17000,Diesel,Automatic,19.27,2100,3350000,2001
8014,Toyota,Innova,2,6006,Diesel,Manual,13.68,2400,1950000,2005
2220,BMW,3,6,65000,Diesel,Automatic,19.59,2000,1825000,2007
7032,Maruti,Ertiga,2,40000,Diesel,Manual,24.2,1500,950000,2012
10080,Maruti,Swift Dzire,7,72001,Petrol,Manual,19.1,1200,385000,2008
3672,Skoda,Superb,6,68000,Diesel,Automatic,17.2,2000,1275000,2004
8972,Maruti,Ciaz,3,23167,Petrol,Manual,21.56,1500,725000,2014
5228,Hyundai,Creta,5,27000,Diesel,Manual,19.67,1600,1199000,2015
409,Maruti,Alto,6,33000,Petrol,Manual,22.74,800,260000,2000
15227,Mahindra,KUV,3,50000,"Others (CNG,LPG)",Manual,18.15,1200,400000,2016
10993,Maruti,Vitara,5,45417,Diesel,Manual,24.3,1250,750000,2016
6922,Maruti,Swift Dzire,3,40000,Petrol,Manual,21.21,1200,600000,2008
14488,BMW,3,10,51048,Diesel,Automatic,13.2,2000,815000,2007
551,Hyundai,Verna,8,76300,Diesel,Manual,22.32,1600,480000,2006
13983,Maruti,Alto,3,32875,Petrol,Manual,23.95,1000,360000,2000
12094,BMW,5,5,35000,Diesel,Automatic,18.12,2000,3750000,2007
12935,Maruti,Ertiga,3,56000,"Others (CNG,LPG)",Manual,26.08,1500,900000,2012
7656,Maruti,Swift Dzire,4,50948,Diesel,Automatic,26.59,1250,680000,2008
14473,Hyundai,Verna,4,50000,Petrol,Manual,17.01,1600,950000,2006
10129,Hyundai,Grand,6,38000,Petrol,Manual,18.9,1200,385000,2013
7612,Honda,WR-V,3,11000,Diesel,Manual,25.5,1500,825000,2017
4233,Maruti,Eeco,11,97438,"Others (CNG,LPG)",Manual,15.1,1200,260000,2010
11720,Maruti,Ciaz,5,49184,Diesel,Manual,26.82,1500,740000,2014
2515,Maruti,Ertiga,8,187420,Diesel,Manual,20.77,1250,670000,2012
4490,Maruti,Vitara,4,55000,Diesel,Manual,24.3,1250,825000,2016
11012,Hyundai,Creta,4,110000,Diesel,Manual,19.67,1600,1045000,2015
1184,Mahindra,Scorpio,6,35000,Diesel,Manual,15.4,2000,850000,2002
6553,Hyundai,i10,11,67000,Petrol,Manual,20.36,1200,320000,2007
6104,Maruti,Alto,2,35000,Petrol,Manual,23.95,1000,380000,2000
12354,Ford,Figo,11,89226,Diesel,Manual,20.0,1400,300000,2010
12907,Maruti,Alto,6,30000,Petrol,Manual,22.74,800,230000,2000
15122,Toyota,Innova,8,200000,Diesel,Manual,12.99,2500,750000,2005
2924,Honda,Amaze,8,119462,Diesel,Manual,24.7,1500,425000,2013
14796,Mercedes-Benz,E-Class,15,78000,Petrol,Automatic,10.5,1800,500000,1996
8360,Maruti,Ignis,4,15000,Petrol,Manual,20.89,1200,575000,2017
15165,Mahindra,Scorpio,7,90000,Diesel,Manual,13.5,2200,650000,2002
9771,Ford,Aspire,3,59012,Diesel,Manual,25.83,1500,590000,2015
7494,Honda,City,4,40000,Diesel,Manual,25.6,1500,990000,1998
12287,Maruti,Vitara,2,12000,Diesel,Manual,24.3,1250,950000,2016
7765,Datsun,GO,7,34540,Petrol,Manual,19.02,1200,315000,2014
12029,Hyundai,i10,5,59265,Petrol,Manual,19.81,1100,350000,2007
7356,Hyundai,Creta,3,82000,Diesel,Manual,19.67,1600,1135000,2015
8744,Hyundai,i10,10,30000,Petrol,Automatic,16.95,1200,225000,2007
2574,Volkswagen,Vento,6,48000,Diesel,Manual,20.34,1500,490000,2010
9134,Maruti,Vitara,3,69000,Diesel,Automatic,24.3,1250,831000,2016
3752,Volkswagen,Vento,5,37900,Petrol,Automatic,18.19,1200,749000,2010
3017,Hyundai,Grand,5,14000,Petrol,Manual,18.9,1200,495000,2013
8721,Ford,Ecosport,8,71000,Diesel,Manual,22.7,1500,475000,2013
6710,Maruti,Swift Dzire,5,82253,Diesel,Manual,19.3,1250,680000,2008
13447,Hyundai,Verna,3,22000,Petrol,Manual,17.0,1600,910000,2006
2479,Hyundai,i10,10,56653,Petrol,Manual,19.81,1100,300000,2007
924,Mahindra,Bolero,4,80000,Diesel,Manual,15.96,2500,600000,2000
5347,Maruti,Celerio,2,15000,Petrol,Manual,23.1,1000,460000,2014
11394,Ford,Ecosport,8,47000,Diesel,Manual,22.7,1500,465000,2013
10379,Maruti,Swift Dzire,7,74326,Petrol,Manual,19.1,1200,400000,2008
4636,Ford,Ecosport,6,73389,Diesel,Manual,22.7,1500,690000,2013
9366,Maruti,Ciaz,4,28297,Diesel,Manual,28.09,1250,775000,2014
12686,Maruti,Swift Dzire,8,72647,Petrol,Manual,19.1,1200,500000,2008
14291,Hyundai,Grand,5,33500,Diesel,Manual,24.0,1100,365000,2013
14205,Volkswagen,Polo,5,32555,Petrol,Automatic,17.21,1200,699000,2010
7980,Maruti,Alto,8,64000,"Others (CNG,LPG)",Manual,30.46,800,225000,2000
14117,Hyundai,Verna,10,57501,Diesel,Manual,22.32,1600,390000,2006
8603,Hyundai,Verna,2,65000,Diesel,Automatic,22.0,1600,1100000,2006
10241,Maruti,Swift,2,22000,Diesel,Manual,28.4,1250,680000,2005
4075,Renault,Duster,8,49400,Diesel,Manual,19.01,1500,570000,2012
6481,Volkswagen,Polo,1,18489,Petrol,Manual,18.24,1000,700000,2010
15342,Ford,Endeavour,9,60000,Diesel,Manual,13.1,2500,1000000,2003
14,Maruti,Swift,5,20000,Diesel,Manual,25.2,1250,627000,2005
14077,Honda,Civic,11,110000,Petrol,Manual,14.8,1800,215000,2006
842,Maruti,Wagon R,12,120000,"Others (CNG,LPG)",Manual,17.3,1100,110000,1999
5957,Maruti,Alto,4,80000,Petrol,Manual,24.7,800,280000,2000
13949,Maruti,Ertiga,2,10000,Petrol,Manual,19.34,1500,940000,2012
13661,Maruti,Swift Dzire,2,10450,Diesel,Automatic,28.4,1250,850000,2008
1820,Honda,City,13,75000,Petrol,Manual,17.7,1500,190000,1998
593,BMW,3,10,98955,Diesel,Automatic,13.2,2000,575000,2007
14609,Toyota,Innova,10,129238,Diesel,Manual,12.8,2500,925000,2005
8656,Maruti,Swift Dzire,8,93000,Diesel,Manual,19.3,1250,520000,2008
5996,BMW,5,8,33000,Diesel,Automatic,17.09,2000,2500000,2007
810,Ford,Figo,6,58000,Petrol,Manual,18.16,1200,290000,2010
10038,Volkswagen,Polo,8,89103,Diesel,Manual,22.07,1200,234000,2010
11299,Skoda,Octavia,6,55000,Petrol,Automatic,14.7,1800,945000,2001
6444,Maruti,Ciaz,3,28500,Diesel,Manual,28.09,1250,925000,2014
12087,Maruti,Baleno,4,25565,Petrol,Manual,21.4,1200,610000,2015
14108,Hyundai,Verna,3,33000,Petrol,Manual,17.7,1500,1150000,2006
4992,Maruti,Swift Dzire,3,18000,Petrol,Automatic,21.21,1200,750000,2008
7463,Maruti,Baleno,5,50000,Diesel,Manual,27.39,1250,725000,2015
13621,Maruti,Ertiga,7,35000,Diesel,Manual,20.77,1250,725000,2012
11041,Hyundai,Creta,5,54400,Petrol,Automatic,13.0,1600,980000,2015
6153,Maruti,Alto,4,25000,Petrol,Manual,24.7,800,250000,2000
10249,Mercedes-Benz,E-Class,11,70599,Diesel,Automatic,14.21,2100,875000,1996
10011,Maruti,Alto,3,9800,Petrol,Manual,22.74,800,320000,2000
5482,Volkswagen,Polo,8,53000,Diesel,Manual,15.11,1600,590000,2010
13040,Mercedes-Benz,E-Class,9,23000,Petrol,Automatic,10.93,3500,1996000,1996
14363,Toyota,Fortuner,8,100000,Diesel,Manual,12.55,3000,1250000,2009
1245,Hyundai,Creta,4,54000,Petrol,Manual,15.8,1600,1050000,2015
9470,Hyundai,Venue,2,12000,Petrol,Manual,18.0,1000,1050000,2019
203,Toyota,Fortuner,3,50000,Diesel,Automatic,12.9,2800,2950000,2009
14872,Renault,Duster,7,80000,Diesel,Manual,19.01,1500,710000,2012
10362,Maruti,Ertiga,4,40000,Petrol,Manual,19.34,1500,750000,2012
10020,Honda,WR-V,3,32547,Petrol,Manual,17.5,1200,548000,2017
9165,Maruti,Wagon R,7,42290,Petrol,Manual,20.51,1000,310000,1999
4633,Hyundai,i20,3,20600,Petrol,Manual,18.6,1200,585000,2008
63,Ford,Figo,4,19093,Petrol,Manual,18.16,1200,525000,2010
15315,Maruti,Swift Dzire,5,35000,Petrol,Manual,22.0,1200,550000,2008
994,Maruti,Wagon R,3,50000,Petrol,Manual,20.51,1000,400000,1999
11841,Skoda,Superb,11,70000,Petrol,Automatic,13.7,1800,330000,2004
12543,Maruti,Swift Dzire,8,90000,Diesel,Manual,23.4,1250,460000,2008
11131,Hyundai,i20,9,53000,Diesel,Manual,21.9,1400,299000,2008
3817,Hyundai,i20,9,56328,Diesel,Manual,21.9,1400,370000,2008
14240,Maruti,Swift Dzire,6,43290,Petrol,Manual,20.85,1200,585000,2008
1352,Honda,Amaze,6,120000,Petrol,Manual,18.0,1200,280000,2013
4762,Skoda,Superb,10,75000,Diesel,Automatic,17.2,2000,725000,2004
13628,Hyundai,Grand,4,50000,Diesel,Manual,24.0,1200,450000,2013
12291,Hyundai,i20,5,49000,Petrol,Manual,18.6,1200,695000,2008
9609,Maruti,Celerio,5,36000,Petrol,Manual,23.1,1000,375000,2014
11742,Renault,KWID,4,35017,Petrol,Automatic,24.04,1000,385000,2015
11081,Honda,City,7,55000,Diesel,Manual,26.0,1500,635000,1998
13367,BMW,3,5,45000,Diesel,Automatic,19.59,2000,2690000,2007
10012,Honda,City,2,16000,Petrol,Manual,17.4,1500,925000,1998
14770,Maruti,Wagon R,12,70000,Petrol,Manual,18.9,1100,134000,1999
8892,Maruti,Ignis,3,16000,Petrol,Automatic,20.89,1200,500000,2017
15148,Renault,KWID,4,15335,Petrol,Manual,23.01,1000,380000,2015
8667,Mahindra,Scorpio,6,55496,Diesel,Manual,15.4,2200,925000,2002
8165,Maruti,Alto,9,61043,Petrol,Manual,19.7,800,210000,2000
9807,Hyundai,i20,3,25000,Petrol,Manual,18.6,1200,550000,2008
4223,Hyundai,Grand,6,45000,Petrol,Manual,18.9,1200,405000,2013
2243,Maruti,Alto,5,9223,Petrol,Manual,22.74,800,300000,2000
15056,BMW,3,5,33000,Diesel,Automatic,21.76,2000,2550000,2007
6620,Maruti,Ciaz,2,36000,Petrol,Manual,21.56,1500,930000,2014
7686,Toyota,Fortuner,10,140782,Diesel,Manual,11.5,3000,1025000,2009
5815,Maruti,Alto,5,24779,Petrol,Automatic,23.95,1000,360000,2000
8294,Ford,Ecosport,8,34000,Petrol,Manual,18.88,1000,550000,2013
14815,Hyundai,Grand,5,45000,Petrol,Manual,18.9,1200,550000,2013
10005,Maruti,Wagon R,9,45000,Petrol,Manual,14.0,1100,236000,1999
15282,Tata,Safari,7,151048,Diesel,Manual,14.0,2200,775000,1998
2246,Hyundai,Creta,4,51050,Diesel,Manual,19.67,1600,1050000,2015
10741,Toyota,Innova,3,30000,Diesel,Manual,13.68,2400,1600000,2005
6028,Mahindra,XUV500,2,99000,Diesel,Manual,16.0,2200,1175000,2011
3994,Toyota,Innova,8,140000,Diesel,Manual,12.99,2500,850000,2005
2519,Maruti,Ertiga,5,20000,"Others (CNG,LPG)",Manual,17.5,1400,825000,2012
1870,Maruti,Ertiga,5,68500,Petrol,Automatic,17.03,1400,765000,2012
14679,Maruti,Baleno,3,10001,Petrol,Automatic,21.4,1200,759000,2015
10212,Volkswagen,Vento,9,90000,Diesel,Manual,20.54,1600,290000,2010
5586,Honda,WR-V,4,60000,Diesel,Manual,25.5,1500,825000,2017
2345,Maruti,Swift,9,100000,Diesel,Manual,28.4,1250,450000,2005
1132,Toyota,Fortuner,6,112000,Diesel,Automatic,12.55,3000,1650000,2009
10035,Maruti,Baleno,3,15155,Petrol,Automatic,19.56,1200,730000,2015
3569,BMW,5,4,46000,Diesel,Automatic,22.48,2000,2850000,2007
12860,Hyundai,Grand,7,40000,Petrol,Manual,18.9,1200,495000,2013
12051,Hyundai,i10,9,47000,Petrol,Automatic,19.2,1200,395000,2007
5337,Hyundai,i10,9,9800,Petrol,Manual,20.36,1200,275000,2007
4165,Tata,Hexa,3,25000,Diesel,Manual,17.6,2200,800000,2017
3793,Maruti,Swift,9,73000,Diesel,Manual,22.9,1250,385000,2005
14705,Renault,KWID,5,14183,Petrol,Manual,22.3,800,395000,2015
10479,Ford,Aspire,5,70000,Diesel,Manual,25.83,1500,450000,2015
12052,Skoda,Octavia,7,106380,Diesel,Manual,20.6,2000,750000,2001
2831,Maruti,Swift Dzire,5,150000,Diesel,Manual,23.4,1250,330000,2008
5112,Ford,Figo,4,53400,Diesel,Manual,20.0,1400,550000,2010
8494,Maruti,Ciaz,3,36000,Diesel,Manual,28.09,1250,975000,2014
7704,Hyundai,i20,9,45000,Petrol,Manual,18.5,1200,295000,2008
3838,Hyundai,Verna,8,65512,Diesel,Manual,22.32,1600,585000,2006
5623,Maruti,Swift,9,75000,Diesel,Manual,28.4,1250,425000,2005
2805,Volkswagen,Polo,8,110000,Diesel,Manual,22.07,1200,375000,2010
10591,BMW,5,10,68000,Diesel,Automatic,18.48,2000,1050000,2007
4699,Honda,City,2,20000,Petrol,Manual,17.4,1500,1075000,1998
6909,Tata,Nexon,2,18593,Petrol,Manual,17.0,1200,675000,2017
14116,Maruti,Wagon R,11,65000,Petrol,Manual,18.9,1000,110000,1999
12628,Skoda,Rapid,8,45000,Petrol,Manual,15.0,1600,625000,2011
14484,Honda,Jazz,4,41615,Petrol,Manual,18.7,1200,611000,2009
10876,Volkswagen,Polo,7,80000,Diesel,Manual,20.14,1500,325000,2010
6293,Toyota,Innova,11,142000,Diesel,Manual,12.8,2500,780000,2005
9012,Tata,Tigor,3,40000,Petrol,Manual,20.3,1200,550000,2017
2581,Maruti,Celerio,3,30700,Petrol,Manual,21.63,1000,521000,2014
468,Ford,Ecosport,5,35200,Petrol,Automatic,14.7,1500,725000,2013
5251,Hyundai,Verna,3,30000,Petrol,Manual,17.0,1600,900000,2006
13970,Maruti,Swift,4,59844,Diesel,Automatic,28.4,1250,675000,2005
6724,Hyundai,i20,3,29000,Petrol,Manual,18.6,1200,530000,2008
4455,Hyundai,i10,13,82000,Petrol,Manual,20.36,1200,185000,2007
5606,Toyota,Innova,12,69000,Diesel,Manual,12.8,2500,850000,2005
10069,Maruti,Wagon R,12,63000,Petrol,Manual,20.51,1000,129000,1999
8184,Honda,City,7,60000,Petrol,Manual,17.4,1500,500000,1998
8853,Maruti,Swift Dzire,3,15000,Petrol,Automatic,21.21,1200,680000,2008
13022,Maruti,Swift,7,25000,Diesel,Manual,25.2,1250,405000,2005
6546,Maruti,Baleno,5,120000,Diesel,Manual,27.39,1250,550000,2015
9761,Maruti,Ciaz,6,49098,Petrol,Manual,20.73,1400,585000,2014
2302,Hyundai,i20,8,26000,Petrol,Manual,18.5,1200,355000,2008
6728,Maruti,Alto,13,97000,Petrol,Manual,19.7,800,175000,2000
10830,Mahindra,Scorpio,7,100000,Diesel,Manual,15.4,2000,825000,2002
5949,Honda,Amaze,6,67500,Petrol,Manual,18.0,1200,500000,2013
11325,Hyundai,Creta,4,54000,Petrol,Manual,15.29,1600,999000,2015
12387,Ford,Figo,5,68000,Petrol,Manual,18.16,1200,525000,2010
15340,Audi,A4,9,40000,Diesel,Automatic,15.2,2000,1195000,2008
8116,Tata,Tiago,3,38000,Petrol,Manual,23.84,1200,390000,2016
15040,Toyota,Innova,4,43458,Diesel,Manual,12.99,2500,1670000,2005
4840,Maruti,Swift,4,50000,Diesel,Manual,28.4,1250,680000,2005
14616,Ford,Ecosport,3,32387,Diesel,Manual,22.77,1500,965000,2013
6901,Maruti,Swift Dzire,6,32524,Petrol,Manual,19.0,1200,560000,2008
12895,Mercedes-Benz,C-Class,11,45000,Diesel,Automatic,14.84,2100,740000,2001
7818,Hyundai,i10,6,48429,Petrol,Manual,20.36,1200,315000,2007
9297,Honda,Amaze,5,40000,Petrol,Automatic,15.5,1200,474000,2013
11339,Hyundai,i20,4,8500,Petrol,Manual,18.6,1200,550000,2008
11498,Hyundai,Creta,6,77000,Diesel,Manual,21.38,1400,775000,2015
2629,Hyundai,i20,2,34900,Petrol,Manual,18.6,1200,710000,2008
4068,Hyundai,i20,8,131000,Diesel,Manual,21.27,1400,430000,2008
12022,Maruti,Swift Dzire,6,28375,Diesel,Manual,26.59,1250,475000,2008
874,Mahindra,Scorpio,5,90000,Diesel,Manual,15.4,2200,900000,2002
9847,Hyundai,Grand,4,32891,Petrol,Manual,18.9,1200,450000,2013
9957,Hyundai,i20,9,53000,Petrol,Manual,17.0,1200,345000,2008
3078,Hyundai,i10,9,59000,Petrol,Manual,19.81,1100,275000,2007
3204,Mahindra,XUV500,3,60000,Diesel,Manual,16.0,2200,1500000,2011
6320,Maruti,Alto,11,107000,Petrol,Manual,20.92,1000,230000,2000
10558,Maruti,Ciaz,5,21000,Petrol,Manual,20.73,1400,615000,2014
5161,Hyundai,Grand,4,60000,Diesel,Manual,24.0,1200,650000,2013
5927,Hyundai,i20,12,50000,Petrol,Manual,17.0,1200,300000,2008
12281,Hyundai,i10,12,30000,Petrol,Manual,20.36,1200,300000,2007
8629,Maruti,Ignis,3,12000,Petrol,Manual,20.89,1200,468000,2017
14836,Hyundai,i10,9,15000,Petrol,Manual,20.36,1200,220000,2007
13707,Maruti,Alto,4,35000,Petrol,Manual,24.7,800,240000,2000
3307,Maruti,Wagon R,8,50000,Petrol,Manual,20.51,1000,292000,1999
1112,Maruti,Baleno,3,20000,Petrol,Manual,21.4,1200,680000,2015
13602,Honda,City,11,65000,Petrol,Manual,17.0,1500,295000,1998
15337,Maruti,Swift,7,72597,Petrol,Manual,18.6,1200,365000,2005
5247,Ford,Ecosport,4,38966,Petrol,Manual,17.0,1500,685000,2013
6952,Maruti,Swift Dzire,7,100000,Diesel,Manual,23.4,1250,450000,2008
11005,Hyundai,Creta,6,54525,Petrol,Manual,15.29,1600,750000,2015
6471,Honda,City,13,60000,Petrol,Manual,17.0,1500,360000,1998
7995,Hyundai,Santro,12,90000,Petrol,Manual,17.92,1100,127000,1998
1986,Hyundai,Venue,1,3200,Petrol,Automatic,18.15,1000,1240000,2019
6510,Volkswagen,Polo,9,50000,Diesel,Manual,22.07,1200,380000,2010
11951,Maruti,Swift Dzire,13,112000,Diesel,Manual,23.4,1250,310000,2008
14606,Maruti,Ciaz,5,62563,Diesel,Manual,28.09,1250,750000,2014
3963,Mahindra,XUV500,8,70000,Diesel,Manual,15.1,2200,600000,2011
11322,Honda,City,1,4500,Petrol,Automatic,18.4,1500,1570000,1998
1382,Maruti,Swift Dzire,8,65000,Diesel,Manual,23.4,1250,350000,2008
13328,Toyota,Innova,7,115000,Diesel,Manual,12.99,2500,1025000,2005
9593,Maruti,Baleno,4,70000,Petrol,Manual,21.4,1200,500000,2015
3733,Maruti,Wagon R,4,25000,Petrol,Automatic,21.79,1000,425000,1999
8971,Maruti,Swift Dzire,3,47230,Petrol,Manual,22.0,1200,625000,2008
4142,Hyundai,Grand,7,44904,Petrol,Manual,18.9,1200,400000,2013
12843,Ford,Ecosport,2,11000,Diesel,Manual,22.77,1500,945000,2013
11910,Maruti,Alto,5,40000,Petrol,Manual,22.74,800,265000,2000
10933,Hyundai,Verna,9,72545,Diesel,Manual,22.32,1600,425000,2006
760,Mahindra,Scorpio,7,120000,Diesel,Manual,15.4,2500,750000,2002
3897,Maruti,Alto,7,48255,Petrol,Manual,22.74,800,250000,2000
5948,Ford,Figo,10,68000,Diesel,Manual,20.0,1400,230000,2010
4580,Hyundai,Santro,2,10290,Petrol,Automatic,20.3,1100,470000,1998
7515,Toyota,Innova,4,33000,Diesel,Manual,13.68,2400,1725000,2005
4549,Maruti,Swift Dzire,4,50000,Diesel,Manual,28.4,1250,700000,2008
7002,Hyundai,Grand,2,35000,Diesel,Manual,24.0,1200,575000,2013
13006,Maruti,Swift,11,27284,Petrol,Manual,16.1,1200,291000,2005
560,Mahindra,Bolero,10,46000,Diesel,Manual,13.6,2500,340000,2000
1579,Hyundai,Creta,6,45000,Diesel,Automatic,17.01,1600,1025000,2015
11204,Maruti,Swift Dzire,10,62000,Petrol,Manual,20.85,1200,235000,2008
791,Maruti,Baleno,4,24000,Petrol,Manual,21.4,1200,565000,2015
3603,BMW,7,5,56000,Diesel,Automatic,16.46,3000,5385000,2002
692,Volkswagen,Vento,3,23268,Diesel,Manual,22.27,1500,914000,2010
4225,Toyota,Innova,3,65750,Diesel,Manual,13.68,2400,1925000,2005
4331,Volkswagen,Polo,3,58000,Petrol,Manual,16.2,1200,690000,2010
4451,Ford,Ecosport,6,16000,Diesel,Manual,22.7,1500,750000,2013
15199,Honda,CR-V,14,99500,Petrol,Automatic,10.1,2350,355000,2003
2223,Honda,City,6,42000,Petrol,Manual,17.8,1500,615000,1998
2671,Hyundai,i20,4,20000,Petrol,Manual,18.6,1200,690000,2008
8199,Tata,Nexon,3,26000,Petrol,Manual,17.0,1200,600000,2017
4778,Maruti,Swift Dzire,9,153000,Diesel,Manual,23.4,1250,380000,2008
6702,Maruti,Wagon R,8,55983,Petrol,Manual,18.9,1000,325000,1999
11243,Volkswagen,Polo,8,69000,Petrol,Manual,17.24,1200,350000,2010
8777,Hyundai,i20,6,70000,Petrol,Manual,18.6,1200,444000,2008
4719,Honda,City,3,8600,Petrol,Manual,17.4,1500,970000,1998
15012,Maruti,Ertiga,6,150000,Diesel,Manual,20.77,1250,530000,2012
84,Hyundai,i20,10,160000,Diesel,Manual,21.9,1400,270000,2008
12431,Mahindra,KUV,5,23593,Petrol,Manual,18.15,1200,475000,2016
14398,Honda,Amaze,8,42000,Diesel,Manual,25.8,1500,475000,2013
3397,Toyota,Innova,5,90000,Diesel,Automatic,11.36,2800,1775000,2005
8229,Toyota,Innova,12,160000,Diesel,Manual,12.8,2500,450000,2005
5293,Volkswagen,Polo,7,53000,Diesel,Manual,20.14,1500,560000,2010
4512,Mahindra,Bolero,7,70000,Diesel,Manual,15.96,2500,560000,2000
953,Volkswagen,Vento,6,67000,Diesel,Automatic,22.15,1500,565000,2010
2785,Hyundai,i20,3,48000,Diesel,Manual,22.54,1400,775000,2008
107,Mahindra,Scorpio,5,46400,Diesel,Manual,15.4,2200,1150000,2002
12320,Maruti,Swift Dzire,4,30503,Petrol,Automatic,22.0,1200,645000,2008
15408,Skoda,Rapid,6,67000,Diesel,Manual,21.14,1500,425000,2011
10452,Maruti,Baleno,3,18000,Petrol,Automatic,21.4,1200,670000,2015
12841,Skoda,Rapid,7,20353,Diesel,Manual,20.5,1600,521000,2011
1269,Toyota,Innova,4,68000,Diesel,Manual,13.68,2400,1360000,2005
5657,Hyundai,Grand,4,15000,Petrol,Automatic,18.9,1200,550000,2013
13836,Maruti,Swift Dzire,4,11437,Petrol,Automatic,18.5,1200,699000,2008
7439,BMW,3,12,15000,Petrol,Automatic,12.05,2000,750000,2007
4399,Hyundai,Creta,3,90000,Diesel,Manual,22.1,1400,950000,2015
2011,Maruti,Wagon R,2,7800,Petrol,Manual,21.5,1200,545000,1999
11898,Tata,Harrier,2,15000,Diesel,Manual,17.0,2000,1750000,2019
1211,Ford,Figo,8,145000,Diesel,Manual,20.0,1400,240000,2010
7281,Maruti,Swift,10,70000,Petrol,Manual,16.1,1200,240000,2005
12959,Hyundai,Verna,6,71000,Petrol,Manual,17.1,1600,635000,2006
13459,Hyundai,Creta,5,55000,Diesel,Manual,19.67,1600,1115000,2015
1002,Skoda,Rapid,5,80000,Diesel,Manual,21.13,1500,650000,2011
12642,Maruti,Wagon R,11,150821,Petrol,Manual,18.9,1000,160000,1999
15361,Maruti,Wagon R,3,45000,"Others (CNG,LPG)",Manual,26.6,1000,420000,1999
6513,Maruti,Wagon R,3,49697,Petrol,Automatic,21.79,1000,475000,1999
4763,Hyundai,i20,7,75000,Diesel,Manual,22.54,1400,530000,2008
2234,Volkswagen,Vento,7,71000,Diesel,Manual,22.27,1500,510000,2010
3494,Maruti,Ciaz,4,68000,Diesel,Manual,28.09,1250,750000,2014
13061,Hyundai,Grand,8,31178,Petrol,Automatic,18.9,1200,400000,2013
14021,Hyundai,Verna,3,32000,Diesel,Automatic,22.0,1600,1200000,2006
8873,Hyundai,Grand,7,15000,Petrol,Manual,18.9,1200,500000,2013
756,Hyundai,Creta,5,20699,Petrol,Manual,15.29,1600,775000,2015
12242,Maruti,Celerio,7,43000,Petrol,Manual,23.1,1000,375000,2014
8976,Toyota,Innova,3,27000,Diesel,Automatic,11.36,2800,1849000,2005
4092,Volkswagen,Vento,8,49361,Petrol,Manual,16.09,1600,500000,2010
279,Hyundai,Grand,8,61000,Petrol,Manual,18.9,1200,325000,2013
14981,Hyundai,Verna,9,72000,Diesel,Manual,22.32,1600,350000,2006
1877,Maruti,Alto,4,90000,Petrol,Manual,24.7,800,255000,2000
1415,Hyundai,i20,5,40000,Petrol,Manual,18.6,1200,560000,2008
6467,Hyundai,i10,8,82000,Petrol,Manual,20.36,1200,300000,2007
5271,Hyundai,i10,8,150000,Petrol,Manual,20.36,1200,350000,2007
4383,Mahindra,XUV500,6,58230,Diesel,Manual,15.1,2200,800000,2011
13902,Maruti,Baleno,4,50000,Diesel,Manual,27.39,1250,625000,2015
1523,Ford,Endeavour,5,67000,Diesel,Automatic,11.4,3000,2340000,2003
5709,Maruti,Wagon R,4,10000,Petrol,Manual,20.51,1000,420000,1999
9146,BMW,3,9,41500,Petrol,Automatic,12.05,2000,800000,2007
15066,Tata,Tiago,5,27000,Petrol,Manual,23.84,1200,385000,2016
13703,Maruti,Baleno,2,14171,Petrol,Manual,21.01,1200,750000,2015
1654,Maruti,Swift Dzire,6,68000,Diesel,Manual,19.3,1250,676000,2008
15399,Renault,KWID,4,29847,Petrol,Automatic,24.04,1000,485000,2015
13532,Tata,Nexon,2,20000,Diesel,Manual,21.5,1500,1000000,2017
8830,Maruti,Swift,8,55204,Diesel,Manual,22.9,1250,475000,2005
9330,Honda,City,5,51000,Petrol,Manual,17.8,1500,670000,1998
1539,Hyundai,Grand,2,40000,Petrol,Manual,18.9,1200,600000,2013
4313,Tata,Tigor,4,95000,Diesel,Manual,24.7,1050,600000,2017
8926,Maruti,Swift Dzire,3,20000,Diesel,Manual,28.4,1250,710000,2008
11607,Maruti,Vitara,4,114000,Diesel,Manual,24.3,1250,775000,2016
12844,Maruti,Ignis,3,25000,Petrol,Manual,20.89,1200,492000,2017
11187,Maruti,Swift,2,22000,Diesel,Manual,25.2,1250,685000,2005
11837,Mercedes-Benz,E-Class,5,21000,Diesel,Automatic,15.0,2100,2675000,1996
2094,Mahindra,XUV500,3,60000,Diesel,Manual,16.0,2000,1000000,2011
1569,Maruti,Wagon R,7,41123,Petrol,Manual,20.51,1000,385000,1999
11272,Mercedes-Benz,S-Class,6,25000,Diesel,Automatic,13.5,3000,5700000,1994
9567,Ford,Ecosport,8,47000,Diesel,Manual,22.7,1500,460000,2013
7407,Maruti,Swift Dzire,6,80000,"Others (CNG,LPG)",Manual,19.0,1200,325000,2008
15179,Maruti,Ertiga,1,7400,"Others (CNG,LPG)",Manual,26.08,1500,950000,2012
12778,Hyundai,i10,10,45854,Petrol,Automatic,16.95,1200,330000,2007
8224,BMW,7,6,30000,Diesel,Automatic,16.46,3000,5500000,2002
5118,Volkswagen,Polo,5,43000,Petrol,Manual,16.47,1200,550000,2010
14980,Hyundai,i20,11,67000,Petrol,Manual,20.35,1200,395000,2008
12432,Maruti,Ciaz,3,20000,Diesel,Manual,28.09,1250,850000,2014
4552,Mahindra,KUV,4,64000,Diesel,Manual,25.32,1200,390000,2016
6076,Maruti,Swift Dzire,1,1000,Petrol,Manual,21.21,1200,775000,2008
13782,Maruti,Baleno,1,7000,Petrol,Manual,21.01,1200,750000,2015
308,Datsun,GO,4,15000,Petrol,Manual,19.44,1200,500000,2014
1319,Maruti,Wagon R,2,15000,Petrol,Manual,21.79,1000,475000,1999
7226,Honda,City,5,55555,Petrol,Manual,17.0,1500,590000,1998
6102,Hyundai,i10,10,67000,Petrol,Manual,20.36,1200,325000,2007
11784,Ford,Ecosport,4,108000,Diesel,Manual,23.0,1500,900000,2013
2923,Hyundai,Grand,1,5000,Petrol,Manual,20.7,1200,725000,2013
13207,Renault,KWID,4,20000,Petrol,Manual,25.17,800,300000,2015
6419,Hyundai,Creta,5,112000,Diesel,Manual,19.67,1600,1050000,2015
9994,Maruti,Wagon R,5,58000,Petrol,Manual,18.9,1000,299000,1999
6780,Honda,Amaze,2,23950,Diesel,Automatic,23.8,1500,780000,2013
6497,Hyundai,i20,6,175000,Diesel,Manual,22.54,1400,450000,2008
9662,Tata,Tiago,4,30000,Petrol,Automatic,23.84,1200,480000,2016
11602,Maruti,Eeco,2,70000,Petrol,Manual,15.37,1200,400000,2010
12875,Maruti,Alto,4,61000,"Others (CNG,LPG)",Manual,33.44,800,340000,2000
13811,Maruti,Ciaz,4,58000,Petrol,Manual,20.73,1400,725000,2014
3454,Ford,Ecosport,7,86000,Diesel,Manual,22.7,1500,550000,2013
3938,Ford,Figo,9,70000,Diesel,Manual,20.0,1400,195000,2010
15261,Ford,Ecosport,8,120000,Diesel,Manual,22.77,1500,675000,2013
454,Maruti,Wagon R,16,33650,Petrol,Manual,18.9,1000,110000,1999
2800,Hyundai,i20,4,56244,Diesel,Manual,22.54,1400,795000,2008
7956,Maruti,Wagon R,4,10000,Petrol,Automatic,20.51,1000,410000,1999
4741,Maruti,Swift Dzire,7,50000,Diesel,Manual,23.4,1250,490000,2008
14463,Volkswagen,Polo,11,51000,Petrol,Manual,16.47,1200,275000,2010
14597,Maruti,Swift,11,78000,Diesel,Manual,28.4,1250,255000,2005
6588,Maruti,Alto,6,38000,Petrol,Automatic,23.95,1000,350000,2000
10810,Skoda,Rapid,5,49000,Diesel,Automatic,21.66,1500,660000,2011
1034,Maruti,Swift Dzire,8,110000,Petrol,Manual,19.1,1200,420000,2008
6860,Hyundai,i20,4,12000,Petrol,Manual,18.6,1200,745000,2008
15138,Hyundai,Verna,3,28000,Diesel,Manual,22.0,1600,1250000,2006
3622,Maruti,Swift Dzire,8,208000,Diesel,Manual,23.4,1250,360000,2008
7870,Maruti,Swift,10,35000,Petrol,Manual,18.6,1200,270000,2005
2493,Maruti,Alto,4,6808,Petrol,Manual,23.95,1000,369000,2000
13775,Mercedes-Benz,GL-Class,5,40000,Diesel,Automatic,11.3,3000,4700000,2010
700,Maruti,Alto,5,10000,Petrol,Manual,23.95,1000,300000,2000
13266,Hyundai,Creta,6,57000,Petrol,Automatic,13.0,1600,800000,2015
14019,Skoda,Rapid,9,91000,Petrol,Automatic,14.3,1600,525000,2011
14337,Maruti,Swift Dzire,3,70000,Diesel,Manual,23.4,1250,515000,2008
13000,Honda,City,12,80661,Petrol,Manual,17.0,1500,390000,1998
1144,Maruti,Alto,9,24943,Petrol,Manual,23.95,1000,235000,2000
187,Renault,KWID,4,17000,Petrol,Manual,23.01,1000,360000,2015
8368,Skoda,Rapid,6,70000,Diesel,Manual,21.14,1500,450000,2011
1254,Renault,Duster,5,118500,Diesel,Manual,19.72,1500,943000,2012
11452,Volkswagen,Polo,10,78800,Diesel,Manual,22.07,1200,220000,2010
6726,Maruti,Swift Dzire,6,59000,Petrol,Manual,20.85,1200,650000,2008
11505,Hyundai,i10,10,82110,Petrol,Manual,20.36,1200,265000,2007
12663,Maruti,Swift Dzire,6,50000,Diesel,Manual,26.59,1250,475000,2008
14970,Volkswagen,Vento,10,42722,Diesel,Manual,20.54,1600,525000,2010
12951,Renault,Duster,4,60000,Diesel,Manual,19.87,1500,850000,2012
13579,Maruti,Ertiga,4,49000,"Others (CNG,LPG)",Manual,17.5,1400,825000,2012
5379,Honda,Amaze,7,78000,Petrol,Manual,18.0,1200,420000,2013
10574,Toyota,Camry,4,34000,Petrol,Automatic,19.16,2500,2400000,2002
14018,Maruti,Swift,8,60000,Diesel,Manual,22.9,1250,445000,2005
872,Honda,City,7,46000,Diesel,Manual,26.0,1500,501000,1998
11231,Honda,Amaze,6,54591,Diesel,Manual,25.8,1500,425000,2013
10492,Audi,A4,5,51000,Diesel,Automatic,18.25,2000,1850000,2008
5902,Hyundai,Grand,6,50000,Diesel,Manual,24.0,1100,470000,2013
653,Honda,Amaze,2,4717,Petrol,Automatic,19.0,1200,785000,2013
7929,Maruti,Alto,9,40000,Petrol,Manual,20.92,1000,224000,2000
3979,Maruti,Swift,2,25500,Petrol,Manual,21.21,1200,600000,2005
9710,Toyota,Innova,5,48000,Diesel,Automatic,11.36,2800,1680000,2005
15304,Maruti,Ertiga,7,25000,Diesel,Manual,20.77,1250,530000,2012
12866,Renault,Duster,6,100000,Diesel,Manual,19.01,1500,470000,2012
2756,Hyundai,Elantra,8,80000,Petrol,Automatic,14.5,1800,750000,2004
14125,Honda,City,6,56000,Diesel,Manual,25.1,1500,690000,1998
4598,Hyundai,i10,13,64684,Petrol,Manual,20.36,1200,275000,2007
12428,BMW,3,4,16300,Petrol,Automatic,17.61,2000,2950000,2007
946,Mahindra,KUV100,2,17000,Diesel,Manual,25.32,1200,600000,2016
10390,Hyundai,Grand,7,56454,Petrol,Manual,18.9,1200,375000,2013
2083,Maruti,Ignis,4,80000,Diesel,Manual,26.8,1250,480000,2017
3113,Hyundai,i20,6,23000,Petrol,Manual,18.6,1200,565000,2008
5185,Volkswagen,Polo,2,18000,Petrol,Manual,18.78,1000,700000,2010
8883,Maruti,Eeco,3,20000,Petrol,Manual,15.37,1200,400000,2010
585,Mahindra,Scorpio,5,50000,Diesel,Manual,15.4,2000,950000,2002
9353,Maruti,Ciaz,6,46000,Petrol,Manual,20.73,1400,525000,2014
7488,Hyundai,i10,7,36976,"Others (CNG,LPG)",Manual,19.2,1100,259000,2007
3019,Honda,City,15,89000,Petrol,Manual,17.7,1500,113000,1998
8765,Mahindra,Scorpio,11,49000,Diesel,Manual,12.05,2200,399000,2002
722,Mahindra,Bolero,8,35000,Diesel,Manual,15.96,2500,500000,2000
13874,Honda,City,14,65000,Petrol,Manual,17.7,1500,110000,1998
12380,BMW,5,10,60000,Diesel,Automatic,16.73,3000,1450000,2007
2813,Honda,Amaze,8,54000,Diesel,Manual,25.8,1500,380000,2013
11331,Mahindra,Scorpio,4,35000,Diesel,Manual,15.4,2000,1280000,2002
5924,Maruti,Swift,8,64529,Petrol,Manual,18.6,1200,400000,2005
6138,Honda,Amaze,2,17000,Petrol,Manual,19.5,1200,595000,2013
10532,Tata,Safari,9,59839,Diesel,Manual,14.0,2200,525000,1998
11383,Mercedes-Benz,E-Class,8,79000,Diesel,Automatic,13.0,2100,1390000,1996
8178,Tata,Safari,11,120000,Diesel,Manual,11.57,2200,200000,1998
6748,Honda,City,12,72555,Petrol,Manual,17.0,1500,395000,1998
3128,Renault,KWID,3,25000,Petrol,Manual,25.17,800,330000,2015
10890,Skoda,Rapid,7,62000,Diesel,Manual,20.5,1600,345000,2011
776,Maruti,Wagon R,9,59000,Petrol,Manual,18.9,1000,300000,1999
13583,Datsun,GO,4,50000,Petrol,Manual,20.63,1200,315000,2014
2074,Toyota,Innova,3,42000,Diesel,Automatic,13.68,2400,2090000,2005
1706,Hyundai,Grand,4,10000,Petrol,Manual,18.9,1200,500000,2013
8630,Maruti,Alto,9,105800,Petrol,Manual,20.92,1000,160000,2000
4692,Hyundai,i20,8,30000,Diesel,Manual,21.9,1400,400000,2008
13854,Mercedes-Benz,S-Class,14,100000,Petrol,Automatic,7.81,5500,1285000,1994
15326,Hyundai,i10,10,39000,Petrol,Manual,20.36,1200,240000,2007
3349,Maruti,Ertiga,9,120000,Diesel,Manual,20.77,1250,450000,2012
2917,Toyota,Innova,10,113200,Diesel,Manual,12.99,2500,675000,2005
14772,Toyota,Innova,8,75000,Diesel,Manual,12.8,2500,650000,2005
5054,Maruti,Baleno,4,110000,Petrol,Manual,21.4,1200,550000,2015
2386,Maruti,Eeco,10,34304,Petrol,Manual,16.11,1200,299000,2010
13418,Volkswagen,Vento,11,59000,Petrol,Manual,16.09,1600,249000,2010
2459,Honda,Amaze,8,41000,Petrol,Manual,18.0,1200,365000,2013
12717,Maruti,Wagon R,8,140000,"Others (CNG,LPG)",Manual,26.6,1000,275000,1999
3321,Maruti,Swift,9,60000,Diesel,Manual,22.9,1250,475000,2005
5736,Honda,City,11,93000,Petrol,Manual,17.0,1500,276000,1998
10143,Maruti,Vitara,4,68000,Diesel,Manual,24.3,1250,785000,2016
4349,Hyundai,Creta,3,25000,Diesel,Manual,22.1,1400,999000,2015
3627,Volkswagen,Polo,4,44000,Diesel,Manual,20.14,1500,675000,2010
1590,Honda,City,5,64029,Petrol,Manual,17.8,1500,750000,1998
14711,Toyota,Fortuner,5,32000,Diesel,Manual,14.24,2800,2600000,2009
2189,Maruti,Wagon R,7,44000,Petrol,Manual,20.51,1000,325000,1999
10047,Mahindra,XUV500,3,45000,Diesel,Automatic,15.1,2200,1495000,2011
8923,Maruti,Swift Dzire,3,50000,Diesel,Manual,28.4,1250,600000,2008
13486,Maruti,Wagon R,15,90000,Petrol,Manual,17.3,1100,80000,1999
7493,Hyundai,i20,4,87000,Petrol,Manual,17.19,1200,650000,2008
625,Ford,Ecosport,6,58000,Diesel,Manual,23.0,1500,570000,2013
6146,Ford,Ecosport,6,49199,Diesel,Manual,22.77,1500,650000,2013
11681,Honda,City,12,65000,Petrol,Manual,17.0,1500,272000,1998
5574,Maruti,Baleno,3,23000,Diesel,Manual,27.39,1250,760000,2015
848,Toyota,Innova,2,29250,Diesel,Manual,13.68,2400,1950000,2005
13505,Maruti,Ertiga,7,120000,Diesel,Manual,20.77,1250,725000,2012
2662,Renault,KWID,3,42000,Petrol,Manual,23.01,1000,400000,2015
1930,Maruti,Wagon R,11,57000,Petrol,Manual,18.9,1000,211000,1999
6795,Hyundai,Grand,5,22000,Petrol,Manual,18.9,1200,520000,2013
7757,Maruti,Swift,5,31000,Petrol,Manual,20.4,1200,425000,2005
14613,Jeep,Compass,4,59500,Diesel,Manual,17.1,2000,1365000,2017
3584,Maruti,Wagon R,6,52606,Petrol,Manual,18.9,1000,370000,1999
3277,Maruti,Swift Dzire,6,46023,Diesel,Manual,26.59,1250,575000,2008
390,Honda,Civic,2,23000,Petrol,Automatic,13.9,1800,1519000,2006
1872,Tata,Tigor,4,24900,Diesel,Manual,24.7,1050,675000,2017
170,Ford,Figo,9,74000,Diesel,Manual,20.0,1400,185000,2010
4485,Ford,Freestyle,2,13400,Petrol,Manual,19.0,1200,721000,2018
6586,Honda,Jazz,4,26000,Petrol,Automatic,19.0,1200,675000,2009
9175,Honda,City,4,48000,Petrol,Manual,17.8,1500,890000,1998
3547,Mercedes-Benz,E-Class,9,33999,Petrol,Manual,12.3,1800,1350000,1996
7820,Hyundai,Creta,6,110000,Diesel,Manual,19.67,1600,800000,2015
15301,Maruti,Vitara,2,27200,Diesel,Automatic,24.3,1250,1111000,2016
7741,Hyundai,i20,6,79000,Petrol,Manual,18.6,1200,515000,2008
9535,Renault,Duster,6,56000,Diesel,Manual,20.46,1500,440000,2012
1856,Maruti,Ertiga,7,62000,"Others (CNG,LPG)",Manual,22.8,1400,650000,2012
10147,Hyundai,Creta,5,55000,Diesel,Automatic,17.01,1600,990000,2015
6543,Renault,KWID,2,1100,Petrol,Manual,23.01,1000,450000,2015
11074,Maruti,Baleno,3,19000,Petrol,Automatic,19.56,1200,699000,2015
6545,Maruti,Wagon R,3,30000,Petrol,Manual,20.51,1000,440000,1999
996,Toyota,Fortuner,5,54500,Diesel,Manual,12.55,3000,2000000,2009
10165,Volkswagen,Vento,9,58000,Petrol,Manual,15.04,1600,285000,2010
8209,Maruti,Wagon R,3,30000,Petrol,Manual,20.51,1000,390000,1999
14888,Honda,City,11,80000,Petrol,Automatic,16.8,1500,400000,1998
9074,Mahindra,Scorpio,8,56000,Diesel,Manual,12.05,2200,625000,2002
1278,Mercedes-Benz,S-Class,6,56000,Diesel,Automatic,13.5,3000,4500000,1994
695,Toyota,Innova,2,25000,Diesel,Automatic,11.36,2800,2225000,2005
10777,Volkswagen,Polo,7,71000,Petrol,Manual,16.47,1200,330000,2010
1449,Maruti,Swift,5,24000,Petrol,Manual,20.4,1200,485000,2005
6357,Mahindra,Bolero,11,120000,Diesel,Manual,13.6,2500,450000,2000
8789,Tata,Safari,6,150000,Diesel,Manual,14.1,2200,650000,1998
343,Maruti,Celerio,5,46500,Petrol,Manual,23.1,1000,340000,2014
7953,Maruti,Eeco,6,20000,Petrol,Manual,15.37,1200,300000,2010
768,Honda,CR-V,4,90000,Petrol,Automatic,10.1,2350,1490000,2003
180,Maruti,Swift,4,60000,Petrol,Manual,22.0,1200,445000,2005
955,Hyundai,Creta,2,39000,Petrol,Manual,15.8,1600,920000,2015
11332,BMW,3,9,86000,Diesel,Automatic,16.07,2000,775000,2007
6179,Maruti,Wagon R,3,25000,Petrol,Manual,20.51,1000,380000,1999
1512,Maruti,Eeco,3,76826,"Others (CNG,LPG)",Manual,15.1,1200,365000,2010
3296,BMW,7,5,22000,Diesel,Automatic,16.77,3000,6100000,2002
881,Honda,Amaze,8,73100,Diesel,Manual,25.8,1500,324000,2013
5444,Hyundai,Creta,6,120000,Diesel,Automatic,17.01,1600,850000,2015
1148,Mahindra,Scorpio,9,110000,Diesel,Manual,12.05,2200,600000,2002
4101,Maruti,Wagon R,4,60000,Petrol,Manual,20.51,1000,380000,1999
3759,Mahindra,Scorpio,9,65253,Diesel,Manual,12.05,2200,448000,2002
6582,Maruti,Swift,10,88000,Diesel,Manual,28.4,1250,265000,2005
14971,Audi,A6,8,68800,Diesel,Automatic,17.68,2000,1775000,2005
9504,Mercedes-Benz,C-Class,7,75000,Diesel,Automatic,14.84,2100,1475000,2001
1443,Maruti,Swift,2,20000,Petrol,Manual,22.0,1200,530000,2005
5077,Maruti,Ertiga,2,30000,Diesel,Manual,25.47,1250,1000000,2012
15240,Toyota,Innova,9,60000,Diesel,Manual,12.99,2500,590000,2005
2520,Maruti,Swift,5,38000,Diesel,Manual,25.2,1250,625000,2005
7746,Ford,Freestyle,3,18000,Petrol,Manual,19.0,1200,630000,2018
2608,Hyundai,Grand,4,22000,Petrol,Manual,18.9,1200,485000,2013
4844,Hyundai,Grand,4,35000,Petrol,Manual,18.9,1200,510000,2013
23,Honda,City,6,50000,Petrol,Manual,17.4,1500,750000,1998
4930,Hyundai,Grand,6,29751,Petrol,Manual,18.9,1200,512000,2013
11025,Hyundai,i20,3,24132,Petrol,Manual,20.35,1200,625000,2008
2020,Hyundai,Santro,2,20660,"Others (CNG,LPG)",Manual,30.48,1100,565000,1998
11941,Honda,City,4,74000,Petrol,Manual,16.8,1500,850000,1998
9596,Honda,WR-V,3,33000,Diesel,Manual,25.5,1500,840000,2017
13997,Maruti,Vitara,5,50000,Diesel,Manual,24.3,1250,950000,2016
10381,Honda,Amaze,4,51000,Petrol,Manual,17.8,1200,485000,2013
12333,Maruti,Wagon R,2,17000,Petrol,Manual,20.52,1200,550000,1999
15338,Hyundai,Elantra,8,50000,Petrol,Manual,16.3,1800,900000,2004
10780,Honda,City,12,70000,Petrol,Automatic,16.8,1500,280000,1998
15280,Maruti,Eeco,2,17000,Petrol,Manual,15.37,1200,465000,2010
10718,Honda,City,6,57000,Diesel,Manual,26.0,1500,525000,1998
3662,Ford,Ecosport,7,72569,Diesel,Manual,22.7,1500,580000,2013
13386,Maruti,Swift,6,76448,Diesel,Manual,22.9,1250,405000,2005
14174,Hyundai,Grand,7,46000,Diesel,Manual,24.0,1100,320000,2013
4562,Renault,KWID,4,35914,Petrol,Manual,23.01,1000,380000,2015
4289,Mahindra,Bolero,6,120000,Diesel,Manual,15.96,2500,400000,2000
13530,Maruti,Swift Dzire,7,43000,Petrol,Manual,20.85,1200,395000,2008
9449,Maruti,Wagon R,6,37499,Petrol,Manual,21.79,1000,350000,1999
6436,Ford,Ecosport,2,42000,Diesel,Manual,23.0,1500,1021000,2013
7100,Hyundai,Grand,12,59000,Diesel,Manual,24.0,1100,210000,2013
14700,Maruti,Baleno,3,60000,Petrol,Manual,21.4,1200,710000,2015
4927,Honda,Jazz,5,84000,Petrol,Manual,18.2,1200,565000,2009
8886,Maruti,Swift,5,65000,Diesel,Manual,22.9,1250,399000,2005
7754,Mahindra,XUV500,3,50000,Diesel,Manual,15.1,2200,1050000,2011
3524,Maruti,Swift Dzire,7,115000,Diesel,Manual,23.4,1250,521000,2008
11075,Mahindra,Scorpio,5,56000,Diesel,Manual,15.4,2200,1075000,2002
13444,Mercedes-Benz,GL-Class,5,60696,Diesel,Automatic,11.3,3000,4500000,2010
3596,Hyundai,Verna,10,50000,Diesel,Manual,16.2,1500,325000,2006
14743,Skoda,Rapid,8,85500,Diesel,Manual,20.5,1600,270000,2011
1529,Hyundai,Grand,6,62220,Diesel,Manual,24.0,1100,490000,2013
1106,Hyundai,Santro,2,4540,Petrol,Automatic,20.3,1100,580000,1998
6423,Maruti,Baleno,3,25000,Petrol,Automatic,21.4,1200,800000,2015
6202,Tata,Nexon,4,43330,Diesel,Manual,21.5,1500,830000,2017
680,Tata,Tiago,4,35000,Diesel,Manual,27.28,1050,450000,2016
3849,Maruti,Baleno,3,1300,Petrol,Automatic,21.4,1200,890000,2015
13514,Hyundai,Verna,2,45000,Petrol,Automatic,17.0,1600,1225000,2006
10989,Mercedes-Benz,S-Class,2,18000,Petrol,Automatic,7.81,3000,11000000,1994
751,Hyundai,i20,7,100000,Diesel,Manual,21.9,1400,450000,2008
9911,Honda,City,9,78000,Petrol,Automatic,15.6,1500,475000,1998
6741,Honda,WR-V,2,50000,Diesel,Manual,25.5,1500,950000,2017
9523,Mercedes-Benz,C-Class,7,60004,Diesel,Automatic,19.27,2100,1349000,2001
11834,Hyundai,Grand,4,40000,Petrol,Automatic,18.9,1200,549000,2013
4880,Maruti,Alto,14,60235,Petrol,Manual,19.7,800,100000,2000
12302,Honda,City,3,15000,Petrol,Manual,17.4,1500,844000,1998
10769,Volkswagen,Vento,5,65000,Diesel,Automatic,21.5,1500,595000,2010
13478,Maruti,Celerio,5,62000,Petrol,Automatic,23.1,1000,470000,2014
11575,Maruti,Eeco,5,203125,Petrol,Manual,15.37,1200,240000,2010
9105,Volkswagen,Polo,3,19000,Petrol,Manual,18.78,1000,599000,2010
4242,Hyundai,i20,7,58000,Petrol,Manual,18.6,1200,590000,2008
1202,Maruti,Swift Dzire,4,74014,Diesel,Manual,28.4,1250,669000,2008
218,Mahindra,XUV500,8,60000,Diesel,Manual,15.1,2200,550000,2011
1038,Ford,Figo,7,57000,Diesel,Manual,20.0,1400,275000,2010
5647,Maruti,Alto,3,15000,Petrol,Manual,23.95,1000,350000,2000
3460,Datsun,GO,4,40000,Petrol,Manual,20.63,1200,335000,2014
15182,Honda,City,13,130000,Petrol,Manual,17.7,1500,140000,1998
10572,Maruti,Alto,9,60943,Petrol,Manual,20.92,1000,265000,2000
582,Maruti,Celerio,3,18000,Petrol,Manual,21.63,1000,460000,2014
14685,Maruti,Alto,9,52000,Petrol,Manual,24.7,800,195000,2000
8325,Maruti,Swift Dzire,10,60682,Diesel,Manual,19.3,1250,450000,2008
5603,Mahindra,Bolero,7,70000,Diesel,Manual,15.96,2500,660000,2000
934,Maruti,Swift,7,60000,Diesel,Manual,25.2,1250,465000,2005
1381,Tata,Nexon,2,6700,Petrol,Manual,17.0,1200,750000,2017
7805,Maruti,Ertiga,6,120000,Diesel,Manual,20.77,1250,750000,2012
13820,Maruti,Eeco,2,30000,Petrol,Manual,15.37,1200,370000,2010
1524,Honda,Jazz,3,19000,Petrol,Automatic,18.2,1200,775000,2009
8723,Maruti,Swift,1,15000,Diesel,Manual,28.4,1250,700000,2005
7921,Mahindra,Scorpio,9,80000,Diesel,Manual,12.05,2200,600000,2002
9415,Ford,Aspire,4,22597,Petrol,Automatic,16.3,1500,675000,2015
6598,Mahindra,Bolero,8,58000,Diesel,Manual,15.96,2500,670000,2000
8585,Hyundai,i10,8,75174,Petrol,Manual,20.36,1200,345000,2007
8189,Honda,Jazz,12,76000,Petrol,Manual,16.7,1200,265000,2009
6236,Volkswagen,Vento,6,68523,Diesel,Manual,20.54,1600,495000,2010
14674,Maruti,Swift,10,22000,Diesel,Manual,28.4,1250,425000,2005
8459,Hyundai,i20,2,30000,Petrol,Manual,18.6,1200,680000,2008
7194,Hyundai,Grand,4,30000,Petrol,Automatic,18.9,1200,575000,2013
5469,Maruti,Wagon R,2,5400,Petrol,Automatic,20.52,1200,625000,1999
8145,Hyundai,i10,5,47000,Petrol,Manual,19.81,1100,370000,2007
6003,Hyundai,i20,6,41139,Diesel,Manual,22.54,1400,700000,2008
11156,Hyundai,i20,3,15000,Petrol,Manual,18.6,1200,620000,2008
10266,Maruti,Swift,5,81000,Diesel,Manual,25.2,1250,435000,2005
10196,Honda,Jazz,5,72000,Diesel,Manual,27.3,1500,539000,2009
9846,Honda,City,6,63000,Diesel,Manual,26.0,1500,575000,1998
7889,Hyundai,Santro,14,110000,Petrol,Manual,17.92,1100,150000,1998
270,Maruti,Eeco,8,20000,Petrol,Manual,15.37,1200,375000,2010
12278,Hyundai,i10,8,60000,Petrol,Manual,19.81,1100,230000,2007
212,Tata,Tiago,4,53000,Diesel,Manual,27.28,1050,370000,2016
99,Hyundai,Venue,2,25000,Petrol,Manual,18.27,1000,949000,2019
34,Maruti,Swift Dzire,8,90000,Diesel,Manual,23.4,1250,380000,2008
1313,Toyota,Innova,5,52000,Petrol,Manual,11.25,2700,1300000,2005
4226,Tata,Tiago,3,60000,Diesel,Manual,27.28,1050,425000,2016
2714,Tata,Tigor,3,60204,Diesel,Manual,24.7,1050,525000,2017
3261,Maruti,Ciaz,3,23150,Petrol,Manual,20.73,1400,775000,2014
10082,Maruti,Alto,6,36390,Petrol,Manual,22.74,800,255000,2000
2261,Maruti,Eeco,2,50000,Petrol,Manual,15.37,1200,380000,2010
5785,Maruti,Wagon R,6,90000,Petrol,Manual,20.51,1000,300000,1999
5291,Hyundai,i10,9,90000,Petrol,Manual,19.81,1100,250000,2007
9825,Honda,City,14,42000,Petrol,Manual,17.7,1500,165000,1998
2661,Renault,KWID,5,7000,Petrol,Manual,22.3,800,325000,2015
902,Maruti,Swift,3,32400,Petrol,Manual,22.0,1200,575000,2005
12341,Mercedes-Benz,E-Class,8,41000,Diesel,Automatic,10.0,2100,1450000,1996
5306,Maruti,Swift,6,106452,Diesel,Manual,22.9,1250,525000,2005
8584,Maruti,Swift Dzire,6,60000,Diesel,Manual,26.59,1250,530000,2008
11460,Hyundai,i20,10,58000,Petrol,Manual,17.0,1200,280000,2008
14470,Maruti,Swift,8,54540,Diesel,Manual,28.4,1250,430000,2005
7974,Volkswagen,Polo,7,78000,Diesel,Manual,20.14,1500,360000,2010
5478,Volkswagen,Vento,10,72565,Diesel,Manual,22.27,1500,370000,2010
14697,Honda,Jazz,3,15000,Diesel,Manual,27.3,1500,700000,2009
5845,Maruti,Swift Dzire,4,70000,Petrol,Manual,21.21,1200,600000,2008
14139,Maruti,Vitara,3,30000,Diesel,Manual,24.3,1250,950000,2016
6769,Hyundai,Grand,6,53100,Petrol,Manual,18.9,1200,420000,2013
5317,Maruti,Vitara,5,60000,Diesel,Manual,24.3,1250,925000,2016
3787,Maruti,Alto,19,120000,Petrol,Manual,18.9,1100,50000,2000
4790,Maruti,Swift Dzire,8,56000,Petrol,Manual,19.1,1200,430000,2008
6285,Ford,Figo,11,81000,Diesel,Manual,20.0,1400,180000,2010
5219,Honda,Civic,12,81000,Petrol,Automatic,12.9,1800,490000,2006
1305,Skoda,Rapid,8,42000,Petrol,Manual,15.0,1600,375000,2011
8258,BMW,3,6,31000,Diesel,Automatic,18.88,2000,2150000,2007
7142,Hyundai,Creta,6,66500,Diesel,Manual,19.67,1600,750000,2015
2895,Maruti,Swift,3,50000,Diesel,Manual,28.4,1250,685000,2005
15064,Renault,Duster,5,80000,Diesel,Manual,19.87,1500,935000,2012
12187,Hyundai,Grand,7,165000,Diesel,Manual,24.0,1100,416000,2013
6415,Honda,Amaze,5,25000,Petrol,Manual,17.8,1200,750000,2013
3159,Volkswagen,Polo,9,90100,Diesel,Manual,22.07,1200,375000,2010
3256,Hyundai,Grand,5,70000,Diesel,Manual,24.0,1100,450000,2013
14537,Hyundai,i20,3,11000,Petrol,Manual,18.6,1200,795000,2008
8693,Maruti,Swift Dzire,9,250000,Diesel,Manual,19.3,1250,400000,2008
4243,Maruti,Alto,9,60000,Petrol,Manual,20.92,1000,254000,2000
4378,Maruti,Alto,8,45000,Petrol,Manual,22.74,800,285000,2000
6257,Maruti,Baleno,3,19000,Petrol,Automatic,21.4,1200,825000,2015
15074,Maruti,Swift Dzire,6,57250,Petrol,Manual,20.85,1200,415000,2008
13610,Ford,Ecosport,3,25592,Petrol,Automatic,14.8,1500,1095000,2013
15380,Maruti,Swift Dzire,6,90000,Diesel,Manual,26.59,1250,370000,2008
11525,Volkswagen,Polo,3,54495,Diesel,Manual,20.14,1500,538000,2010
1696,Audi,A4,9,110000,Diesel,Automatic,15.2,2000,940000,2008
3756,Mahindra,XUV500,4,35000,Diesel,Manual,16.0,2200,1395000,2011
4377,Maruti,Swift,3,77600,Diesel,Automatic,28.4,1250,695000,2005
7721,Datsun,GO,5,30000,Petrol,Manual,20.63,1200,320000,2014
9043,Maruti,Swift,9,60000,Diesel,Manual,22.9,1250,400000,2005
14364,Hyundai,i10,11,60000,Petrol,Manual,20.36,1200,235000,2007
6564,Ford,Ecosport,2,10370,Petrol,Manual,17.0,1500,950000,2013
3032,Hyundai,i20,12,50250,Petrol,Automatic,15.0,1400,299000,2008
4510,Ford,Aspire,5,80000,Diesel,Manual,25.83,1500,549000,2015
8799,Maruti,Swift,3,40000,Petrol,Manual,22.0,1200,515000,2005
4017,Maruti,Swift,6,70695,Diesel,Manual,28.4,1250,525000,2005
10990,Skoda,Superb,7,80182,Diesel,Automatic,17.2,2000,1075000,2004
3199,Ford,Figo,5,14000,Petrol,Manual,18.16,1200,540000,2010
1377,Mahindra,Bolero,9,60000,Diesel,Manual,15.96,2500,520000,2000
9135,Hyundai,Venue,2,12000,Diesel,Manual,23.7,1400,1099000,2019
6640,Ford,Ecosport,7,64000,Petrol,Manual,15.8,1500,490000,2013
10415,Ford,Endeavour,9,58000,Diesel,Automatic,11.4,3000,750000,2003
14046,Renault,KWID,4,49000,Petrol,Manual,25.17,800,298000,2015
4759,Mahindra,XUV500,7,150000,Diesel,Manual,15.1,2200,725000,2011
3106,Hyundai,i20,2,18000,Diesel,Manual,22.54,1400,800000,2008
12604,Audi,A6,6,46821,Diesel,Automatic,17.68,2000,2200000,2005
13826,Datsun,RediGO,3,22500,Petrol,Manual,22.5,1000,280000,2016
9029,Mahindra,Bolero,6,93648,Diesel,Manual,15.96,2500,450000,2000
7698,Mahindra,Scorpio,4,56000,Diesel,Manual,15.4,2200,1200000,2002
1374,Hyundai,Grand,4,35000,Petrol,Automatic,18.9,1200,511000,2013
9823,Maruti,Swift,5,55000,Diesel,Manual,25.2,1250,410000,2005
12671,Hyundai,i20,4,20000,Petrol,Manual,18.6,1200,600000,2008
1964,Maruti,Celerio,2,18000,Petrol,Manual,23.1,1000,445000,2014
10203,Maruti,Ciaz,5,21000,Petrol,Automatic,19.12,1400,825000,2014
14040,Toyota,Innova,4,65000,Diesel,Manual,13.68,2400,1650000,2005
8941,Hyundai,Santro,13,70000,Petrol,Manual,17.92,1100,150000,1998
1513,Ford,Ecosport,6,36000,Diesel,Manual,22.77,1500,565000,2013
4096,Renault,Duster,8,70209,Diesel,Manual,20.45,1500,560000,2012
11063,Maruti,Ertiga,2,28000,Diesel,Manual,24.2,1500,1075000,2012
12166,Maruti,Swift Dzire,11,156000,Diesel,Manual,19.3,1250,360000,2008
3519,Toyota,Innova,4,60000,Diesel,Manual,13.68,2400,1750000,2005
241,Hyundai,i10,13,57215,Petrol,Manual,20.36,1200,160000,2007
3416,Volkswagen,Vento,8,58212,Petrol,Manual,15.04,1600,400000,2010
15170,Audi,A4,4,25829,Diesel,Automatic,18.25,2000,3250000,2008
5675,Maruti,Swift Dzire,8,61000,Diesel,Manual,19.3,1250,490000,2008
14763,Maruti,Ertiga,4,63000,Diesel,Manual,24.52,1250,750000,2012
1772,Honda,City,5,100000,Diesel,Manual,26.0,1500,850000,1998
348,Maruti,Ciaz,4,106000,Diesel,Manual,28.09,1250,675000,2014
3478,Mahindra,Bolero,7,80000,Diesel,Manual,15.96,2500,480000,2000
1398,Maruti,Alto,4,10000,Petrol,Manual,24.7,800,260000,2000
6306,Tata,Tigor,3,80000,Petrol,Manual,20.3,1200,450000,2017
13816,Ford,Figo,9,106000,Diesel,Manual,20.0,1400,285000,2010
14242,Maruti,Ertiga,5,25000,Diesel,Manual,24.52,1250,750000,2012
2033,Maruti,Alto,10,53000,Petrol,Manual,23.95,1000,235000,2000
876,Maruti,Alto,16,120000,Petrol,Manual,19.7,800,90000,2000
5011,Honda,Jazz,5,46858,Petrol,Automatic,19.0,1200,725000,2009
2152,Maruti,Swift,6,41000,Diesel,Manual,25.2,1250,545000,2005
3274,Honda,City,6,78000,Diesel,Manual,26.0,1500,651000,1998
10367,Ford,Ecosport,2,5500,Diesel,Manual,23.0,1500,975000,2013
482,Ford,Ecosport,8,80000,Diesel,Manual,22.7,1500,475000,2013
12057,Honda,City,5,49000,Petrol,Manual,17.8,1500,645000,1998
12766,Honda,WR-V,4,34052,Diesel,Manual,25.5,1500,1005000,2017
3688,Ford,Figo,11,35000,Petrol,Manual,15.6,1200,275000,2010
5,Maruti,Wagon R,8,35000,Petrol,Manual,18.9,1000,350000,1999
12504,Hyundai,Creta,5,47000,Diesel,Automatic,18.5,1500,990000,2015
12283,Maruti,Wagon R,3,17000,Petrol,Automatic,20.51,1000,515000,1999
12478,Maruti,Ciaz,7,44000,Petrol,Manual,20.73,1400,585000,2014
3391,Honda,Jazz,4,10000,Petrol,Manual,18.7,1200,650000,2009
398,Mahindra,XUV500,5,83000,Diesel,Manual,16.0,2000,1025000,2011
12585,Hyundai,i20,8,30000,Petrol,Manual,18.5,1200,430000,2008
8418,Honda,City,7,47000,Petrol,Manual,16.8,1500,510000,1998
8849,Hyundai,Grand,5,34000,Petrol,Manual,18.9,1200,410000,2013
8562,Mahindra,XUV500,7,50000,Diesel,Manual,15.1,2200,590000,2011
12091,Skoda,Rapid,9,155000,Diesel,Manual,21.14,1500,340000,2011
1094,Honda,Jazz,6,65000,Diesel,Manual,27.3,1500,450000,2009
5475,Hyundai,i10,9,69900,Petrol,Automatic,16.95,1200,395000,2007
9080,Honda,Amaze,4,85000,Petrol,Manual,17.8,1200,440000,2013
8770,Hyundai,Grand,4,29000,Petrol,Manual,18.9,1200,485000,2013
6215,BMW,3,9,50000,Diesel,Automatic,16.07,2000,1100000,2007
6679,Maruti,Wagon R,8,110000,Petrol,Manual,20.51,1000,230000,1999
13617,Maruti,Vitara,4,76000,Diesel,Manual,24.3,1250,850000,2016
11880,Honda,Amaze,3,40000,Petrol,Manual,17.8,1200,610000,2013
9837,Honda,City,10,58568,Petrol,Manual,16.8,1500,350000,1998
9211,Maruti,Ertiga,8,57001,Diesel,Manual,20.77,1250,449000,2012
844,Hyundai,Grand,1,15000,Petrol,Automatic,20.7,1200,650000,2013
15184,Maruti,Wagon R,10,40000,Petrol,Manual,18.9,1000,350000,1999
12941,Toyota,Innova,7,44000,Diesel,Manual,12.99,2500,1550000,2005
7972,Hyundai,i10,10,80000,Petrol,Manual,20.36,1200,250000,2007
11684,Hyundai,i20,6,76430,Diesel,Manual,22.54,1400,625000,2008
14928,Hyundai,i10,11,80000,Petrol,Manual,20.36,1200,180000,2007
10925,Honda,Amaze,7,60000,Diesel,Manual,25.8,1500,342000,2013
13880,Toyota,Innova,7,117306,Diesel,Manual,12.99,2500,800000,2005
11919,Maruti,Swift Dzire,2,22000,Diesel,Manual,28.4,1250,925000,2008
10744,Toyota,Camry,5,85000,Petrol,Automatic,19.16,2500,1850000,2002
13888,Toyota,Camry,7,100000,Petrol,Automatic,12.1,2400,1100000,2002
15353,Tata,Nexon,3,30000,Diesel,Manual,21.5,1500,728000,2017
12309,Maruti,Vitara,4,27000,Diesel,Manual,24.3,1250,875000,2016
6593,Maruti,Wagon R,15,39056,Petrol,Manual,18.9,1000,100000,1999
6851,Honda,Jazz,5,40000,Diesel,Manual,27.3,1500,680000,2009
3539,Skoda,Octavia,6,41000,Diesel,Automatic,19.3,2000,1110000,2001
2111,Mercedes-Benz,C-Class,8,89172,Diesel,Automatic,19.27,2100,1400000,2001
14268,Hyundai,i20,2,15500,Diesel,Manual,22.54,1400,940000,2008
8423,Honda,City,2,57000,Petrol,Manual,17.4,1500,1060000,1998
14072,Honda,City,6,31996,Petrol,Manual,17.0,1500,785000,1998
10387,Mahindra,KUV100,3,80000,Diesel,Manual,25.32,1200,450000,2016
11872,BMW,3,10,70000,Diesel,Automatic,16.07,2000,690000,2007
3632,Toyota,Innova,7,69000,Diesel,Manual,12.99,2500,1099000,2005
7189,Ford,Aspire,5,37000,Petrol,Manual,18.16,1200,380000,2015
15335,Hyundai,i10,12,100000,Petrol,Manual,19.81,1100,210000,2007
11638,Volkswagen,Polo,6,38000,Petrol,Manual,16.47,1200,475000,2010
9651,Renault,KWID,3,33124,Petrol,Manual,25.17,800,335000,2015
7013,Maruti,Eeco,8,18000,Petrol,Manual,15.37,1200,225000,2010
14156,Hyundai,i20,9,113000,Diesel,Manual,23.0,1400,450000,2008
14158,Renault,KWID,4,12000,Petrol,Manual,23.01,1000,385000,2015
5625,Maruti,Vitara,5,53200,Diesel,Manual,24.3,1250,650000,2016
660,Hyundai,Creta,3,71000,Diesel,Manual,19.67,1600,1100000,2015
3448,Maruti,Swift,5,37000,Diesel,Manual,25.2,1250,675000,2005
4966,BMW,3,10,90000,Diesel,Automatic,16.07,2000,895000,2007
9581,Honda,Civic,12,62380,Petrol,Manual,13.5,1800,245000,2006
4352,Ford,Ecosport,3,74000,Diesel,Manual,23.0,1500,740000,2013
8953,Honda,City,10,17000,Petrol,Automatic,16.8,1500,400000,1998
11755,Skoda,Rapid,8,34000,Petrol,Manual,15.0,1600,405000,2011
6045,Ford,Aspire,6,48015,Diesel,Manual,25.83,1500,495000,2015
8426,Toyota,Innova,4,70000,Diesel,Manual,13.68,2400,1380000,2005
12474,Maruti,Eeco,6,60000,Petrol,Manual,15.37,1200,250000,2010
11168,Hyundai,Creta,5,69000,Diesel,Manual,20.5,1600,825000,2015
4582,Maruti,Swift Dzire,4,110000,Diesel,Manual,23.4,1250,550000,2008
8275,Hyundai,Verna,8,60000,Diesel,Manual,22.32,1600,450000,2006
12393,Hyundai,i20,6,70000,Diesel,Manual,22.54,1400,595000,2008
1334,Hyundai,Grand,6,40000,Petrol,Manual,18.9,1200,350000,2013
9903,Jeep,Compass,3,34000,Petrol,Automatic,16.0,1400,1450000,2017
3661,Tata,Safari,9,110000,Diesel,Manual,13.93,2200,290000,1998
5697,Hyundai,Creta,3,66000,Diesel,Manual,21.38,1400,870000,2015
7019,Maruti,Swift Dzire,6,25000,Petrol,Manual,20.85,1200,460000,2008
3250,Maruti,Eeco,7,39000,"Others (CNG,LPG)",Manual,21.94,1200,365000,2010
12416,Honda,City,6,78000,Diesel,Manual,25.6,1500,725000,1998
12804,Maruti,Ciaz,5,35000,Diesel,Manual,28.09,1250,750000,2014
443,Maruti,Alto,10,40000,Petrol,Manual,19.7,800,170000,2000
602,BMW,3,7,23746,Diesel,Automatic,22.69,2000,1600000,2007
1250,Maruti,Wagon R,4,32013,"Others (CNG,LPG)",Manual,33.54,1000,380000,1999
9389,Hyundai,Verna,8,83000,Diesel,Automatic,19.08,1600,470000,2006
2527,Maruti,Swift,9,85000,Diesel,Manual,22.9,1250,400000,2005
6186,Maruti,Swift,8,70000,Diesel,Manual,22.9,1250,451000,2005
3369,Hyundai,Santro,11,40000,Petrol,Manual,17.92,1100,210000,1998
9494,BMW,5,4,55000,Diesel,Automatic,22.48,2000,3600000,2007
2274,Maruti,Alto,3,20000,Petrol,Manual,23.95,1000,375000,2000
5637,Maruti,Alto,10,50000,Petrol,Manual,19.7,800,140000,2000
532,Mahindra,Bolero,9,63497,Diesel,Manual,15.96,2500,396000,2000
5560,Maruti,Swift,8,86000,Diesel,Manual,22.9,1250,499000,2005
1376,Mahindra,Scorpio,7,120000,Diesel,Manual,12.05,2200,600000,2002
5972,Maruti,Wagon R,4,19971,Petrol,Automatic,21.79,1000,450000,1999
2870,Maruti,Eeco,7,63000,Petrol,Manual,15.37,1200,295000,2010
8231,Tata,Safari,5,64579,Diesel,Manual,14.1,2200,875000,1998
11479,Maruti,Alto,6,25864,Petrol,Manual,22.74,800,265000,2000
1091,Honda,City,11,80000,Petrol,Manual,17.0,1500,300000,1998
5208,Maruti,Ignis,4,59518,Diesel,Manual,26.8,1250,530000,2017
1511,Ford,Figo,2,8073,Petrol,Manual,20.4,1200,575000,2010
11314,Maruti,Swift Dzire,3,65000,Petrol,Manual,22.0,1200,610000,2008
9034,Maruti,Wagon R,12,42000,Petrol,Manual,18.9,1000,180000,1999
9499,Maruti,Swift Dzire,6,57429,Petrol,Manual,19.1,1200,450000,2008
4209,Maruti,Baleno,3,60000,Diesel,Manual,27.39,1250,850000,2015
9473,Maruti,Baleno,5,33000,Petrol,Manual,21.4,1200,470000,2015
11065,Maruti,Vitara,2,22000,Diesel,Automatic,24.3,1250,870000,2016
1875,Maruti,Swift,8,79000,Diesel,Manual,28.4,1250,448000,2005
2188,Honda,Amaze,8,121877,Diesel,Manual,24.7,1500,425000,2013
9131,Mahindra,XUV500,4,34000,Diesel,Manual,16.0,2200,1075000,2011
12579,Maruti,Alto,13,40000,Petrol,Manual,19.7,800,180000,2000
5399,Honda,Amaze,8,100000,Diesel,Manual,25.8,1500,400000,2013
9327,Ford,Figo,8,57642,Diesel,Manual,20.0,1400,250000,2010
10931,Toyota,Camry,7,53000,Petrol,Automatic,12.98,2500,1099000,2002
7315,Honda,WR-V,1,5000,Petrol,Manual,17.5,1200,925000,2017
9299,Maruti,Ertiga,7,19000,Petrol,Manual,16.02,1400,524000,2012
2994,Hyundai,i20,3,23000,Petrol,Manual,18.6,1200,751000,2008
337,Honda,City,7,77000,Diesel,Manual,26.0,1500,525000,1998
298,Renault,KWID,3,25000,Petrol,Automatic,24.04,1000,370000,2015
10429,Hyundai,Santro,14,120000,Petrol,Manual,17.92,1100,92000,1998
350,Mahindra,XUV500,3,50000,Diesel,Manual,16.0,2200,1050000,2011
862,Datsun,RediGO,2,10000,Petrol,Manual,22.7,800,260000,2016
3213,Mahindra,XUV500,6,100000,Diesel,Manual,15.1,2200,655000,2011
395,Hyundai,i10,11,30000,Petrol,Manual,20.36,1200,300000,2007
12148,Maruti,Ertiga,3,11128,"Others (CNG,LPG)",Manual,17.5,1400,875000,2012
5811,Maruti,Wagon R,3,10000,Petrol,Manual,20.51,1000,391000,1999
10188,Hyundai,Venue,2,19500,Petrol,Automatic,18.15,1000,1100000,2019
15308,Volkswagen,Vento,7,52000,Petrol,Automatic,16.93,1200,645000,2010
1021,Maruti,Swift,11,160000,Diesel,Manual,17.8,1250,250000,2005
2645,Skoda,Superb,10,56468,Petrol,Manual,13.14,1800,479000,2004
9457,Toyota,Fortuner,9,51000,Diesel,Automatic,12.55,3000,1265000,2009
4516,Maruti,Wagon R,6,22000,Petrol,Manual,20.51,1000,411000,1999
11216,Skoda,Rapid,6,62500,Diesel,Manual,21.14,1500,410000,2011
1337,Maruti,Ciaz,5,35000,Diesel,Manual,28.09,1250,838000,2014
3174,Volkswagen,Polo,9,70000,Diesel,Manual,22.07,1200,385000,2010
4533,Hyundai,Creta,5,52500,Diesel,Manual,21.38,1400,921000,2015
8779,Maruti,Ciaz,3,10000,Petrol,Manual,20.73,1400,780000,2014
4109,Hyundai,Creta,5,120000,Diesel,Manual,19.67,1600,960000,2015
2770,Skoda,Superb,11,64400,Petrol,Automatic,13.7,1800,399000,2004
1852,Toyota,Camry,13,138000,Petrol,Automatic,12.1,2400,400000,2002
3709,Tata,Safari,7,80000,Diesel,Manual,14.0,2200,600000,1998
13231,Maruti,Alto,7,110000,Petrol,Manual,20.92,1000,200000,2000
11327,Maruti,Ignis,4,34489,Petrol,Automatic,20.89,1200,550000,2017
7442,Maruti,Ignis,4,8000,Petrol,Manual,20.89,1200,420000,2017
9365,Tata,Nexon,3,25000,Petrol,Automatic,17.0,1200,910000,2017
9104,Mahindra,Thar,3,19000,Diesel,Manual,16.55,2500,900000,2010
11777,Mercedes-Benz,S-Class,12,67000,Petrol,Automatic,10.13,3500,1100000,1994
11950,Ford,Figo,10,65000,Diesel,Manual,20.0,1400,335000,2010
3394,Maruti,Swift Dzire,6,38700,Diesel,Manual,26.59,1250,720000,2008
13043,Hyundai,i20,11,70000,Petrol,Manual,17.0,1200,200000,2008
3645,Volkswagen,Polo,3,17000,Petrol,Manual,18.78,1000,635000,2010
9905,Honda,Jazz,4,34633,Petrol,Automatic,18.2,1200,625000,2009
7844,Maruti,Celerio,3,14500,Petrol,Manual,23.1,1000,400000,2014
11298,Honda,City,5,56000,Diesel,Manual,26.0,1500,590000,1998
14718,Honda,Civic,13,90000,Petrol,Automatic,12.9,1800,500000,2006
8658,Hyundai,i20,3,15000,Petrol,Manual,18.6,1200,700000,2008
11519,Maruti,Eeco,5,38640,"Others (CNG,LPG)",Manual,15.1,1200,285000,2010
14964,Maruti,Wagon R,4,66807,"Others (CNG,LPG)",Manual,26.2,1000,410000,1999
4873,Maruti,Wagon R,6,38700,Petrol,Manual,18.9,1000,375000,1999
7437,Ford,Ecosport,2,15000,Diesel,Manual,22.77,1500,875000,2013
6824,Hyundai,i20,9,49000,Diesel,Manual,21.9,1400,390000,2008
8840,Maruti,Swift,6,70000,Diesel,Manual,25.2,1250,425000,2005
5338,Volkswagen,Polo,4,120000,Diesel,Manual,20.14,1500,600000,2010
7665,Maruti,Swift,9,100000,Petrol,Manual,18.6,1200,380000,2005
3933,Hyundai,i20,5,30000,Petrol,Manual,18.6,1200,600000,2008
2262,Maruti,Swift Dzire,3,50000,Diesel,Manual,28.4,1250,675000,2008
6188,Ford,Figo,8,120000,Diesel,Manual,20.0,1400,230000,2010
13361,Maruti,Celerio,7,52500,Petrol,Automatic,23.1,1000,375000,2014
2318,Maruti,Swift Dzire,8,47500,Diesel,Manual,23.4,1250,625000,2008
7102,Datsun,RediGO,3,50000,Petrol,Manual,22.7,800,250000,2016
13186,Maruti,Alto,12,70000,Petrol,Manual,19.7,800,130000,2000
14724,Maruti,Swift,4,19000,Petrol,Manual,20.4,1200,625000,2005
6338,Maruti,Swift Dzire,6,35000,Petrol,Manual,20.85,1200,520000,2008
12134,Honda,CR-V,3,13868,Petrol,Automatic,13.1,2000,3200000,2003
11802,Maruti,Swift,9,120000,Diesel,Manual,22.9,1250,355000,2005
7393,Toyota,Innova,7,82000,Diesel,Manual,12.99,2500,879000,2005
4862,Hyundai,Grand,4,31734,Petrol,Manual,18.9,1200,578000,2013
14186,Mahindra,XUV500,4,112000,Diesel,Manual,16.0,2200,1250000,2011
1845,Maruti,Alto,4,34153,Petrol,Manual,24.7,800,320000,2000
8529,Maruti,Wagon R,4,5388,Petrol,Manual,20.51,1000,409000,1999
2893,Honda,City,10,78000,Petrol,Manual,17.0,1500,265000,1998
4140,Maruti,Alto,12,26097,Petrol,Manual,19.7,800,175000,2000
12790,Mahindra,Scorpio,2,30000,Diesel,Manual,16.36,2200,1300000,2002
1968,Mahindra,Scorpio,5,35000,Diesel,Manual,15.4,2200,1150000,2002
4487,Honda,Amaze,2,10000,Diesel,Manual,27.4,1500,750000,2013
8730,Hyundai,Grand,3,35000,Diesel,Manual,24.0,1200,550000,2013
14686,Maruti,Ertiga,6,75000,Diesel,Manual,25.47,1250,650000,2012
6590,Volkswagen,Vento,9,185000,Diesel,Manual,20.54,1600,425000,2010
4458,Ford,Freestyle,2,5000,Petrol,Manual,19.0,1200,670000,2018
1695,Maruti,Alto,12,46000,Petrol,Manual,19.7,800,150000,2000
10786,Maruti,Wagon R,12,63000,Petrol,Manual,21.79,1000,125000,1999
12565,Volkswagen,Polo,4,46000,Diesel,Manual,15.11,1600,790000,2010
8098,Audi,A4,7,88720,Diesel,Automatic,16.55,2000,1900000,2008
2230,Maruti,Vitara,3,66470,Diesel,Manual,24.3,1250,900000,2016
10074,Maruti,Swift Dzire,6,56000,Petrol,Manual,20.85,1200,425000,2008
15300,Hyundai,i10,10,67000,Petrol,Manual,19.81,1100,225000,2007
13592,Honda,City,12,65000,Petrol,Manual,17.0,1500,299000,1998
5489,Maruti,Swift,8,78000,Diesel,Manual,22.9,1250,427000,2005
15320,Audi,A6,5,27000,Petrol,Automatic,15.26,1800,3000000,2005
13429,Maruti,Wagon R,4,66628,"Others (CNG,LPG)",Manual,26.6,1000,415000,1999
4146,Jeep,Compass,3,4000,Diesel,Manual,17.1,2000,1750000,2017
2098,Maruti,Ertiga,7,68880,Diesel,Manual,20.77,1250,645000,2012
3629,Maruti,Vitara,3,17000,Diesel,Manual,24.3,1250,895000,2016
6657,BMW,X1,8,50000,Diesel,Automatic,19.62,2000,1650000,2010
5834,Maruti,Wagon R,10,62000,Petrol,Manual,18.9,1000,295000,1999
329,Ford,Ecosport,7,65597,Diesel,Manual,22.7,1500,575000,2013
2974,Maruti,Swift Dzire,7,63000,Diesel,Manual,23.4,1250,595000,2008
5888,Hyundai,Grand,6,42426,Petrol,Automatic,18.9,1200,440000,2013
2752,Skoda,Superb,10,44275,Petrol,Automatic,13.7,1800,535000,2004
6522,Maruti,Swift,7,43528,Diesel,Manual,28.4,1250,545000,2005
9684,Maruti,Ciaz,4,29000,Petrol,Manual,20.73,1400,750000,2014
4034,Tata,Hexa,4,10000,Diesel,Manual,17.6,2200,1150000,2017
8508,Maruti,Swift,6,123000,Diesel,Manual,25.2,1250,595000,2005
12097,Hyundai,Verna,7,40000,Diesel,Manual,22.32,1600,525000,2006
5316,Ford,Ecosport,6,110000,Diesel,Manual,22.77,1500,600000,2013
14370,Hyundai,Creta,3,12000,Petrol,Manual,15.29,1600,940000,2015
14659,Renault,Duster,5,40000,Diesel,Manual,19.87,1500,575000,2012
2217,Maruti,Swift,8,97000,Petrol,Manual,18.6,1200,400000,2005
12489,Maruti,Swift Dzire,9,32000,Petrol,Manual,17.5,1300,430000,2008
11287,Honda,City,9,62928,Petrol,Manual,16.8,1500,385000,1998
5341,Maruti,Swift,6,66000,Diesel,Manual,25.2,1250,520000,2005
13776,Mahindra,XUV500,8,81000,Diesel,Manual,15.1,2200,715000,2011
12451,Hyundai,Creta,6,56836,Petrol,Manual,15.29,1600,790000,2015
14495,Ford,Figo,7,110000,Diesel,Manual,20.0,1400,275000,2010
11096,Honda,Amaze,4,42000,Petrol,Manual,18.0,1200,455000,2013
6041,Hyundai,Grand,3,7400,Diesel,Manual,24.0,1200,625000,2013
5906,Maruti,Wagon R,13,90000,"Others (CNG,LPG)",Manual,17.3,1100,190000,1999
12318,Maruti,Vitara,5,66200,Diesel,Manual,24.3,1250,750000,2016
3262,Maruti,Swift,6,19000,Petrol,Manual,18.6,1200,511000,2005
5893,Hyundai,i10,10,75000,Petrol,Manual,20.36,1200,345000,2007
9828,Maruti,Wagon R,5,77950,"Others (CNG,LPG)",Manual,26.6,1000,340000,1999
9557,Maruti,Swift,6,50168,Diesel,Manual,25.2,1250,450000,2005
13956,Skoda,Rapid,9,65000,Diesel,Manual,20.5,1600,248000,2011
3620,Maruti,Wagon R,5,15680,Petrol,Automatic,20.51,1000,451000,1999
11957,Honda,City,6,80000,Diesel,Manual,26.0,1500,550000,1998
8388,Honda,Jazz,4,31000,Petrol,Manual,18.7,1200,489000,2009
1910,Hyundai,i10,12,57800,Petrol,Manual,20.36,1200,255000,2007
8078,Ford,Aspire,4,5000,Petrol,Manual,18.16,1200,510000,2015
10970,Hyundai,i20,6,90000,Diesel,Manual,22.54,1400,500000,2008
13216,Hyundai,Santro,7,35000,Petrol,Manual,17.92,1100,300000,1998
13093,Tata,Safari,8,68192,Diesel,Manual,14.1,2200,550000,1998
4912,Maruti,Swift,9,68000,Diesel,Manual,22.9,1250,390000,2005
12771,Volkswagen,Polo,5,29000,Petrol,Automatic,17.21,1200,665000,2010
14002,Maruti,Alto,4,40000,Petrol,Manual,23.95,1000,310000,2000
12236,BMW,X3,5,36799,Diesel,Automatic,18.56,2000,3985000,2007
10978,Hyundai,Creta,6,64000,Petrol,Manual,15.29,1600,875000,2015
10442,Maruti,Ciaz,6,108156,Diesel,Manual,28.09,1250,465000,2014
13517,Mahindra,Scorpio,12,65000,Diesel,Manual,12.05,2200,545000,2002
2357,Ford,Figo,10,44000,Petrol,Manual,15.6,1200,251000,2010
9109,Honda,CR-V,9,49049,Petrol,Automatic,13.1,2350,750000,2003
12405,Maruti,Alto,6,35000,Petrol,Manual,23.95,1000,275000,2000
9830,Mahindra,Thar,6,64000,Diesel,Manual,16.55,2500,750000,2010
331,Maruti,Ciaz,7,160000,Diesel,Manual,26.21,1250,500000,2014
9302,Hyundai,Verna,4,43000,Petrol,Manual,17.0,1600,880000,2006
8292,Ford,Aspire,6,79661,Diesel,Manual,25.83,1500,570000,2015
11696,Hyundai,Verna,3,60000,Diesel,Manual,22.0,1600,1150000,2006
1797,Toyota,Innova,9,174000,Diesel,Manual,12.8,2500,850000,2005
11462,Volkswagen,Polo,7,17205,Petrol,Manual,16.47,1200,450000,2010
7378,Hyundai,i20,9,45000,Petrol,Manual,17.0,1200,380000,2008
11342,Honda,Amaze,4,55000,Petrol,Manual,17.8,1200,479000,2013
10964,Hyundai,Grand,5,38000,Diesel,Manual,24.0,1100,410000,2013
3891,Hyundai,Grand,7,43000,Petrol,Manual,18.9,1200,380000,2013
7237,Renault,KWID,4,17000,Petrol,Manual,25.17,800,300000,2015
7332,Maruti,Celerio,3,15000,Petrol,Manual,21.63,1000,400000,2014
9649,Toyota,Innova,4,51000,Diesel,Automatic,11.36,2800,1590000,2005
15053,Maruti,Swift Dzire,5,46000,Diesel,Manual,23.4,1250,715000,2008
8525,Mahindra,Bolero,7,67000,Diesel,Manual,21.0,1500,470000,2000
2194,Honda,City,6,23461,Petrol,Automatic,18.0,1500,820000,1998
13856,Hyundai,Creta,5,48000,Diesel,Automatic,17.01,1600,1175000,2015
4921,Mahindra,Thar,4,38860,Diesel,Manual,16.55,2500,875000,2010
104,Maruti,Wagon R,12,98780,Petrol,Manual,18.9,1000,155000,1999
4274,Tata,Safari,9,80000,Diesel,Manual,13.93,2200,285000,1998
1387,Ford,Ecosport,2,64000,Diesel,Manual,22.77,1500,850000,2013
12920,Honda,City,6,42000,Petrol,Manual,17.4,1500,550000,1998
8624,Maruti,Alto,6,30000,Petrol,Manual,22.74,800,210000,2000
12713,Toyota,Innova,6,65000,Diesel,Manual,12.99,2500,850000,2005
14407,Tata,Nexon,3,69000,Diesel,Manual,21.5,1500,790000,2017
7353,Renault,Duster,6,63000,Diesel,Manual,20.45,1500,550000,2012
14262,Honda,City,11,65000,Petrol,Manual,17.0,1500,325000,1998
2032,BMW,5,2,6000,Diesel,Automatic,18.59,3000,5700000,2007
6662,Honda,City,11,65000,Petrol,Manual,17.0,1500,330000,1998
12149,Maruti,Alto,4,46871,Petrol,Manual,24.7,800,279000,2000
11397,Maruti,Baleno,5,19000,Petrol,Automatic,21.4,1200,550000,2015
7176,Mercedes-Benz,E-Class,16,123374,Petrol,Automatic,11.2,2500,421000,1996
3156,Ford,Figo,10,113000,Diesel,Manual,20.0,1400,290000,2010
9617,Honda,City,9,47000,Petrol,Manual,17.0,1500,425000,1998
4252,Hyundai,i10,9,63000,Petrol,Manual,20.36,1200,355000,2007
2835,Honda,Amaze,6,72000,Diesel,Manual,25.8,1500,590000,2013
9614,Maruti,Baleno,5,92000,Petrol,Manual,21.4,1200,570000,2015
12137,Maruti,Wagon R,8,30000,Petrol,Manual,18.9,1000,285000,1999
6637,Hyundai,Grand,7,90598,Diesel,Manual,24.0,1100,365000,2013
14410,Tata,Hexa,3,34000,Diesel,Automatic,17.6,2200,1490000,2017
149,Maruti,Wagon R,2,7883,Petrol,Automatic,21.5,1200,550000,1999
13963,BMW,5,2,12000,Diesel,Automatic,22.48,2000,4900000,2007
5756,Maruti,Ignis,4,20000,Petrol,Automatic,20.89,1200,700000,2017
5449,Hyundai,i20,6,120000,Diesel,Manual,22.54,1400,600000,2008
11590,Hyundai,Grand,4,38343,Petrol,Manual,18.9,1200,530000,2013
4856,Maruti,Swift Dzire,4,120000,"Others (CNG,LPG)",Manual,19.0,1200,525000,2008
1871,Maruti,Swift Dzire,9,70000,Diesel,Manual,19.3,1250,485000,2008
2731,Ford,Figo,10,570000,Petrol,Manual,15.6,1200,200000,2010
13829,Hyundai,i20,3,30000,Petrol,Manual,18.6,1200,635000,2008
15102,Hyundai,Creta,4,24000,Petrol,Manual,15.8,1600,1055000,2015
15026,Maruti,Celerio,3,13000,Petrol,Manual,23.1,1000,415000,2014
1646,Mercedes-Benz,E-Class,2,10000,Diesel,Automatic,16.1,1950,5700000,1996
14477,Honda,City,4,22000,Petrol,Manual,17.4,1500,825000,1998
10149,Hyundai,Grand,3,53546,Petrol,Manual,18.9,1200,485000,2013
6887,Volkswagen,Polo,10,70000,Petrol,Manual,16.47,1200,380000,2010
4260,Hyundai,Verna,8,66000,Diesel,Manual,22.32,1600,500000,2006
4570,Hyundai,Verna,3,35000,Petrol,Automatic,17.0,1600,950000,2006
423,Maruti,Baleno,3,25000,Diesel,Manual,27.39,1250,825000,2015
6980,Maruti,Swift Dzire,9,55000,Diesel,Manual,19.3,1250,325000,2008
13533,Hyundai,i20,9,70000,Diesel,Manual,21.9,1400,470000,2008
13989,Honda,Jazz,3,24265,Petrol,Manual,18.7,1200,635000,2009
13062,Hyundai,Creta,4,19543,Petrol,Manual,13.0,1600,1100000,2015
8179,Mahindra,XUV500,6,79000,Diesel,Manual,16.0,2000,1150000,2011
11890,Maruti,Wagon R,9,60000,Petrol,Manual,18.9,1000,300000,1999
8615,Maruti,Wagon R,9,50000,Petrol,Manual,18.9,1000,265000,1999
9790,Hyundai,i20,6,60000,Diesel,Manual,21.9,1400,350000,2008
4540,Mahindra,Bolero,6,72658,Diesel,Manual,15.96,2500,480000,2000
8787,Tata,Hexa,2,40000,Diesel,Manual,17.6,2200,1525000,2017
12764,Maruti,Eeco,4,19955,Petrol,Manual,15.37,1200,390000,2010
3635,Ford,Figo,11,114231,Petrol,Manual,15.6,1200,249000,2010
13332,Maruti,Ciaz,5,45000,Petrol,Manual,20.73,1400,725000,2014
14902,Maruti,Vitara,4,70000,Diesel,Manual,24.3,1250,680000,2016
13858,Maruti,Wagon R,2,8401,Petrol,Automatic,21.79,1000,545000,1999
14418,Maruti,Wagon R,9,50000,Petrol,Manual,18.9,1000,230000,1999
1744,Toyota,Innova,5,119000,Diesel,Manual,13.68,2400,1400000,2005
13038,Maruti,Swift,8,51200,Petrol,Manual,16.1,1200,470000,2005
10879,Hyundai,Grand,4,60000,Petrol,Manual,18.9,1200,450000,2013
1831,Maruti,Ertiga,9,67000,Diesel,Manual,20.77,1250,625000,2012
4179,Mahindra,XUV500,6,63516,Diesel,Manual,15.1,2200,850000,2011
13574,Maruti,Ciaz,2,50000,Diesel,Manual,28.09,1250,825000,2014
15142,Maruti,Swift Dzire,5,70666,Petrol,Manual,20.85,1200,630000,2008
13264,Maruti,Vitara,4,61326,Diesel,Manual,24.3,1250,985000,2016
2958,Maruti,Ciaz,6,36681,Petrol,Manual,20.73,1400,611000,2014
7325,Mahindra,Scorpio,6,40000,Diesel,Manual,15.4,2500,800000,2002
728,Ford,Figo,10,100000,Diesel,Manual,20.0,1400,170000,2010
9479,Mahindra,Thar,7,49000,Diesel,Manual,16.55,2500,590000,2010
4898,Skoda,Rapid,9,72500,Diesel,Manual,20.5,1600,295000,2011
3503,Hyundai,i20,5,57000,Diesel,Manual,22.54,1400,650000,2008
7863,Tata,Safari,10,87000,Diesel,Manual,11.57,2200,250000,1998
11624,Maruti,Baleno,4,26000,Petrol,Manual,21.4,1200,770000,2015
8317,Maruti,Alto,7,110000,Petrol,Manual,22.74,800,180000,2000
10435,Honda,City,4,62000,Petrol,Manual,17.4,1500,760000,1998
8077,Honda,City,7,171000,Diesel,Manual,25.1,1500,530000,1998
4428,Ford,Ecosport,4,11000,Petrol,Manual,18.88,1000,950000,2013
14541,Tata,Tiago,2,15000,Petrol,Manual,23.84,1200,500000,2016
9345,Maruti,Wagon R,3,40000,Petrol,Automatic,20.51,1000,400000,1999
10476,Honda,Civic,12,23000,Petrol,Manual,14.8,1800,295000,2006
1840,Hyundai,Grand,4,32212,Petrol,Manual,18.9,1200,500000,2013
15362,BMW,5,4,30000,Diesel,Automatic,22.48,2000,3975000,2007
10524,Ford,Ecosport,5,62000,Diesel,Manual,22.77,1500,590000,2013
12819,Volkswagen,Vento,8,40000,Petrol,Manual,15.04,1600,385000,2010
3870,Hyundai,i20,2,40000,Petrol,Manual,18.6,1200,750000,2008
11801,Maruti,Ertiga,1,5000,Petrol,Automatic,17.99,1500,900000,2012
11563,Maruti,Swift,5,76508,Petrol,Manual,20.4,1200,399000,2005
6096,Hyundai,Verna,9,96888,Diesel,Automatic,22.32,1600,550000,2006
1096,Hyundai,i20,10,52000,Petrol,Manual,18.5,1200,260000,2008
1028,Maruti,Ciaz,4,63500,Diesel,Manual,28.09,1250,665000,2014
1933,Toyota,Innova,4,109000,Diesel,Manual,13.68,2400,1575000,2005
7780,Maruti,Alto,9,28000,Petrol,Manual,20.92,1000,225000,2000
4945,Hyundai,Grand,6,110000,Diesel,Manual,24.0,1100,380000,2013
5911,Tata,Tiago,3,35093,Diesel,Manual,27.28,1050,440000,2016
2685,Maruti,Wagon R,6,39983,Petrol,Manual,21.79,1000,425000,1999
839,Tata,Nexon,2,6507,Petrol,Automatic,17.0,1200,875000,2017
3207,Maruti,Wagon R,3,50000,"Others (CNG,LPG)",Manual,26.6,1000,434000,1999
13799,Volkswagen,Polo,2,21000,Diesel,Manual,20.14,1500,865000,2010
3562,Mercedes-Benz,E-Class,5,45000,Diesel,Automatic,13.0,2100,2475000,1996
11158,Ford,Ecosport,4,17908,Diesel,Manual,21.7,1500,730000,2013
14881,Maruti,Swift Dzire,8,70000,Diesel,Manual,23.4,1250,600000,2008
4328,Maruti,Swift,3,7000,Petrol,Manual,22.0,1200,610000,2005
11499,Hyundai,Grand,4,56302,Diesel,Manual,24.0,1200,440000,2013
4330,Maruti,Ciaz,5,67248,Petrol,Manual,20.73,1400,495000,2014
13584,Ford,Endeavour,3,41000,Diesel,Automatic,10.91,3200,3200000,2003
14157,Mahindra,Scorpio,6,110000,Diesel,Manual,15.4,2000,900000,2002
9143,Hyundai,i20,9,60000,Petrol,Manual,18.5,1200,290000,2008
11124,Renault,Duster,7,64000,Diesel,Manual,19.87,1500,395000,2012
6250,Hyundai,i20,3,25000,Petrol,Manual,17.19,1200,741000,2008
3950,Maruti,Swift Dzire,6,61000,Diesel,Manual,26.59,1250,510000,2008
3412,Maruti,Baleno,3,34000,Diesel,Manual,27.39,1250,850000,2015
43,Maruti,Swift Dzire,5,54000,Petrol,Manual,20.85,1200,600000,2008
1031,Maruti,Swift,7,70000,Petrol,Manual,18.6,1200,450000,2005
2001,Hyundai,Verna,2,23150,Diesel,Automatic,19.08,1600,1385000,2006
4579,Honda,City,11,48000,Petrol,Manual,17.0,1500,500000,1998
9895,Honda,City,13,100000,Petrol,Manual,17.7,1500,200000,1998
15390,Maruti,Celerio,6,60000,Petrol,Manual,23.1,1000,385000,2014
10288,Renault,Duster,5,68000,Diesel,Manual,20.45,1500,585000,2012
12020,Toyota,Innova,4,44000,Diesel,Manual,13.68,2400,2100000,2005
8194,Tata,Nexon,1,3500,Petrol,Manual,17.0,1200,650000,2017
12435,Hyundai,i20,5,70000,Petrol,Manual,18.6,1200,450000,2008
12060,Maruti,Baleno,2,30000,Petrol,Manual,21.4,1200,675000,2015
5852,Honda,Amaze,4,71000,Diesel,Manual,25.8,1500,575000,2013
5164,Ford,Figo,5,50000,Diesel,Manual,25.83,1500,450000,2010
9183,Hyundai,i20,4,100000,Petrol,Manual,18.6,1200,580000,2008
1397,Maruti,Eeco,4,40000,Petrol,Manual,15.37,1200,325000,2010
5195,Maruti,Alto,5,40000,Petrol,Manual,22.74,800,280000,2000
14281,Toyota,Innova,5,107000,Diesel,Manual,13.68,2400,1745000,2005
3437,Maruti,Swift,8,108000,Diesel,Manual,22.9,1250,485000,2005
6675,Maruti,Ciaz,1,10000,Petrol,Manual,20.65,1500,950000,2014
13087,Maruti,Ciaz,4,44000,Diesel,Manual,26.21,1250,815000,2014
5426,Maruti,Swift,6,90000,Diesel,Manual,25.2,1250,460000,2005
12675,Maruti,Ertiga,3,50000,Petrol,Manual,17.5,1400,760000,2012
172,Hyundai,i20,6,50000,Petrol,Manual,18.6,1200,450000,2008
1565,Hyundai,Creta,3,70000,Diesel,Manual,20.5,1600,1300000,2015
11609,BMW,X1,9,69000,Diesel,Automatic,19.62,2000,1350000,2010
11971,Renault,Duster,5,62000,Diesel,Manual,19.87,1500,700000,2012
1683,Hyundai,Verna,9,55000,Diesel,Manual,22.32,1600,450000,2006
10918,Hyundai,i10,8,20000,Petrol,Manual,19.81,1100,300000,2007
15321,Hyundai,i10,8,35000,Petrol,Manual,19.81,1100,360000,2007
1518,Maruti,Wagon R,14,80000,Petrol,Manual,20.51,1000,85000,1999
6443,Toyota,Innova,4,62000,Diesel,Manual,13.68,2400,1850000,2005
12531,Hyundai,Santro,2,18000,Petrol,Manual,20.3,1100,450000,1998
5060,Mahindra,XUV500,6,35000,Diesel,Manual,15.1,2200,1100000,2011
9148,Maruti,Baleno,4,44000,Petrol,Manual,21.4,1200,570000,2015
6201,Hyundai,i20,9,40000,Diesel,Manual,21.27,1400,570000,2008
15110,Maruti,Baleno,4,42000,Diesel,Manual,27.39,1250,700000,2015
5651,Volkswagen,Polo,4,75500,Diesel,Manual,20.14,1500,570000,2010
9954,Honda,City,6,63000,Diesel,Manual,26.0,1500,525000,1998
13974,Honda,Civic,13,90000,Petrol,Manual,13.5,1800,235000,2006
11953,Mahindra,XUV500,5,36000,Diesel,Manual,16.0,2000,900000,2011
11365,Mahindra,KUV100,5,40000,Diesel,Manual,25.32,1200,485000,2016
11285,Skoda,Rapid,6,47000,Diesel,Manual,21.14,1500,495000,2011
3132,Maruti,Ertiga,4,77900,Diesel,Manual,24.2,1500,875000,2012
8367,Mahindra,XUV500,5,60000,Diesel,Automatic,16.0,2200,1200000,2011
564,Honda,Amaze,6,16942,Petrol,Manual,18.0,1200,439000,2013
12117,BMW,5,6,65000,Diesel,Automatic,14.69,3000,2600000,2007
2464,Mahindra,Scorpio,3,27000,Diesel,Manual,15.4,2500,950000,2002
1656,Hyundai,i20,7,30000,Petrol,Manual,18.6,1200,470000,2008
4440,Maruti,Baleno,4,45000,Diesel,Manual,27.39,1250,895000,2015
6038,Honda,City,3,25000,Petrol,Manual,17.4,1500,870000,1998
6211,Hyundai,Grand,7,70000,Diesel,Manual,24.0,1100,440000,2013
10055,Maruti,Swift Dzire,9,55000,Petrol,Manual,17.5,1200,335000,2008
15,Mercedes-Benz,C-Class,7,65000,Diesel,Automatic,19.27,2100,1425000,2001
11718,BMW,3,7,89000,Diesel,Automatic,18.88,2000,2150000,2007
4884,Maruti,Vitara,3,105000,Diesel,Manual,24.3,1250,825000,2016
9168,Honda,City,5,48000,Diesel,Manual,26.0,1500,599000,1998
7534,Toyota,Fortuner,2,590000,Diesel,Manual,14.24,2800,2850000,2009
5931,Hyundai,Creta,5,57000,Diesel,Manual,19.67,1600,1075000,2015
12167,Honda,Amaze,3,25000,Petrol,Manual,17.8,1200,650000,2013
3120,BMW,X1,3,22000,Diesel,Automatic,17.05,2000,3000000,2010
8136,Maruti,Alto,3,5000,Petrol,Manual,24.7,800,325000,2000
13371,Honda,CR-V,2,20000,Diesel,Automatic,19.5,1600,3100000,2003
10686,Honda,City,10,56000,Petrol,Manual,17.0,1500,325000,1998
10672,Maruti,Baleno,2,20000,Petrol,Manual,21.4,1200,635000,2015
15400,Maruti,Alto,4,12706,Petrol,Manual,24.7,800,313000,2000
2175,Tata,Nexon,3,25000,Diesel,Manual,21.5,1500,1000000,2017
7049,Maruti,Wagon R,15,120000,Petrol,Manual,18.9,1000,80000,1999
12339,Maruti,Alto,10,33111,Petrol,Manual,19.7,800,205000,2000
556,Ford,Ecosport,2,4000,Petrol,Manual,17.0,1500,800000,2013
14226,Hyundai,Grand,6,29000,Petrol,Manual,18.9,1200,495000,2013
1880,Mahindra,Bolero,5,80000,Diesel,Manual,16.5,1500,700000,2000
14373,Maruti,Baleno,2,15000,Petrol,Automatic,21.4,1200,770000,2015
7627,Ford,Figo,11,80000,Petrol,Manual,15.6,1200,200000,2010
9789,Maruti,Wagon R,9,62443,Petrol,Manual,18.9,1000,235000,1999
5459,Datsun,RediGO,4,49000,Petrol,Manual,22.7,800,220000,2016
14660,Hyundai,Grand,6,16560,Petrol,Manual,18.9,1200,340000,2013
6358,Maruti,Swift,6,56000,Diesel,Manual,25.2,1250,490000,2005
10383,Honda,City,13,59500,Petrol,Manual,17.0,1500,220000,1998
9209,Skoda,Superb,9,62000,Petrol,Automatic,13.7,1800,585000,2004
2282,Volkswagen,Polo,5,54162,Diesel,Manual,20.14,1500,575000,2010
3134,Hyundai,i20,5,18000,Petrol,Manual,18.6,1200,630000,2008
3184,Hyundai,i20,9,32000,Petrol,Manual,18.5,1200,350000,2008
13765,Maruti,Ciaz,5,49500,Diesel,Manual,28.09,1250,700000,2014
10562,Maruti,Swift,12,65000,Petrol,Manual,16.1,1300,210000,2005
3561,Toyota,Innova,12,200000,Diesel,Manual,12.8,2500,480000,2005
2711,Maruti,Swift,8,78278,Diesel,Manual,22.9,1250,475000,2005
2808,Maruti,Celerio,3,22000,Petrol,Manual,21.63,1000,455000,2014
600,Maruti,Alto,8,76000,Petrol,Manual,20.92,1000,211000,2000
1785,Maruti,Celerio,5,36000,Petrol,Automatic,23.1,1000,450000,2014
6140,Jaguar,XF,6,20000,Diesel,Automatic,16.36,2200,3500000,2009
8558,Honda,City,6,10000,Petrol,Manual,17.4,1500,675000,1998
3930,Maruti,Alto,2,20000,Petrol,Manual,23.95,1000,370000,2000
8443,Maruti,Wagon R,11,80000,"Others (CNG,LPG)",Manual,26.2,1000,220000,1999
7214,Honda,City,11,180000,Petrol,Manual,17.0,1500,400000,1998
8687,Volkswagen,Vento,9,52120,Petrol,Manual,15.04,1600,249000,2010
5321,Honda,Jazz,4,8048,Petrol,Manual,18.7,1200,600000,2009
13339,Honda,Civic,2,21000,Petrol,Automatic,16.5,1800,1670000,2006
12562,Mercedes-Benz,E-Class,15,57000,Petrol,Automatic,9.5,3000,411000,1996
8496,Mahindra,Bolero,11,211000,Diesel,Manual,13.6,2500,275000,2000
11670,Toyota,Innova,6,51452,Diesel,Manual,12.99,2500,1095000,2005
2798,Maruti,Celerio,5,70000,Petrol,Manual,23.1,1000,375000,2014
12807,Maruti,Alto,8,50000,Petrol,Manual,20.92,1000,210000,2000
12781,Maruti,Ciaz,4,55000,Diesel,Manual,26.21,1250,675000,2014
4906,Hyundai,i10,13,80000,Petrol,Manual,20.36,1200,150000,2007
7750,Hyundai,i20,3,38000,Diesel,Manual,22.54,1400,750000,2008
11239,Toyota,Fortuner,3,50000,Diesel,Automatic,12.9,2800,3150000,2009
10934,Hyundai,i10,10,58000,Petrol,Manual,20.36,1200,210000,2007
9124,Maruti,Swift,1,10000,Petrol,Manual,22.0,1200,640000,2005
3556,Maruti,Eeco,7,41600,Petrol,Manual,15.37,1200,321000,2010
3959,Maruti,Vitara,4,56000,Diesel,Manual,24.3,1250,814000,2016
8255,Volkswagen,Vento,8,90000,Petrol,Manual,15.04,1600,375000,2010
2481,Maruti,Swift,10,30000,Petrol,Manual,16.1,1200,350000,2005
10609,Hyundai,Grand,7,54000,Petrol,Manual,18.9,1200,365000,2013
9912,Toyota,Camry,6,65000,Petrol,Automatic,19.16,2500,1699000,2002
3997,Maruti,Swift Dzire,3,100000,Diesel,Manual,19.3,1250,791000,2008
14897,Maruti,Celerio,7,26000,Petrol,Automatic,23.1,1000,460000,2014
6067,Maruti,Swift,4,18600,Petrol,Manual,20.4,1200,562000,2005
11974,Maruti,Eeco,10,93456,Petrol,Manual,15.37,1200,285000,2010
6849,Maruti,Swift,3,50000,Diesel,Manual,28.4,1250,684000,2005
6311,Hyundai,i10,11,75000,Petrol,Manual,19.81,1100,270000,2007
2635,Maruti,Swift Dzire,5,120000,"Others (CNG,LPG)",Manual,19.0,1200,325000,2008
10473,Honda,Jazz,6,61000,Diesel,Manual,27.3,1500,525000,2009
8894,Mahindra,Thar,2,23000,Diesel,Manual,16.55,2500,1000000,2010
3597,Maruti,Swift,7,77000,Diesel,Manual,25.2,1250,525000,2005
8318,Maruti,Alto,6,50000,"Others (CNG,LPG)",Manual,30.46,800,240000,2000
10957,Maruti,Baleno,3,21000,Petrol,Manual,21.01,1200,625000,2015
7156,Maruti,Wagon R,3,9450,Petrol,Automatic,20.51,1000,412000,1999
8129,Datsun,GO,2,11800,Petrol,Manual,19.83,1200,575000,2014
10589,Maruti,Vitara,5,480000,Diesel,Manual,24.3,1250,650000,2016
8689,Maruti,Ertiga,4,18000,Petrol,Manual,17.5,1400,675000,2012
4077,Tata,Safari,3,65000,Diesel,Manual,14.1,2200,950000,1998
13984,Hyundai,Verna,8,74832,Petrol,Manual,17.1,1600,550000,2006
13304,Hyundai,i20,9,69000,Diesel,Manual,21.9,1400,460000,2008
13070,Hyundai,Verna,9,68000,Petrol,Manual,17.01,1600,410000,2006
225,Tata,Hexa,3,30000,Diesel,Manual,17.6,2200,1400000,2017
8213,Honda,City,6,54700,Diesel,Manual,26.0,1500,600000,1998
13036,Maruti,Swift,2,7000,Petrol,Manual,21.21,1200,610000,2005
7583,Hyundai,Grand,5,70000,Petrol,Manual,18.9,1200,410000,2013
13303,Honda,Amaze,7,49000,Petrol,Manual,18.0,1200,495000,2013
13246,Hyundai,Elantra,5,28000,Petrol,Automatic,14.62,2000,1525000,2004
3602,Maruti,Alto,10,49100,Petrol,Manual,19.7,800,155000,2000
4466,Maruti,Swift,2,30000,Diesel,Automatic,28.4,1250,825000,2005
6540,Mahindra,XUV500,7,86436,Diesel,Manual,15.1,2200,780000,2011
14896,Maruti,Alto,4,9000,Petrol,Manual,23.95,1000,335000,2000
9742,Maruti,Wagon R,8,40000,Petrol,Manual,18.9,1000,285000,1999
2350,Renault,KWID,4,18000,Petrol,Manual,23.01,1000,315000,2015
4973,Maruti,Alto,6,18604,Petrol,Manual,22.74,800,310000,2000
14749,Maruti,Ignis,3,10503,Petrol,Automatic,20.89,1200,535000,2017
13656,Toyota,Innova,3,30000,Diesel,Automatic,11.36,2800,2250000,2005
3770,Honda,City,6,24000,Petrol,Automatic,18.0,1500,825000,1998
11685,Maruti,Wagon R,4,28763,"Others (CNG,LPG)",Manual,33.54,1000,400000,1999
3654,Honda,City,7,70000,Diesel,Manual,26.0,1500,600000,1998
1017,Maruti,Wagon R,11,147626,Petrol,Manual,18.9,1100,199000,1999
13570,Toyota,Camry,6,60000,Petrol,Automatic,19.16,2500,2350000,2002
14907,Skoda,Superb,3,37000,Diesel,Automatic,18.19,2000,2499000,2004
10822,Honda,City,7,44000,Diesel,Manual,26.0,1500,535000,1998
9591,Audi,Q7,4,71000,Diesel,Automatic,12.07,3000,4700000,2006
11698,Maruti,Swift Dzire,13,110000,Diesel,Manual,19.3,1250,325000,2008
3466,Maruti,Vitara,3,35000,Diesel,Manual,24.3,1250,810000,2016
2757,Hyundai,Creta,2,38000,Diesel,Manual,22.1,1400,1050000,2015
9528,Honda,WR-V,3,10000,Petrol,Manual,17.5,1200,849000,2017
3255,Honda,City,5,50000,Diesel,Manual,26.0,1500,850000,1998
9642,Honda,City,8,35000,Petrol,Manual,17.0,1500,495000,1998
8172,Maruti,Vitara,5,120000,Diesel,Manual,24.3,1250,600000,2016
247,Maruti,Swift,8,34553,Petrol,Manual,22.0,1200,375000,2005
11296,Hyundai,i20,2,2200,Petrol,Manual,17.19,1200,665000,2008
10343,Hyundai,i20,3,24000,Petrol,Manual,18.6,1200,615000,2008
341,Renault,KWID,2,2500,Petrol,Manual,23.01,1000,400000,2015
13277,Volkswagen,Polo,4,14000,Petrol,Manual,16.2,1200,750000,2010
13011,Toyota,Innova,5,70000,Diesel,Manual,12.99,2500,945000,2005
682,Renault,Duster,8,70000,Diesel,Manual,19.01,1500,500000,2012
2332,Maruti,Swift,8,195000,Diesel,Manual,22.9,1250,410000,2005
1734,Hyundai,i20,10,80000,Petrol,Manual,18.5,1200,320000,2008
2580,Honda,City,9,37000,Petrol,Manual,17.4,1500,425000,1998
1155,Datsun,GO,5,50000,Petrol,Manual,20.63,1200,235000,2014
13221,Hyundai,Verna,2,5630,Petrol,Manual,17.0,1600,975000,2006
13179,Maruti,Eeco,9,65000,Petrol,Manual,15.37,1200,175000,2010
15124,Honda,City,3,10000,Petrol,Automatic,18.0,1500,1150000,1998
11797,Hyundai,Verna,8,66000,Petrol,Automatic,15.74,1600,560000,2006
14943,Maruti,Swift Dzire,5,80000,Diesel,Manual,26.59,1250,550000,2008
4277,BMW,5,10,136000,Diesel,Automatic,16.2,3000,1699000,2007
12383,Volkswagen,Vento,6,50000,Petrol,Manual,16.09,1600,750000,2010
13354,Audi,A6,6,56227,Diesel,Automatic,17.68,2000,2675000,2005
3245,Maruti,Wagon R,11,28000,Petrol,Manual,14.0,1100,250000,1999
9182,BMW,3,4,26000,Diesel,Automatic,19.62,2000,2500000,2007
9519,Honda,City,9,100000,Petrol,Manual,16.8,1500,350000,1998
5004,Maruti,Swift Dzire,8,105000,Petrol,Manual,19.1,1200,400000,2008
10669,Hyundai,Grand,6,68000,Petrol,Manual,18.9,1200,421000,2013
1995,Renault,KWID,5,37250,Petrol,Manual,25.17,800,325000,2015
3094,Honda,City,7,26000,Diesel,Manual,26.0,1500,590000,1998
2289,BMW,5,8,35000,Diesel,Automatic,18.12,2000,1750000,2007
11351,Honda,Jazz,6,80000,Diesel,Manual,27.3,1500,475000,2009
12734,Hyundai,Grand,5,35000,Petrol,Manual,18.9,1200,420000,2013
14752,Maruti,Wagon R,6,25000,Petrol,Manual,20.51,1000,375000,1999
182,Maruti,Wagon R,8,64000,"Others (CNG,LPG)",Manual,33.54,1000,270000,1999
7130,Hyundai,i20,8,34000,Diesel,Manual,21.9,1400,325000,2008
10307,Maruti,Ciaz,6,54000,Petrol,Manual,20.73,1400,515000,2014
4288,BMW,X5,6,70000,Diesel,Automatic,15.3,3000,3500000,2007
13435,Honda,Amaze,6,42012,Petrol,Manual,18.6,1200,475000,2013
4735,Maruti,Alto,4,21444,Petrol,Manual,24.7,800,311000,2000
11995,Hyundai,i10,13,90000,Petrol,Manual,20.36,1200,240000,2007
9763,Maruti,Swift Dzire,4,59000,Diesel,Automatic,28.4,1250,675000,2008
9551,Skoda,Rapid,6,32000,Diesel,Manual,21.14,1500,450000,2011
5298,Hyundai,i20,4,12290,Petrol,Manual,18.6,1200,735000,2008
12241,Renault,KWID,4,57000,Petrol,Manual,23.01,1000,425000,2015
12544,Hyundai,Grand,7,17000,Petrol,Manual,18.9,1200,435000,2013
11523,Mercedes-Benz,S-Class,11,50001,Petrol,Automatic,10.13,3500,1751000,1994
725,Ford,Figo,6,34500,Petrol,Manual,15.6,1200,335000,2010
10162,Volkswagen,Polo,8,70000,Diesel,Manual,22.07,1200,365000,2010
5718,Maruti,Swift Dzire,5,15000,Petrol,Manual,22.0,1200,657000,2008
4828,Maruti,Swift Dzire,2,11000,Petrol,Automatic,22.0,1200,700000,2008
1186,Ford,Aspire,6,42000,Diesel,Manual,25.83,1500,475000,2015
12982,Toyota,Fortuner,10,91000,Diesel,Manual,11.5,3000,1175000,2009
2411,Ford,Ecosport,6,70553,Diesel,Manual,22.7,1500,600000,2013
4043,Maruti,Alto,5,32903,Petrol,Manual,23.95,1000,347000,2000
1261,BMW,5,7,41000,Diesel,Automatic,18.12,2000,1890000,2007
9096,BMW,X1,11,106271,Diesel,Automatic,17.05,2000,1150000,2010
13831,Tata,Hexa,3,84523,Diesel,Manual,17.6,2200,1198000,2017
10658,Toyota,Innova,6,85000,Diesel,Manual,12.99,2500,1049000,2005
2890,Ford,Ecosport,3,28015,Petrol,Manual,17.0,1500,850000,2013
9351,Honda,Amaze,5,51000,Petrol,Automatic,19.0,1200,575000,2013
7040,Maruti,Swift,9,66100,Diesel,Manual,22.9,1250,275000,2005
11464,Maruti,Vitara,5,61000,Diesel,Manual,24.3,1250,670000,2016
2715,Hyundai,i20,5,68000,Diesel,Manual,22.54,1400,720000,2008
7381,Mahindra,Scorpio,3,40000,Diesel,Manual,16.36,2200,1200000,2002
12359,Maruti,Ciaz,3,50000,Petrol,Automatic,20.28,1500,900000,2014
9704,Honda,Civic,2,21500,Petrol,Automatic,16.5,1800,1625000,2006
3115,Tata,Hexa,4,93000,Diesel,Manual,17.6,2200,985000,2017
14882,Maruti,Eeco,2,1500,Petrol,Manual,15.37,1200,380000,2010
5088,Ford,Endeavour,3,65000,Diesel,Automatic,10.91,3200,3100000,2003
10776,Maruti,Ciaz,3,31000,Petrol,Automatic,20.28,1500,890000,2014
10987,Maruti,Eeco,4,33304,"Others (CNG,LPG)",Manual,21.94,1200,331000,2010
7894,Mahindra,Scorpio,6,100000,Diesel,Manual,15.4,2200,850000,2002
2518,Maruti,Ertiga,7,96000,Diesel,Manual,20.77,1250,665000,2012
6231,Maruti,Swift Dzire,5,86000,Diesel,Manual,19.3,1250,675000,2008
8574,Datsun,GO,7,35000,Petrol,Manual,20.63,1200,190000,2014
7878,Maruti,Baleno,3,9248,Petrol,Automatic,21.4,1200,675000,2015
4710,Mahindra,KUV,5,30000,Diesel,Manual,25.32,1200,350000,2016
2005,Maruti,Baleno,4,17865,Petrol,Manual,21.4,1200,677000,2015
13741,Maruti,Wagon R,9,82088,Petrol,Manual,18.9,1000,210000,1999
493,Maruti,Alto,5,71000,Petrol,Manual,24.7,800,299000,2000
5543,Honda,Amaze,5,33000,Petrol,Manual,19.5,1200,650000,2013
14429,Hyundai,Verna,5,52000,Diesel,Manual,23.9,1600,875000,2006
5180,Hyundai,Verna,8,79345,Diesel,Manual,22.32,1600,550000,2006
10075,Mahindra,XUV500,4,43464,Diesel,Automatic,16.0,2200,1200000,2011
7364,Mahindra,Bolero,11,85000,Diesel,Manual,13.6,2500,330000,2000
6402,Maruti,Ciaz,2,1750,Petrol,Manual,20.65,1500,990000,2014
11576,Maruti,Ciaz,5,24603,Petrol,Manual,20.73,1400,695000,2014
804,Mahindra,XUV500,8,90000,Diesel,Manual,15.1,2200,700000,2011
5503,Maruti,Ertiga,8,36000,Petrol,Manual,16.02,1400,665000,2012
12695,Toyota,Fortuner,8,127000,Diesel,Manual,11.5,3000,1450000,2009
4448,Maruti,Alto,3,20000,Petrol,Manual,24.7,800,310000,2000
2704,Maruti,Swift Dzire,7,50000,Petrol,Manual,20.85,1200,475000,2008
12503,Maruti,Swift Dzire,4,53154,Petrol,Manual,17.5,1300,725000,2008
11813,Honda,WR-V,3,58000,Diesel,Manual,25.5,1500,950000,2017
8573,Maruti,Ciaz,6,80000,Diesel,Manual,26.21,1250,700000,2014
12468,Maruti,Ciaz,4,20000,Petrol,Manual,20.73,1400,800000,2014
15048,Honda,Amaze,4,53000,Petrol,Automatic,18.1,1200,575000,2013
10376,Hyundai,Venue,2,21280,Diesel,Manual,23.7,1400,900000,2019
10073,Maruti,Wagon R,13,67000,Petrol,Manual,21.79,1000,129000,1999
12000,Hyundai,i20,5,34000,Diesel,Manual,21.19,1400,725000,2008
13550,Ford,Ecosport,2,4015,Petrol,Manual,17.0,1500,946000,2013
8227,Volkswagen,Polo,7,59000,Diesel,Manual,20.14,1500,495000,2010
13411,Hyundai,Grand,6,66916,Petrol,Automatic,18.9,1200,550000,2013
5141,Volkswagen,Vento,7,102000,Diesel,Manual,20.34,1500,550000,2010
14267,Hyundai,i20,4,60000,Petrol,Manual,17.19,1200,660000,2008
7108,Renault,Duster,8,120000,Diesel,Manual,20.45,1500,340000,2012
2209,Tata,Tiago,2,10000,Petrol,Manual,23.84,1200,550000,2016
6825,Hyundai,Creta,4,18000,Diesel,Automatic,17.01,1600,1345000,2015
11562,Maruti,Celerio,4,24513,Petrol,Manual,21.63,1000,525000,2014
9782,Toyota,Innova,6,35000,Diesel,Manual,12.99,2500,990000,2005
9558,Renault,Duster,8,66733,Diesel,Manual,19.01,1500,409000,2012
6301,Honda,City,5,50000,Diesel,Manual,26.0,1500,889000,1998
4345,Maruti,Vitara,2,19000,Diesel,Automatic,24.3,1250,1035000,2016
12231,BMW,X5,5,32143,Diesel,Automatic,15.97,3000,4599000,2007
1105,Tata,Tiago,2,15000,Petrol,Manual,23.84,1200,570000,2016
9252,Maruti,Swift,10,30000,Petrol,Manual,16.1,1200,410000,2005
4214,Audi,A4,3,17000,Petrol,Automatic,17.84,1400,3400000,2008
7572,Hyundai,i20,3,41000,Petrol,Manual,17.19,1200,650000,2008
11091,Hyundai,Creta,5,30000,Petrol,Manual,15.8,1600,895000,2015
9184,Maruti,Baleno,5,58354,Diesel,Manual,27.39,1250,550000,2015
14779,Maruti,Vitara,5,90000,Diesel,Manual,24.3,1250,735000,2016
3155,Toyota,Innova,14,315000,Diesel,Manual,12.8,2500,500000,2005
1104,Maruti,Swift Dzire,8,45000,Diesel,Manual,23.4,1250,390000,2008
7112,Maruti,Eeco,1,8001,Petrol,Manual,15.37,1200,425000,2010
12871,Maruti,Wagon R,12,55000,Petrol,Manual,18.9,1000,160000,1999
8725,Hyundai,Santro,11,60200,"Others (CNG,LPG)",Manual,17.8,1100,150000,1998
12495,Honda,Amaze,3,20672,Petrol,Automatic,18.3,1200,825000,2013
835,Mercedes-Benz,E-Class,10,60000,Petrol,Manual,12.3,1800,890000,1996
4870,Volkswagen,Polo,8,113566,Diesel,Manual,22.07,1200,415000,2010
4039,Maruti,Swift Dzire,8,85000,Petrol,Manual,20.85,1200,475000,2008
464,Tata,Hexa,3,60000,Diesel,Manual,17.6,2200,1400000,2017
11188,Audi,A6,7,40000,Diesel,Automatic,17.68,2000,1650000,2005
11486,BMW,5,0,2000,Diesel,Automatic,22.48,2000,4850000,2007
14603,Honda,Amaze,5,30685,Diesel,Manual,24.7,1500,725000,2013
9282,Honda,City,5,88000,Petrol,Manual,17.4,1500,680000,1998
15115,BMW,5,11,79000,Diesel,Automatic,16.73,2000,1750000,2007
9375,Hyundai,i10,10,66000,Petrol,Manual,20.36,1200,210000,2007
10920,Toyota,Innova,7,34000,Diesel,Manual,12.99,2500,825000,2005
8385,Maruti,Baleno,1,3600,Petrol,Manual,21.01,1200,700000,2015
2842,Audi,A6,8,56000,Diesel,Automatic,17.68,2000,1700000,2005
12326,Mahindra,Scorpio,8,122772,Diesel,Manual,12.05,2200,650000,2002
10043,Mercedes-Benz,C-Class,7,66000,Diesel,Automatic,19.27,2100,1365000,2001
7280,Maruti,Ciaz,5,18000,Petrol,Manual,20.73,1400,525000,2014
11196,Tata,Nexon,2,15000,Diesel,Automatic,21.5,1500,890000,2017
15243,BMW,X1,9,78000,Diesel,Automatic,17.05,2000,951000,2010
13596,Volkswagen,Polo,6,61500,Petrol,Manual,16.2,1200,498000,2010
3565,Toyota,Innova,2,54287,Diesel,Manual,13.68,2400,2190000,2005
2445,Honda,City,5,56210,Petrol,Manual,16.9,1500,700000,1998
5039,Mahindra,Scorpio,4,58446,Diesel,Manual,15.4,2200,900000,2002
3011,Mercedes-Benz,C-Class,6,35000,Petrol,Automatic,14.74,2000,2100000,2001
13665,Volkswagen,Polo,5,63000,Diesel,Manual,20.14,1500,645000,2010
7776,Maruti,Wagon R,14,110000,"Others (CNG,LPG)",Manual,17.3,1100,102000,1999
10618,Hyundai,i20,5,50000,Petrol,Manual,18.6,1200,500000,2008
14145,Ford,Ecosport,3,22506,Petrol,Manual,17.0,1500,945000,2013
2884,Hyundai,i20,4,51962,Petrol,Manual,18.6,1200,575000,2008
13423,Maruti,Ertiga,6,70000,Diesel,Manual,20.77,1250,780000,2012
9289,Hyundai,Creta,3,10000,Diesel,Manual,22.1,1400,1050000,2015
8291,Maruti,Swift Dzire,10,85000,Petrol,Manual,19.0,1200,225000,2008
2845,Honda,Jazz,12,50000,Petrol,Manual,16.0,1200,299000,2009
1664,Maruti,Swift Dzire,4,110000,"Others (CNG,LPG)",Manual,19.0,1200,450000,2008
13667,Mercedes-Benz,S-Class,6,20000,Diesel,Automatic,13.5,3000,5675000,1994
13449,Maruti,Swift,7,44651,Petrol,Manual,16.1,1200,435000,2005
7021,Maruti,Alto,9,21000,Petrol,Manual,19.7,800,140000,2000
13597,Maruti,Alto,10,59455,Petrol,Manual,19.7,800,175000,2000
502,Honda,Amaze,2,21100,Petrol,Automatic,18.1,1200,775000,2013
2414,Hyundai,i10,10,15000,Petrol,Manual,20.36,1200,500000,2007
7477,Hyundai,i20,1,7120,Petrol,Manual,18.6,1200,690000,2008
8226,Hyundai,i20,6,51000,Petrol,Manual,18.6,1200,450000,2008
14232,Hyundai,Elantra,5,46000,Diesel,Automatic,22.7,1600,935000,2004
12201,Maruti,Alto,6,75000,Petrol,Manual,23.95,1000,265000,2000
4661,Volkswagen,Polo,5,75815,Diesel,Manual,20.14,1500,590000,2010
4270,Ford,Ecosport,8,81000,Diesel,Manual,22.7,1500,575000,2013
14273,Maruti,Swift Dzire,2,11000,Petrol,Manual,21.21,1200,600000,2008
15183,Honda,City,5,72560,Petrol,Manual,17.8,1500,475000,1998
10696,Hyundai,Grand,6,15000,Petrol,Manual,18.9,1200,470000,2013
13454,Ford,Figo,10,50000,Diesel,Manual,20.0,1400,250000,2010
8088,Ford,Ecosport,2,6000,Diesel,Manual,23.0,1500,952000,2013
11373,Volkswagen,Vento,9,58000,Diesel,Manual,20.54,1600,325000,2010
1783,Honda,Amaze,8,54642,Diesel,Manual,25.8,1500,390000,2013
13930,Mahindra,XUV500,7,137000,Diesel,Manual,15.1,2200,850000,2011
3246,Tata,Nexon,3,27000,Diesel,Manual,21.5,1500,751000,2017
6164,Maruti,Ciaz,6,100000,Diesel,Manual,28.09,1250,650000,2014
2323,Hyundai,Creta,4,49000,Petrol,Automatic,13.0,1600,1095000,2015
5576,Toyota,Innova,8,270000,Diesel,Manual,12.99,2500,1050000,2005
2381,Hyundai,i20,3,31868,Petrol,Manual,18.6,1200,699000,2008
2649,Hyundai,Elantra,7,57000,Diesel,Automatic,19.5,1600,785000,2004
2502,Maruti,Vitara,4,55000,Diesel,Manual,24.3,1250,955000,2016
10975,Audi,A6,5,58000,Diesel,Automatic,18.53,2000,2675000,2005
11417,Maruti,Swift Dzire,6,28777,Diesel,Manual,26.59,1250,475000,2008
2236,Tata,Tiago,5,80000,Petrol,Manual,23.84,1200,370000,2016
2140,Maruti,Swift,5,30000,Petrol,Manual,22.0,1200,575000,2005
783,Maruti,Swift,10,150000,Diesel,Manual,17.8,1250,200000,2005
13727,Ford,Ecosport,2,13050,Diesel,Manual,22.77,1500,875000,2013
6010,Volkswagen,Vento,7,90000,Petrol,Manual,15.04,1600,400000,2010
10469,Hyundai,i10,7,38000,Petrol,Manual,20.36,1200,365000,2007
10965,Honda,Jazz,4,57812,Petrol,Manual,18.2,1200,595000,2009
10944,Renault,KWID,2,14000,Petrol,Manual,23.01,1000,390000,2015
14635,Maruti,Baleno,4,26000,Petrol,Manual,21.4,1200,785000,2015
13291,Renault,KWID,3,8627,Petrol,Manual,21.74,1000,385000,2015
5829,Maruti,Vitara,4,47000,Diesel,Manual,24.3,1250,950000,2016
10616,Honda,City,5,53123,Petrol,Manual,17.8,1500,700000,1998
2709,Maruti,Ertiga,3,36352,Petrol,Manual,19.34,1500,855000,2012
3681,Maruti,Ertiga,4,49000,Diesel,Manual,24.52,1250,925000,2012
3975,Maruti,Ciaz,5,68429,Diesel,Manual,26.21,1250,797000,2014
11123,Maruti,Wagon R,5,120000,Petrol,Manual,20.51,1000,300000,1999
12221,Maruti,Swift,9,60000,Petrol,Manual,18.6,1200,300000,2005
9318,Volkswagen,Polo,8,56000,Petrol,Manual,16.47,1200,355000,2010
1119,Toyota,Fortuner,6,96000,Diesel,Manual,13.0,3000,1475000,2009
293,Hyundai,Santro,1,1000,Petrol,Automatic,20.3,1100,565000,1998
13581,Maruti,Swift,3,9500,Petrol,Manual,22.0,1200,799000,2005
1815,Maruti,Ertiga,3,78000,"Others (CNG,LPG)",Manual,26.08,1500,825000,2012
6365,Tata,Nexon,2,30000,Petrol,Manual,17.0,1200,650000,2017
12260,Maruti,Wagon R,5,56000,"Others (CNG,LPG)",Manual,33.54,1000,360000,1999
3993,Mahindra,XUV500,6,68200,Diesel,Manual,16.0,2200,1250000,2011
13284,Honda,WR-V,4,66000,Diesel,Manual,25.5,1500,725000,2017
1465,Datsun,GO,4,12000,Petrol,Manual,20.63,1200,400000,2014
9395,Hyundai,Santro,12,66500,Petrol,Manual,17.92,1100,135000,1998
7830,Maruti,Wagon R,3,70000,"Others (CNG,LPG)",Manual,26.6,1000,380000,1999
2388,Toyota,Fortuner,9,150000,Diesel,Automatic,11.5,3000,1400000,2009
3772,Mahindra,Bolero,4,70000,Diesel,Manual,16.5,1500,700000,2000
14905,Maruti,Celerio,5,27521,Petrol,Automatic,23.1,1000,455000,2014
829,Maruti,Ertiga,3,25000,Petrol,Manual,17.5,1400,720000,2012
12668,Mahindra,Scorpio,4,70000,Diesel,Manual,15.4,2200,900000,2002
10216,Honda,City,6,90000,Diesel,Manual,25.1,1500,580000,1998
10531,Maruti,Baleno,3,7000,Petrol,Automatic,21.4,1200,625000,2015
6821,Maruti,Alto,13,76000,Petrol,Manual,19.7,800,165000,2000
10996,Honda,City,12,58000,Petrol,Manual,17.0,1500,260000,1998
7592,Maruti,Baleno,2,50000,Diesel,Manual,27.39,1250,700000,2015
6199,Hyundai,i20,9,155000,Diesel,Manual,21.9,1400,380000,2008
14359,Maruti,Alto,8,8333,Petrol,Manual,20.92,1000,270000,2000
9902,Mercedes-Benz,C-Class,7,82000,Diesel,Automatic,11.78,2100,1425000,2001
4216,BMW,3,11,51000,Diesel,Automatic,16.07,2000,925000,2007
12976,Maruti,Swift Dzire,7,89504,Diesel,Manual,23.4,1250,595000,2008
9773,BMW,X3,9,88000,Diesel,Automatic,16.09,2000,1275000,2007
11557,Maruti,Wagon R,6,53000,"Others (CNG,LPG)",Manual,26.2,1000,350000,1999
3248,Honda,City,11,77250,Petrol,Automatic,16.8,1500,349000,1998
13042,Maruti,Vitara,2,31000,Diesel,Manual,24.3,1250,900000,2016
12779,Mercedes-Benz,E-Class,10,56000,Diesel,Automatic,14.21,2100,1235000,1996
7085,Maruti,Alto,4,28000,Petrol,Manual,24.7,800,340000,2000
6364,Volkswagen,Polo,8,72986,Diesel,Manual,22.07,1200,500000,2010
6773,Hyundai,Venue,2,10000,Petrol,Automatic,18.15,1000,1100000,2019
6603,Toyota,Fortuner,9,134213,Diesel,Manual,12.55,3000,1475000,2009
6158,Mahindra,Scorpio,8,79000,Diesel,Manual,12.05,2200,775000,2002
10145,Volkswagen,Polo,10,64845,Petrol,Manual,16.47,1200,275000,2010
4434,Volkswagen,Vento,9,116000,Diesel,Manual,20.54,1600,400000,2010
221,Maruti,Alto,3,12000,Petrol,Manual,24.7,800,300000,2000
7749,Maruti,Celerio,4,7500,Petrol,Manual,23.1,1000,412000,2014
14374,BMW,5,4,12500,Diesel,Automatic,22.48,2000,4175000,2007
1173,Maruti,Swift Dzire,9,55236,Petrol,Manual,19.1,1200,350000,2008
10117,Hyundai,i10,11,53000,Petrol,Manual,20.36,1200,170000,2007
9928,Maruti,Vitara,4,60000,Diesel,Manual,24.3,1250,780000,2016
3438,Honda,Jazz,3,31909,Petrol,Manual,18.7,1200,615000,2009
3986,Datsun,GO,2,10000,Petrol,Manual,19.83,1200,444000,2014
384,Maruti,Swift,4,34000,Petrol,Manual,20.4,1200,455000,2005
932,Volkswagen,Vento,10,50000,Petrol,Manual,15.04,1600,385000,2010
9518,Hyundai,Venue,2,17000,Petrol,Manual,18.27,1000,875000,2019
10767,Skoda,Rapid,7,51000,Diesel,Manual,21.14,1500,460000,2011
8675,Maruti,Alto,5,29000,Petrol,Manual,22.74,800,240000,2000
7096,Maruti,Alto,5,29289,Petrol,Manual,22.74,800,239000,2000
10941,Honda,Amaze,6,15000,Diesel,Manual,25.8,1500,525000,2013
11902,BMW,7,9,36000,Diesel,Automatic,17.66,3000,2300000,2002
6401,Renault,KWID,3,41000,Petrol,Manual,23.01,1000,395000,2015
14290,BMW,X1,9,53000,Diesel,Automatic,17.05,2000,1150000,2010
4665,Maruti,Celerio,6,19010,Petrol,Manual,23.1,1000,431000,2014
8378,Maruti,Alto,6,28882,Petrol,Manual,23.95,1000,310000,2000
14884,Honda,Amaze,8,57000,Petrol,Automatic,18.1,1200,425000,2013
11964,Skoda,Octavia,3,66850,Diesel,Automatic,19.5,2000,2075000,2001
2816,Maruti,Ertiga,4,35000,Diesel,Manual,24.52,1250,875000,2012
2681,Maruti,Swift,7,47000,Diesel,Manual,22.9,1250,500000,2005
6766,Skoda,Octavia,7,126000,Diesel,Automatic,19.3,2000,1150000,2001
15257,Skoda,Rapid,9,74000,Diesel,Manual,20.5,1600,351000,2011
13728,Toyota,Innova,5,91771,Diesel,Manual,13.68,2400,1650000,2005
5854,Honda,City,12,90000,Petrol,Manual,16.8,1500,265000,1998
1752,Ford,Ecosport,6,39720,Petrol,Manual,18.88,1000,650000,2013
574,Tata,Safari,12,80000,Diesel,Manual,13.93,2200,175000,1998
8143,Maruti,Ertiga,6,90000,Diesel,Manual,20.77,1250,650000,2012
1036,Renault,Duster,4,40000,Diesel,Automatic,19.6,1500,1000000,2012
6888,Datsun,GO,6,30000,Petrol,Manual,20.63,1200,225000,2014
2216,Ford,Ecosport,5,56000,Diesel,Manual,23.0,1500,765000,2013
3098,Mahindra,Bolero,16,211121,Diesel,Manual,13.6,2500,300000,2000
13993,Volkswagen,Polo,6,30171,Petrol,Automatic,17.21,1200,690000,2010
12316,BMW,5,11,142500,Diesel,Automatic,16.73,2500,1150000,2007
12239,Hyundai,i10,9,70000,"Others (CNG,LPG)",Manual,19.0,1100,285000,2007
8876,Mahindra,KUV100,3,20000,Petrol,Manual,18.15,1200,380000,2016
12413,Maruti,Alto,6,60000,Petrol,Manual,23.95,1000,285000,2000
7514,Mahindra,XUV500,6,65000,Diesel,Manual,15.1,2200,750000,2011
3185,Hyundai,i10,10,58000,Petrol,Manual,20.36,1200,270000,2007
13955,Maruti,Ertiga,4,19000,Diesel,Manual,24.52,1250,925000,2012
8582,Honda,City,6,58058,Petrol,Manual,17.4,1500,500000,1998
6608,Maruti,Swift,4,52920,Petrol,Manual,21.21,1200,638000,2005
10860,Mahindra,XUV500,9,58455,Diesel,Manual,15.1,2200,450000,2011
5138,Toyota,Innova,8,42000,Diesel,Manual,12.99,2500,850000,2005
1007,Hyundai,Creta,5,52000,Diesel,Automatic,17.01,1600,1050000,2015
11654,Toyota,Innova,4,65000,Diesel,Manual,13.68,2400,1375000,2005
9709,Mercedes-Benz,C-Class,2,24300,Petrol,Automatic,11.9,1950,3775000,2001
7987,Hyundai,i20,5,60000,Diesel,Manual,21.19,1400,550000,2008
8168,Maruti,Ertiga,7,72372,Diesel,Manual,20.77,1250,675000,2012
12328,Hyundai,Creta,3,60000,Diesel,Manual,21.38,1400,950000,2015
6676,Ford,Figo,11,156000,Diesel,Manual,20.0,1400,130000,2010
11324,Volkswagen,Polo,5,39000,Petrol,Manual,16.47,1200,525000,2010
3918,Tata,Nexon,3,50000,Diesel,Manual,21.5,1500,950000,2017
8564,Hyundai,Verna,7,45000,Petrol,Manual,17.43,1400,450000,2006
411,Maruti,Baleno,4,50000,Diesel,Manual,27.39,1250,560000,2015
14225,Hyundai,i10,7,27123,Petrol,Manual,20.36,1200,300000,2007
12988,Maruti,Vitara,3,25000,Diesel,Manual,24.3,1250,985000,2016
11003,Honda,City,7,60000,Diesel,Manual,26.0,1500,500000,1998
3542,BMW,7,7,33000,Diesel,Automatic,16.46,3000,3495000,2002
9831,BMW,5,9,69000,Diesel,Automatic,18.48,2000,1350000,2007
3628,Mercedes-Benz,E-Class,14,92000,Diesel,Automatic,11.0,3000,525000,1996
5604,Volkswagen,Polo,8,70000,Diesel,Manual,22.07,1200,545000,2010
8588,Maruti,Ciaz,5,48048,Diesel,Manual,28.09,1250,575000,2014
4152,Honda,Jazz,5,65000,Diesel,Manual,27.3,1500,590000,2009
4810,Hyundai,Santro,10,74000,"Others (CNG,LPG)",Manual,13.45,1100,250000,1998
10167,Mahindra,XUV500,7,90000,Diesel,Manual,15.1,2200,675000,2011
2937,Mercedes-Benz,C-Class,10,59000,Diesel,Automatic,14.94,2100,925000,2001
5107,Honda,Jazz,3,32000,Petrol,Automatic,19.0,1200,750000,2009
2549,Renault,Duster,8,72396,Diesel,Manual,19.01,1500,528000,2012
11507,Maruti,Vitara,3,38300,Diesel,Manual,24.3,1250,750000,2016
10481,Maruti,Ignis,2,8500,Petrol,Manual,20.89,1200,600000,2017
11552,Honda,City,7,56000,Petrol,Manual,17.4,1500,500000,1998
10717,Datsun,GO,6,19000,Petrol,Manual,20.63,1200,261000,2014
739,Maruti,Eeco,6,60000,"Others (CNG,LPG)",Manual,20.0,1200,250000,2010
8733,Maruti,Alto,5,13000,Petrol,Manual,22.74,800,250000,2000
12919,Datsun,RediGO,4,80000,Petrol,Manual,22.7,800,259000,2016
5841,Maruti,Baleno,1,20000,Petrol,Manual,21.01,1200,700000,2015
896,Mahindra,XUV500,7,170000,Diesel,Manual,15.1,2200,825000,2011
6765,Hyundai,i20,3,21000,Petrol,Manual,18.6,1200,770000,2008
15139,Hyundai,Creta,4,40000,Diesel,Manual,19.67,1600,1250000,2015
12529,Hyundai,Grand,3,18000,Petrol,Manual,18.9,1200,490000,2013
14203,Toyota,Innova,6,163000,Diesel,Manual,12.8,2500,1150000,2005
8431,BMW,3,11,83001,Diesel,Automatic,16.07,2000,1175000,2007
942,Tata,Safari,6,100000,Diesel,Manual,14.0,2200,585000,1998
14132,Hyundai,Venue,2,21000,Petrol,Automatic,18.15,1000,1199000,2019
1215,Volkswagen,Vento,7,96000,Petrol,Manual,15.04,1600,390000,2010
12090,Ford,Figo,6,110000,Diesel,Manual,20.0,1400,380000,2010
634,Honda,City,7,144000,Diesel,Manual,26.0,1500,410000,1998
14316,Maruti,Alto,15,100785,Petrol,Manual,19.7,800,65000,2000
14564,Hyundai,Verna,11,25000,Diesel,Manual,16.2,1500,300000,2006
14506,Volkswagen,Polo,6,47700,Petrol,Automatic,17.21,1200,695000,2010
9530,Ford,Ecosport,7,62091,Diesel,Manual,22.7,1500,465000,2013
14893,Maruti,Ignis,3,33000,Petrol,Manual,20.89,1200,550000,2017
8273,Ford,Figo,10,46132,Petrol,Manual,15.6,1200,139000,2010
1739,Maruti,Celerio,4,15500,Petrol,Automatic,23.1,1000,485000,2014
7472,Honda,City,4,40000,Petrol,Manual,17.8,1500,649000,1998
1136,Maruti,Swift,6,90000,Diesel,Manual,28.4,1250,420000,2005
13417,Volkswagen,Polo,7,53776,Petrol,Automatic,17.21,1200,650000,2010
9612,BMW,3,9,75000,Diesel,Automatic,18.88,2000,1290000,2007
5642,Hyundai,Grand,7,69000,Petrol,Manual,18.9,1200,474000,2013
13465,Honda,City,3,70000,Petrol,Manual,17.4,1500,800000,1998
12298,Maruti,Wagon R,17,50000,Petrol,Manual,18.9,1000,50000,1999
2873,Skoda,Superb,11,59000,Diesel,Automatic,17.2,2000,549000,2004
10525,Volkswagen,Polo,6,44000,Petrol,Automatic,17.21,1800,595000,2010
8531,Maruti,Swift,9,110000,Diesel,Manual,22.9,1250,300000,2005
7614,Maruti,Alto,10,40256,Petrol,Manual,19.7,800,138000,2000
9208,Mahindra,Bolero,4,32000,Diesel,Manual,15.96,2500,685000,2000
4571,Maruti,Swift Dzire,3,29000,Diesel,Manual,28.4,1250,720000,2008
8684,Maruti,Baleno,5,67500,Petrol,Manual,21.4,1200,480000,2015
1338,Maruti,Swift,3,30000,Petrol,Automatic,22.0,1200,575000,2005
6655,BMW,3,7,89000,Diesel,Automatic,18.88,2000,1650000,2007
1255,Renault,Duster,7,42000,Diesel,Manual,19.01,1500,500000,2012
15111,Maruti,Swift Dzire,6,90000,Diesel,Manual,26.59,1250,650000,2008
15398,Maruti,Alto,7,44000,"Others (CNG,LPG)",Manual,30.46,800,275000,2000
6288,Tata,Safari,5,120000,Diesel,Manual,14.1,2200,900000,1998
958,Maruti,Baleno,2,18458,Petrol,Manual,21.01,1200,610000,2015
6872,Renault,KWID,5,53000,Petrol,Manual,25.17,800,230000,2015
6127,Honda,City,2,20410,Petrol,Manual,17.0,1500,1140000,1998
11465,Maruti,Wagon R,13,71000,Petrol,Manual,20.51,1000,115000,1999
4374,Maruti,Alto,4,70000,Petrol,Manual,24.7,800,270000,2000
6312,Honda,Amaze,2,8000,Petrol,Manual,18.6,1200,675000,2013
10121,Maruti,Eeco,4,32000,"Others (CNG,LPG)",Manual,20.88,1200,345000,2010
13197,BMW,3,4,72000,Diesel,Automatic,21.76,2000,3300000,2007
11412,Volkswagen,Polo,10,65000,Petrol,Manual,16.2,1200,260000,2010
14642,Hyundai,i20,4,52000,Diesel,Manual,22.54,1400,550000,2008
8978,Mahindra,XUV500,4,20000,Diesel,Automatic,16.0,2000,1350000,2011
7519,Maruti,Swift,1,5000,Petrol,Manual,21.21,1200,620000,2005
2030,Hyundai,Verna,2,22000,Diesel,Automatic,22.0,1600,1375000,2006
5860,Honda,City,4,30000,Petrol,Manual,17.8,1500,925000,1998
9416,Hyundai,Grand,8,70000,Diesel,Manual,24.0,1200,310000,2013
11865,Mahindra,XUV500,8,113143,Diesel,Manual,15.1,2200,649000,2011
6371,Maruti,Swift,6,73255,Diesel,Manual,25.2,1250,556000,2005
1705,Hyundai,Verna,8,60000,Diesel,Manual,23.9,1600,485000,2006
2617,Maruti,Vitara,3,43000,Diesel,Automatic,24.3,1250,975000,2016
10181,Mercedes-Benz,S-Class,7,20000,Diesel,Automatic,13.5,3000,4600000,1994
10905,Hyundai,i10,12,52000,Petrol,Manual,19.81,1100,190000,2007
3869,Honda,Amaze,2,30000,Diesel,Manual,27.4,1500,700000,2013
9537,Toyota,Camry,5,85000,Petrol,Automatic,19.16,2500,1995000,2002
9453,Maruti,Vitara,5,50000,Diesel,Manual,24.3,1250,700000,2016
6263,Mahindra,XUV500,4,58574,Diesel,Manual,16.0,2200,1090000,2011
9685,Volkswagen,Vento,3,58000,Diesel,Automatic,21.5,1500,950000,2010
13892,Maruti,Swift Dzire,8,90000,Diesel,Manual,23.4,1250,550000,2008
10259,Maruti,Swift,6,78000,Diesel,Manual,17.8,1250,450000,2005
9425,Audi,A4,8,48000,Diesel,Automatic,16.55,2000,1175000,2008
1363,Hyundai,Verna,10,75000,Diesel,Automatic,22.32,1600,365000,2006
7402,Hyundai,i20,11,80000,Petrol,Manual,17.0,1200,250000,2008
5455,Hyundai,Verna,9,88168,Diesel,Manual,22.32,1600,450000,2006
1853,Honda,CR-V,5,84000,Petrol,Automatic,13.1,2000,1350000,2003
12365,Maruti,Wagon R,3,17000,Petrol,Automatic,21.79,1000,445000,1999
10889,Toyota,Fortuner,8,52000,Diesel,Manual,12.55,3000,1400000,2009
7862,Maruti,Wagon R,12,50000,"Others (CNG,LPG)",Manual,17.3,1100,145000,1999
4897,Renault,KWID,5,32736,Petrol,Manual,23.01,1000,310000,2015
15009,Maruti,Alto,11,40000,Petrol,Manual,19.7,800,265000,2000
9019,Maruti,Wagon R,5,38000,Petrol,Manual,21.79,1000,335000,1999
4795,Tata,Tiago,3,42000,Petrol,Manual,23.84,1200,520000,2016
11689,Mercedes-Benz,C-Class,5,28594,Petrol,Automatic,14.74,2000,2800000,2001
14089,Maruti,Ciaz,1,5000,Diesel,Manual,26.32,1500,900000,2014
14065,Ford,Ecosport,3,11000,Petrol,Automatic,14.8,1500,1075000,2013
3616,Maruti,Baleno,5,60000,Petrol,Automatic,21.4,1200,600000,2015
956,Mahindra,Scorpio,4,36000,Diesel,Manual,15.4,2000,1241000,2002
15384,Mercedes-Benz,E-Class,3,25000,Diesel,Automatic,10.0,2150,4450000,1996
7880,Hyundai,Grand,7,120000,Petrol,Manual,18.9,1200,225000,2013
12621,BMW,3,7,69000,Diesel,Automatic,18.88,2000,2150000,2007
10988,Maruti,Swift,6,52000,Petrol,Manual,20.4,1200,435000,2005
14084,BMW,5,9,72133,Diesel,Automatic,16.73,3000,1675000,2007
2443,Hyundai,Grand,6,51765,Petrol,Manual,18.9,1200,500000,2013
14533,Mahindra,XUV500,6,37000,Diesel,Manual,16.0,2200,1170000,2011
230,Hyundai,i20,7,52000,Petrol,Manual,18.6,1200,395000,2008
2418,Audi,Q7,12,67000,Diesel,Automatic,12.07,3000,1000000,2006
5188,Maruti,Ciaz,5,85000,Diesel,Manual,26.21,1250,650000,2014
9953,Maruti,Ciaz,4,58000,Petrol,Manual,20.73,1400,750000,2014
9719,Honda,City,9,134532,Petrol,Automatic,16.8,1500,440000,1998
7851,Honda,Amaze,6,44000,Diesel,Manual,25.8,1500,450000,2013
10549,Honda,City,12,65000,Petrol,Manual,17.0,1500,265000,1998
2607,Tata,Hexa,4,30000,Diesel,Automatic,17.6,2200,1450000,2017
9929,Maruti,Swift Dzire,6,52000,Petrol,Manual,17.5,1200,425000,2008
4197,Datsun,GO,4,35000,Petrol,Manual,19.44,1200,350000,2014
5740,Maruti,Alto,12,110000,Petrol,Manual,24.7,800,150000,2000
5711,Maruti,Alto,4,50000,Petrol,Manual,24.7,800,280000,2000
7975,Maruti,Alto,3,17000,Petrol,Manual,22.74,800,315000,2000
5148,Maruti,Ertiga,6,55000,Diesel,Manual,20.77,1250,735000,2012
4129,Maruti,Swift,3,50000,Diesel,Automatic,28.4,1250,550000,2005
10290,Ford,Ecosport,7,68111,Diesel,Manual,22.7,1500,525000,2013
14397,Mahindra,XUV500,3,29000,Diesel,Manual,15.1,2200,1240000,2011
3297,Maruti,Celerio,7,76000,Petrol,Manual,23.1,1000,325000,2014
6108,Maruti,Baleno,4,20000,Petrol,Manual,21.4,1200,548000,2015
7299,Maruti,Alto,6,40000,Petrol,Manual,23.95,1000,325000,2000
6352,Renault,KWID,1,2300,Petrol,Manual,25.17,800,375000,2015
7655,Hyundai,i10,12,38564,Petrol,Manual,19.81,1100,240000,2007
7865,Tata,Nexon,3,80000,Diesel,Manual,21.5,1500,785000,2017
10420,BMW,X1,10,90000,Diesel,Automatic,17.05,2000,700000,2010
14260,Hyundai,Grand,3,25000,Petrol,Manual,18.9,1200,490000,2013
6324,BMW,X1,3,28000,Diesel,Automatic,20.68,2000,3300000,2010
5132,Hyundai,Grand,4,40000,Petrol,Manual,17.0,1200,410000,2013
13810,Hyundai,Grand,7,39000,Petrol,Manual,18.9,1200,360000,2013
1901,Hyundai,Grand,5,42845,Petrol,Manual,18.9,1200,438000,2013
3652,Maruti,Ertiga,5,19000,Petrol,Manual,17.5,1400,750000,2012
10963,Maruti,Swift,8,100000,Diesel,Manual,22.9,1250,320000,2005
7210,Maruti,Alto,10,16300,Petrol,Manual,19.7,800,168000,2000
13475,Maruti,Swift Dzire,6,72000,Diesel,Manual,19.3,1250,475000,2008
10979,Mercedes-Benz,C-Class,2,9000,Diesel,Automatic,19.27,2100,3950000,2001
7231,Maruti,Ciaz,4,67238,Diesel,Manual,28.09,1250,675000,2014
6253,Hyundai,Santro,3,6752,Petrol,Manual,20.3,1100,550000,1998
3703,Honda,Amaze,3,41000,Petrol,Automatic,18.1,1200,575000,2013
5225,Hyundai,Santro,13,30000,Petrol,Manual,17.92,1100,135000,1998
11927,Mahindra,Scorpio,4,22500,Diesel,Manual,16.36,2200,1465000,2002
7843,Honda,City,8,7979,Petrol,Manual,16.8,1500,525000,1998
7302,Tata,Safari,14,80000,Petrol,Manual,12.0,2100,70000,1998
3165,Maruti,Swift Dzire,6,70000,Diesel,Manual,19.3,1250,570000,2008
9576,Hyundai,i20,3,41000,Petrol,Manual,18.6,1200,579000,2008
2263,Honda,City,5,89682,Petrol,Automatic,18.0,1500,701000,1998
9754,Maruti,Ignis,4,29000,Petrol,Manual,20.89,1200,520000,2017
14022,Mahindra,XUV500,7,66746,Diesel,Manual,15.1,2200,700000,2011
8759,Hyundai,Creta,3,85000,Diesel,Manual,19.67,1600,1150000,2015
3386,Mahindra,Bolero,5,62257,Diesel,Manual,21.0,1500,680000,2000
1479,Audi,A4,9,39000,Diesel,Automatic,17.11,2000,1195000,2008
2849,Hyundai,i10,11,77000,Petrol,Manual,20.36,1200,255000,2007
5835,Volkswagen,Vento,8,180000,Diesel,Manual,20.54,1600,350000,2010
2395,Volkswagen,Polo,11,45000,Petrol,Manual,16.47,1200,265000,2010
6160,Toyota,Innova,4,85000,Diesel,Manual,13.68,2400,1650000,2005
2686,Hyundai,Grand,6,78000,Petrol,Manual,18.9,1200,425000,2013
1450,Maruti,Alto,4,14400,Petrol,Manual,23.95,1000,320000,2000
3306,Honda,City,10,45000,Petrol,Manual,17.0,1500,365000,1998
11253,Maruti,Vitara,5,61003,Diesel,Manual,24.3,1250,750000,2016
10325,Maruti,Swift,3,36000,Petrol,Manual,22.0,1200,565000,2005
1773,Renault,KWID,5,35000,Petrol,Manual,25.17,800,299000,2015
7968,Hyundai,i10,9,25000,Petrol,Manual,20.36,1200,315000,2007
14813,Hyundai,Grand,6,5000,Petrol,Manual,18.9,1200,399000,2013
8369,Renault,KWID,5,15000,Petrol,Manual,23.01,1000,370000,2015
268,Maruti,Baleno,4,30000,Petrol,Manual,21.4,1200,620000,2015
2012,Hyundai,i20,8,70000,Petrol,Manual,18.5,1200,410000,2008
1033,Hyundai,Santro,2,5000,Petrol,Manual,20.3,1100,550000,1998
5544,Honda,Amaze,8,97000,Diesel,Manual,25.8,1500,365000,2013
13431,Maruti,Baleno,1,2441,Petrol,Automatic,19.56,1200,875000,2015
10123,Mahindra,XUV500,6,61000,Diesel,Manual,16.0,2200,875000,2011
3851,Hyundai,i10,10,94000,Petrol,Automatic,16.95,1200,355000,2007
7305,Maruti,Swift,4,90000,Petrol,Manual,22.0,1200,450000,2005
13717,Hyundai,Creta,4,50000,Diesel,Manual,21.38,1400,870000,2015
129,Ford,Endeavour,3,11387,Diesel,Automatic,10.91,3200,2900000,2003
14152,Hyundai,Verna,6,80730,Diesel,Manual,23.9,1600,625000,2006
545,Maruti,Alto,1,5000,Petrol,Manual,22.05,800,350000,2000
1244,Mahindra,XUV500,9,80000,Diesel,Manual,15.1,2200,550000,2011
5409,Hyundai,Grand,6,70000,Petrol,Manual,18.9,1200,400000,2013
7586,Maruti,Celerio,4,20500,Petrol,Manual,23.1,1000,350000,2014
620,Hyundai,i10,12,67000,Petrol,Manual,19.81,1100,150000,2007
15296,Renault,Duster,7,180000,Diesel,Manual,20.45,1500,500000,2012
8903,Ford,Ecosport,3,54400,Diesel,Manual,21.7,1500,870000,2013
4013,Hyundai,i10,9,70000,Petrol,Manual,19.81,1100,225000,2007
14272,Honda,Amaze,8,64000,Diesel,Manual,25.8,1500,375000,2013
1432,Maruti,Swift Dzire,5,50000,Diesel,Manual,26.59,1250,700000,2008
7253,Honda,WR-V,4,36000,Petrol,Manual,17.5,1200,625000,2017
14361,Hyundai,Grand,6,35372,Petrol,Manual,18.9,1200,425000,2013
9077,Volkswagen,Vento,5,50000,Diesel,Automatic,22.15,1500,800000,2010
5918,Mahindra,Bolero,7,90000,Diesel,Manual,15.96,2500,500000,2000
6876,Toyota,Innova,5,70001,Diesel,Manual,12.99,2500,975000,2005
5797,Renault,KWID,4,25000,Petrol,Manual,23.01,1000,250000,2015
14946,Maruti,Ciaz,4,21000,Petrol,Manual,20.73,1400,725000,2014
13265,Maruti,Celerio,4,32000,Petrol,Manual,23.1,1000,450000,2014
275,Maruti,Swift Dzire,7,61500,Diesel,Manual,23.4,1250,390000,2008
10083,Mercedes-Benz,E-Class,9,67000,Diesel,Automatic,10.0,2150,895000,1996
13952,Maruti,Vitara,4,35000,Diesel,Manual,24.3,1250,810000,2016
9853,Jaguar,XF,8,66000,Diesel,Automatic,16.36,2200,1750000,2009
8310,Maruti,Swift Dzire,2,10000,Petrol,Automatic,21.21,1200,710000,2008
5713,Maruti,Alto,6,68000,Petrol,Manual,22.74,800,270000,2000
13601,Mercedes-Benz,C-Class,7,149500,Diesel,Automatic,14.84,2100,1565000,2001
2092,Maruti,Wagon R,6,48000,"Others (CNG,LPG)",Manual,26.6,1000,325000,1999
1241,Maruti,Swift Dzire,8,48987,Petrol,Manual,19.1,1200,370000,2008
12570,Hyundai,i20,2,30000,Petrol,Manual,18.6,1200,675000,2008
801,Volkswagen,Polo,9,35000,Diesel,Manual,22.07,1200,290000,2010
8935,Maruti,Swift,6,50000,Diesel,Manual,25.2,1250,550000,2005
6056,Hyundai,Grand,3,20000,Petrol,Manual,18.9,1200,500000,2013
5879,Hyundai,Creta,2,14000,Diesel,Manual,22.1,1400,1150000,2015
4604,Hyundai,Venue,2,14000,Petrol,Automatic,18.15,1000,1060000,2019
11506,Hyundai,Verna,8,67000,Petrol,Automatic,17.1,1600,465000,2006
2656,Maruti,Ciaz,4,25000,Petrol,Automatic,19.12,1400,795000,2014
13173,Hyundai,Grand,2,5000,Petrol,Manual,18.9,1200,590000,2013
3722,BMW,7,6,60000,Diesel,Automatic,14.49,3000,3900000,2002
12396,Volkswagen,Polo,8,120000,Diesel,Manual,22.07,1200,375000,2010
14667,Hyundai,Elantra,8,77000,Diesel,Manual,22.7,1600,600000,2004
8736,Hyundai,i20,7,43000,Petrol,Manual,18.6,1200,450000,2008
7224,Maruti,Eeco,11,7000,Petrol,Manual,15.37,1200,230000,2010
7352,Honda,City,7,110000,Diesel,Manual,26.0,1500,600000,1998
11830,BMW,X1,8,69000,Diesel,Automatic,19.62,2000,1575000,2010
195,Maruti,Ciaz,2,27645,Diesel,Manual,28.09,1250,951000,2014
3504,Toyota,Innova,7,30000,Diesel,Manual,12.99,2500,850000,2005
7025,Maruti,Wagon R,10,120000,Petrol,Manual,18.9,1000,192000,1999
7724,Maruti,Baleno,4,57000,Diesel,Manual,27.39,1250,685000,2015
11349,Honda,City,7,73000,Diesel,Manual,25.1,1500,574000,1998
1080,Maruti,Alto,5,120000,Petrol,Manual,22.74,800,198000,2000
6368,Volkswagen,Polo,10,120000,Petrol,Manual,16.47,1200,300000,2010
11193,Honda,City,6,60000,Diesel,Manual,26.0,1500,595000,1998
13973,Maruti,Swift,8,53000,Petrol,Manual,16.1,1200,390000,2005
8038,Mahindra,Bolero,2,5000,Diesel,Manual,15.96,2500,790000,2000
5162,Ford,Figo,6,40000,Diesel,Manual,20.0,1400,450000,2010
10948,Hyundai,Santro,13,56000,Petrol,Manual,17.92,1100,120000,1998
13344,Maruti,Eeco,5,40000,Petrol,Manual,15.37,1200,365000,2010
8000,Maruti,Wagon R,19,123500,Petrol,Manual,17.3,1100,80000,1999
15386,Hyundai,Grand,3,30000,Petrol,Manual,18.9,1200,456000,2013
1052,Maruti,Swift,8,90145,Diesel,Manual,28.4,1250,350000,2005
13035,Maruti,Alto,11,425785,Petrol,Manual,23.95,1000,195000,2000
15135,Maruti,Swift Dzire,6,70000,Petrol,Manual,20.85,1200,590000,2008
9711,Ford,Figo,6,75000,Diesel,Manual,25.83,1500,395000,2010
4601,Honda,City,1,4386,Petrol,Manual,17.4,1500,1250000,1998
300,Maruti,Baleno,3,21000,Diesel,Manual,27.39,1250,625000,2015
13944,BMW,X1,9,91000,Diesel,Automatic,17.05,2000,1195000,2010
11690,Mahindra,Scorpio,9,115000,Diesel,Manual,12.05,2200,615000,2002
14572,Skoda,Rapid,6,100000,Petrol,Manual,15.0,1600,485000,2011
11205,Honda,City,6,59000,Petrol,Manual,17.4,1500,690000,1998
12463,Maruti,Baleno,4,12351,Petrol,Manual,21.4,1200,640000,2015
10127,Maruti,Swift Dzire,3,40000,Petrol,Manual,19.0,1200,500000,2008
3573,Maruti,Ertiga,5,41000,"Others (CNG,LPG)",Manual,17.5,1400,780000,2012
4774,Mahindra,XUV500,11,94000,Diesel,Manual,16.0,2200,695000,2011
13721,Renault,KWID,2,15000,Petrol,Manual,25.17,800,410000,2015
11262,Toyota,Innova,4,68000,Diesel,Manual,13.68,2400,1350000,2005
2449,Honda,WR-V,4,23039,Diesel,Manual,25.5,1500,750000,2017
8807,Datsun,RediGO,4,27500,Petrol,Manual,22.7,800,206000,2016
6754,Maruti,Alto,8,90000,Petrol,Manual,22.74,800,200000,2000
5714,Jaguar,XF,4,36000,Diesel,Automatic,19.33,2000,4000000,2009
6085,Maruti,Swift Dzire,8,56194,Petrol,Manual,19.0,1200,430000,2008
12049,Maruti,Alto,8,13000,Petrol,Manual,20.92,1000,215000,2000
6286,Hyundai,i20,5,110000,Diesel,Manual,22.54,1400,600000,2008
9191,BMW,3,3,28000,Diesel,Automatic,21.76,2000,3600000,2007
2748,Hyundai,Elantra,2,10000,Petrol,Automatic,14.62,2000,1890000,2004
858,Hyundai,Venue,1,5000,Diesel,Manual,23.7,1500,890000,2019
4507,Maruti,Swift,8,83000,Diesel,Manual,22.9,1250,485000,2005
10106,Maruti,Wagon R,9,54000,Petrol,Manual,18.9,1000,275000,1999
4346,BMW,3,11,141000,Diesel,Automatic,16.07,2000,999000,2007
9334,Maruti,Alto,1,10326,Petrol,Manual,19.7,800,350000,2000
10578,Hyundai,i20,7,60000,Diesel,Manual,22.54,1400,450000,2008
10077,Skoda,Superb,9,67544,Diesel,Automatic,17.2,2000,525000,2004
9240,Audi,Q7,1,4000,Diesel,Automatic,14.75,3000,6800000,2006
13498,Toyota,Innova,5,87000,Diesel,Manual,13.68,2400,1700000,2005
13059,Hyundai,i20,11,80000,Petrol,Manual,18.6,1200,425000,2008
2336,Maruti,Swift Dzire,3,25000,Diesel,Automatic,28.4,1250,870000,2008
2981,Toyota,Fortuner,9,75000,Diesel,Manual,13.0,3000,1249000,2009
2829,Maruti,Ertiga,8,76000,Petrol,Manual,16.02,1400,590000,2012
8854,Hyundai,Verna,14,120000,Diesel,Manual,16.8,1500,120000,2006
1779,Toyota,Fortuner,10,79431,Diesel,Manual,12.55,3000,990000,2009
8019,Maruti,Alto,13,100000,Petrol,Manual,19.7,800,80000,2000
859,Hyundai,Verna,8,58000,Diesel,Manual,22.32,1600,360000,2006
4764,Toyota,Innova,13,185000,Diesel,Manual,12.8,2500,710000,2005
13609,Honda,City,7,190000,Diesel,Manual,25.1,1500,550000,1998
12548,Honda,City,9,33000,Petrol,Manual,17.4,1500,675000,1998
7556,Mahindra,XUV500,4,48900,Diesel,Manual,16.0,2200,1125000,2011
10309,Hyundai,Verna,8,82286,Diesel,Manual,22.32,1600,450000,2006
3000,Tata,Tiago,3,5000,Petrol,Manual,23.84,1200,565000,2016
14511,BMW,3,13,96000,Petrol,Automatic,10.9,2500,1600000,2007
4903,Hyundai,Grand,7,151315,Diesel,Manual,24.0,1100,300000,2013
1778,Renault,Duster,6,80342,Diesel,Manual,20.45,1500,580000,2012
11879,Maruti,Swift Dzire,12,40000,Petrol,Manual,17.5,1300,370000,2008
13712,Ford,Ecosport,8,57000,Diesel,Manual,22.7,1500,570000,2013
9811,BMW,X1,2,10000,Diesel,Automatic,20.68,2000,3200000,2010
14689,Toyota,Fortuner,10,158000,Diesel,Manual,11.5,3000,1050000,2009
12532,Tata,Nexon,3,26000,Diesel,Manual,21.5,1500,950000,2017
13660,BMW,3,6,45833,Diesel,Automatic,19.59,2000,2700000,2007
14400,Maruti,Wagon R,9,58700,Petrol,Manual,21.79,1000,355000,1999
1939,Hyundai,Santro,11,35000,"Others (CNG,LPG)",Manual,13.45,1100,230000,1998
4767,Hyundai,i20,6,18745,Petrol,Manual,18.6,1200,535000,2008
6575,Toyota,Fortuner,4,94926,Diesel,Automatic,12.9,2800,2900000,2009
5826,Hyundai,Grand,6,63165,Petrol,Manual,18.9,1200,450000,2013
15324,Maruti,Wagon R,6,50000,"Others (CNG,LPG)",Manual,26.6,1000,450000,1999
9090,Maruti,Alto,13,50000,Petrol,Manual,19.7,800,104000,2000
13138,Hyundai,Verna,4,100000,Diesel,Manual,23.9,1600,839000,2006
1457,Mahindra,Scorpio,11,60000,Diesel,Manual,13.5,2600,500000,2002
6841,Ford,Figo,11,67000,Diesel,Manual,20.0,1400,275000,2010
3223,Volkswagen,Vento,5,110000,Diesel,Automatic,22.15,1500,650000,2010
13538,Maruti,Swift Dzire,6,85000,Diesel,Manual,26.59,1250,470000,2008
7836,Mahindra,Scorpio,7,120000,Diesel,Manual,15.4,2200,450000,2002
4118,Maruti,Swift,3,36000,Diesel,Manual,28.4,1250,625000,2005
8296,Hyundai,i20,3,25656,Petrol,Manual,17.19,1200,650000,2008
4662,Maruti,Swift,9,72000,Diesel,Manual,28.4,1250,360000,2005
10441,Maruti,Swift Dzire,5,26585,Petrol,Manual,21.21,1200,460000,2008
9247,Ford,Ecosport,6,58000,Diesel,Manual,22.7,1500,525000,2013
7630,Maruti,Ertiga,6,90000,Diesel,Manual,20.77,1250,580000,2012
7244,Mahindra,KUV,5,65000,Diesel,Manual,25.32,1200,345000,2016
9238,Maruti,Swift Dzire,9,80000,Diesel,Manual,19.3,1250,300000,2008
546,Renault,KWID,2,25000,Petrol,Manual,25.17,800,300000,2015
13780,Skoda,Rapid,9,57000,Petrol,Manual,15.0,1600,295000,2011
11180,Maruti,Ciaz,6,48002,Diesel,Manual,26.21,1250,560000,2014
6842,Skoda,Rapid,9,103000,Petrol,Automatic,14.3,1600,550000,2011
7795,Volkswagen,Vento,8,193000,Diesel,Manual,20.54,1600,272000,2010
7708,Mahindra,XUV500,5,90000,Diesel,Automatic,16.0,2200,1000000,2011
8740,Mahindra,KUV,4,100000,Diesel,Manual,25.32,1200,450000,2016
12163,Mahindra,Scorpio,9,69934,Diesel,Manual,15.4,2200,478000,2002
3572,Maruti,Baleno,5,14550,Petrol,Manual,21.4,1200,559000,2015
14328,Hyundai,Creta,4,25500,Petrol,Automatic,13.0,1600,1090000,2015
1978,Datsun,RediGO,3,15000,Petrol,Manual,22.7,800,340000,2016
2366,Maruti,Ertiga,7,34200,Petrol,Manual,16.02,1400,575000,2012
7273,Hyundai,i10,5,30000,Petrol,Manual,19.81,1100,325000,2007
14830,Maruti,Celerio,5,100000,Petrol,Automatic,23.1,1000,400000,2014
12507,Hyundai,i20,8,89000,Diesel,Manual,21.9,1400,400000,2008
5781,Toyota,Innova,3,65000,Diesel,Manual,13.68,2400,1950000,2005
8358,Hyundai,i10,6,15000,Petrol,Manual,19.81,1100,330000,2007
8356,Maruti,Ertiga,4,40000,Petrol,Manual,17.5,1400,820000,2012
3317,Maruti,Swift,4,30000,Petrol,Manual,22.0,1200,520000,2005
1567,Hyundai,i20,8,57000,Diesel,Manual,22.54,1400,450000,2008
11090,Hyundai,Grand,3,50000,Diesel,Manual,24.0,1200,450000,2013
12256,BMW,5,2,9000,Diesel,Automatic,22.48,2000,5000000,2007
5124,Honda,Amaze,4,97000,Diesel,Manual,25.8,1500,460000,2013
1570,Skoda,Rapid,7,72000,Diesel,Manual,21.14,1500,475000,2011
3350,Mercedes-Benz,E-Class,10,74024,Petrol,Automatic,12.3,1800,1095000,1996
14773,Volkswagen,Polo,9,104233,Diesel,Manual,22.07,1200,380000,2010
10775,Hyundai,i20,4,65609,Diesel,Manual,22.54,1400,600000,2008
7551,Maruti,Swift,7,75000,Diesel,Manual,17.8,1250,470000,2005
9625,Maruti,Swift Dzire,7,75854,Diesel,Manual,23.4,1250,341000,2008
4085,Toyota,Innova,5,70000,Diesel,Automatic,11.36,2800,1800000,2005
13985,Ford,Ecosport,4,26000,Petrol,Manual,15.9,1500,725000,2013
2307,Maruti,Wagon R,5,64000,Petrol,Manual,20.52,1200,339000,1999
5666,Maruti,Alto,4,22000,Petrol,Manual,23.95,1000,335000,2000
6141,Maruti,Swift Dzire,6,87194,Diesel,Manual,28.4,1250,575000,2008
3331,BMW,3,10,63000,Diesel,Automatic,13.2,2000,995000,2007
4986,Volkswagen,Polo,9,72000,Petrol,Manual,16.47,1200,311000,2010
14761,Honda,Jazz,4,30000,Petrol,Manual,18.7,1200,550000,2009
11917,Hyundai,i20,10,78000,Diesel,Manual,23.0,1400,325000,2008
7986,Honda,City,12,57500,Petrol,Manual,17.0,1500,299000,1998
3252,Ford,Ecosport,5,40003,Petrol,Automatic,14.7,1500,670000,2013
181,Tata,Safari,8,67231,Diesel,Manual,14.0,2200,705000,1998
10484,Volkswagen,Polo,5,74200,Diesel,Manual,22.07,1200,387000,2010
11138,Maruti,Ciaz,6,45000,Petrol,Manual,20.73,1400,565000,2014
5172,Hyundai,Grand,4,49000,Petrol,Manual,18.9,1200,510000,2013
7367,Hyundai,Santro,13,64022,Petrol,Manual,17.92,1100,180000,1998
5216,Toyota,Innova,10,200000,Diesel,Manual,12.8,2500,450000,2005
5028,Hyundai,i20,5,40000,Petrol,Manual,17.19,1200,500000,2008
11161,Hyundai,i20,6,31000,Diesel,Manual,22.54,1400,480000,2008
14961,Volkswagen,Vento,4,23000,Petrol,Automatic,18.19,1200,840000,2010
14771,Hyundai,Grand,5,27471,Petrol,Automatic,18.9,1200,480000,2013
14151,Hyundai,Grand,3,15918,Petrol,Automatic,18.9,1200,649000,2013
4712,Mahindra,Bolero,12,15000,Diesel,Manual,13.6,2500,350000,2000
5142,Maruti,Alto,11,50000,Petrol,Manual,19.7,800,250000,2000
9189,Toyota,Fortuner,9,100000,Diesel,Automatic,12.55,3000,1175000,2009
9020,Maruti,Swift,10,94991,Petrol,Manual,18.6,1200,315000,2005
1793,Mercedes-Benz,E-Class,10,57000,Diesel,Automatic,14.21,2100,1125000,1996
9919,Skoda,Rapid,5,49000,Diesel,Automatic,21.66,1500,595000,2011
11611,Maruti,Swift Dzire,3,24381,Petrol,Automatic,18.5,1200,725000,2008
9239,Maruti,Swift Dzire,12,58000,Petrol,Manual,17.5,1300,220000,2008
4816,Hyundai,Verna,7,80000,Petrol,Automatic,17.1,1600,630000,2006
14966,BMW,7,8,63000,Diesel,Automatic,14.49,3000,2250000,2002
3177,Maruti,Eeco,6,8403,Petrol,Manual,15.37,1200,345000,2010
13143,Maruti,Alto,1,5000,Petrol,Manual,22.05,800,320000,2000
8829,Maruti,Swift,1,1332,Petrol,Manual,21.21,1200,625000,2005
2213,Maruti,Ertiga,4,53393,"Others (CNG,LPG)",Manual,17.5,1400,800000,2012
13438,Renault,Duster,8,54000,Diesel,Manual,19.64,1500,315000,2012
997,Maruti,Swift,13,70000,Diesel,Manual,17.8,1250,170000,2005
439,Skoda,Rapid,7,70000,Petrol,Manual,15.0,1600,425000,2011
12351,Mercedes-Benz,S-Class,8,60000,Diesel,Automatic,13.5,3000,2600000,1994
7067,Tata,Hexa,4,57000,Diesel,Manual,17.6,2200,1200000,2017
11359,Hyundai,Verna,3,31000,Petrol,Manual,17.0,1600,925000,2006
5734,Toyota,Fortuner,4,43200,Diesel,Manual,14.24,2800,2450000,2009
14494,Audi,A6,4,23000,Diesel,Automatic,18.53,2000,3150000,2005
7037,Toyota,Innova,6,57900,Diesel,Manual,12.99,2500,900000,2005
7867,Maruti,Swift Dzire,5,20000,Petrol,Manual,20.85,1200,460000,2008
9399,Hyundai,i20,5,55000,Petrol,Manual,18.6,1200,490000,2008
239,Maruti,Swift,4,27876,Petrol,Manual,20.4,1200,491000,2005
2439,Hyundai,Grand,6,75000,Petrol,Automatic,18.9,1200,495000,2013
11665,Skoda,Octavia,7,35000,Diesel,Automatic,19.3,2000,1075000,2001
9894,Hyundai,Grand,6,41000,Petrol,Automatic,18.9,1200,540000,2013
8781,Mercedes-Benz,E-Class,5,36000,Diesel,Automatic,13.0,2100,2790000,1996
12244,Hyundai,Grand,5,110000,Diesel,Manual,24.0,1100,480000,2013
415,BMW,3,10,52420,Diesel,Automatic,22.69,2000,750000,2007
12493,Maruti,Celerio,5,18000,Petrol,Manual,21.63,1000,450000,2014
9816,Hyundai,Verna,6,52323,Diesel,Automatic,19.08,1600,665000,2006
3126,Maruti,Ertiga,4,40000,Petrol,Automatic,17.03,1400,780000,2012
14906,Maruti,Swift Dzire,12,40000,Petrol,Manual,17.5,1200,290000,2008
7763,Hyundai,Verna,6,80000,Diesel,Manual,23.9,1600,530000,2006
9072,Hyundai,i10,10,41000,Petrol,Manual,19.81,1100,225000,2007
198,Renault,KWID,1,6000,Petrol,Manual,22.3,800,450000,2015
2604,BMW,3,11,96000,Diesel,Automatic,22.69,2000,974000,2007
4839,Maruti,Baleno,5,60150,Petrol,Manual,21.01,1200,600000,2015
7919,Maruti,Swift,8,60000,Diesel,Manual,22.9,1250,380000,2005
687,Tata,Tiago,4,1000,Petrol,Manual,23.84,1200,470000,2016
12408,Maruti,Wagon R,10,50000,Petrol,Manual,18.9,1000,272000,1999
14931,Hyundai,Verna,10,47000,Diesel,Automatic,22.32,1600,450000,2006
10579,Hyundai,Verna,2,25000,Petrol,Manual,19.1,1400,850000,2006
1597,Honda,Amaze,5,45000,Petrol,Manual,18.0,1200,550000,2013
9999,Maruti,Ciaz,4,55000,Diesel,Manual,28.09,1250,735000,2014
9482,BMW,5,3,34000,Diesel,Automatic,22.48,2000,3700000,2007
4389,Volkswagen,Vento,8,80000,Diesel,Manual,20.54,1600,525000,2010
6820,Mahindra,XUV500,6,37000,Diesel,Manual,15.1,2200,875000,2011
12108,Ford,Ecosport,5,82706,Diesel,Manual,22.77,1500,875000,2013
4001,Renault,KWID,5,25000,Petrol,Manual,23.01,1000,250000,2015
11673,Skoda,Superb,12,68000,Petrol,Automatic,12.0,3600,499000,2004
14497,Honda,Amaze,6,120000,Diesel,Manual,25.8,1500,450000,2013
1069,Honda,City,3,41000,Petrol,Manual,17.4,1500,800000,1998
10648,Mahindra,Scorpio,5,64000,Diesel,Manual,15.4,2200,1075000,2002
15063,Honda,City,9,70000,Petrol,Manual,16.8,1500,625000,1998
10854,Maruti,Ciaz,6,57000,Petrol,Manual,20.73,1400,490000,2014
13745,Maruti,Ertiga,5,36700,Diesel,Manual,24.52,1250,895000,2012
3649,Honda,City,10,60000,Petrol,Manual,17.0,1500,365000,1998
7982,Maruti,Alto,9,80416,Petrol,Manual,23.95,1000,240000,2000
11084,Audi,A4,10,100000,Diesel,Automatic,16.55,2000,1150000,2008
14774,Maruti,Ertiga,7,51000,Petrol,Manual,16.02,1400,625000,2012
5252,Maruti,Swift Dzire,7,90000,Diesel,Manual,23.4,1250,450000,2008
6500,Hyundai,i10,5,61450,Petrol,Manual,20.36,1200,430000,2007
8182,Mahindra,Scorpio,10,23000,Diesel,Manual,15.4,2200,600000,2002
14993,Mahindra,KUV,4,17000,Petrol,Manual,18.15,1200,729000,2016
2530,Tata,Tiago,4,40000,Petrol,Manual,23.84,1200,465000,2016
4755,Honda,City,3,25000,Petrol,Automatic,18.0,1500,940000,1998
14699,Audi,A4,9,85250,Diesel,Automatic,16.55,2000,1295000,2008
4969,Honda,Amaze,6,40000,Petrol,Manual,18.0,1200,450000,2013
8900,Maruti,Vitara,4,100000,Diesel,Manual,24.3,1250,760000,2016
7872,Maruti,Wagon R,7,46652,Petrol,Manual,20.51,1000,290000,1999
9746,Ford,Ecosport,6,50000,Diesel,Manual,21.7,1500,560000,2013
12008,Volkswagen,Polo,8,35000,Diesel,Manual,19.7,1600,380000,2010
18,Maruti,Baleno,6,20000,Petrol,Manual,21.4,1200,600000,2015
1805,Hyundai,i20,8,33000,Petrol,Manual,18.5,1200,325000,2008
15246,Hyundai,Santro,12,60000,Petrol,Manual,17.92,1100,125000,1998
3024,Maruti,Alto,3,35000,Petrol,Manual,23.95,1000,350000,2000
3268,Jaguar,XF,7,67000,Diesel,Automatic,16.36,2200,1900000,2009
6799,Audi,A6,8,83000,Diesel,Automatic,17.68,2000,2250000,2005
8550,Maruti,Swift Dzire,5,20000,Diesel,Manual,26.59,1250,620000,2008
6701,Honda,Jazz,5,34000,Petrol,Automatic,17.1,1200,675000,2009
15087,Hyundai,Verna,9,50000,Diesel,Manual,22.32,1600,565000,2006
4198,Volkswagen,Polo,8,60000,Diesel,Manual,22.07,1200,400000,2010
6210,Hyundai,Grand,3,6500,Petrol,Manual,18.9,1200,480000,2013
15278,Honda,City,4,39744,Petrol,Automatic,17.4,1500,950000,1998
3911,Ford,Ecosport,3,18890,Diesel,Manual,23.0,1500,1025000,2013
2766,Datsun,RediGO,4,23000,Petrol,Manual,22.7,800,310000,2016
3947,Maruti,Alto,8,15000,Petrol,Manual,22.74,800,262000,2000
2753,Maruti,Wagon R,8,58288,"Others (CNG,LPG)",Manual,26.2,1000,350000,1999
9437,Hyundai,i10,7,55000,Petrol,Manual,20.36,1200,360000,2007
9667,Maruti,Wagon R,4,47000,Petrol,Automatic,20.51,1000,390000,1999
373,Mahindra,Marazzo,2,60000,Diesel,Manual,17.3,1500,1476000,2018
5381,Honda,City,5,30000,Petrol,Manual,17.8,1500,950000,1998
6341,Hyundai,Santro,11,120000,"Others (CNG,LPG)",Manual,17.8,1100,134000,1998
12251,Toyota,Fortuner,4,91346,Diesel,Automatic,15.04,2800,2950000,2009
14508,Honda,Amaze,7,120000,Diesel,Manual,25.8,1500,300000,2013
11068,Maruti,Alto,8,60000,Petrol,Manual,22.74,800,185000,2000
5092,Hyundai,Verna,7,45354,Diesel,Manual,22.32,1600,600000,2006
8335,Honda,WR-V,4,69700,Diesel,Manual,25.5,1500,775000,2017
8235,Honda,City,5,55055,Petrol,Manual,17.8,1500,600000,1998
10029,Mahindra,Bolero,7,84000,Diesel,Manual,15.96,2500,500000,2000
13923,Honda,City,6,24541,Petrol,Manual,16.8,1500,555000,1998
2531,Honda,City,8,37000,Petrol,Manual,17.0,1500,486000,1998
11617,Maruti,Swift,10,120000,Diesel,Manual,22.9,1250,250000,2005
11098,Audi,A4,7,59000,Diesel,Automatic,17.11,2000,1275000,2008
3796,Hyundai,Verna,8,30588,Petrol,Manual,16.2,1600,490000,2006
13849,Maruti,Swift,9,112454,Diesel,Manual,22.9,1250,440000,2005
6039,Maruti,Wagon R,9,59000,Petrol,Manual,18.9,1000,265000,1999
894,Renault,Duster,7,185000,Diesel,Manual,20.45,1500,310000,2012
231,Toyota,Innova,9,109000,Diesel,Manual,12.99,2500,495000,2005
2506,Honda,Civic,11,74000,Petrol,Automatic,13.9,1800,385000,2006
6360,Toyota,Innova,5,120000,Diesel,Manual,12.99,2500,900000,2005
6354,Hyundai,i10,6,33421,Petrol,Manual,20.36,1200,350000,2007
4244,Maruti,Ciaz,5,50000,Diesel,Manual,28.09,1250,650000,2014
3269,Maruti,Eeco,6,62000,"Others (CNG,LPG)",Manual,15.1,1200,295000,2010
2416,Datsun,GO,3,3300,Petrol,Manual,19.02,1200,550000,2014
1766,Maruti,Ertiga,4,30900,"Others (CNG,LPG)",Manual,17.5,1400,820000,2012
14076,Tata,Nexon,3,36000,Diesel,Manual,21.5,1500,1000000,2017
7336,Mahindra,Scorpio,8,130000,Diesel,Manual,12.05,2200,550000,2002
9484,BMW,5,2,18000,Diesel,Automatic,22.48,2000,4500000,2007
367,Toyota,Innova,9,187031,Diesel,Manual,12.99,2500,525000,2005
11614,Tata,Nexon,4,41000,Diesel,Manual,21.5,1500,825000,2017
11175,Maruti,Swift,4,47000,Diesel,Manual,28.4,1250,535000,2005
14669,Hyundai,Creta,6,79828,Diesel,Automatic,17.01,1600,1060000,2015
6663,Hyundai,i20,7,25000,Diesel,Manual,22.54,1400,500000,2008
3087,Maruti,Ertiga,3,42000,"Others (CNG,LPG)",Manual,17.5,1400,875000,2012
1716,Tata,Hexa,3,44489,Diesel,Automatic,17.6,2200,1365000,2017
3828,Maruti,Vitara,5,90000,Diesel,Manual,24.3,1250,750000,2016
5934,Hyundai,i20,4,40000,Petrol,Manual,18.6,1200,700000,2008
4772,Honda,WR-V,3,25000,Diesel,Manual,25.5,1500,900000,2017
4159,Maruti,Alto,3,15453,Petrol,Manual,24.7,800,327000,2000
572,Maruti,Vitara,5,50000,Diesel,Manual,24.3,1250,810000,2016
4916,BMW,3,12,64495,Diesel,Automatic,16.07,2000,850000,2007
14777,Volkswagen,Vento,7,68000,Petrol,Manual,15.04,1600,440000,2010
3820,Toyota,Innova,4,67000,Diesel,Manual,13.68,2400,1550000,2005
5450,Honda,Amaze,2,5000,Petrol,Manual,19.5,1200,750000,2013
1550,Maruti,Wagon R,11,102000,Petrol,Manual,20.52,1200,200000,1999
4957,Mahindra,KUV100,3,22000,Petrol,Manual,18.15,1200,450000,2016
2732,Mahindra,Scorpio,4,61000,Diesel,Manual,15.4,2000,1025000,2002
8501,Maruti,Alto,10,25000,Petrol,Manual,19.7,800,160000,2000
2327,Toyota,Innova,5,125000,Diesel,Manual,13.68,2400,1665000,2005
7445,Maruti,Alto,6,38000,Petrol,Manual,23.95,1000,260000,2000
5081,Hyundai,i20,5,46000,Petrol,Manual,18.6,1200,550000,2008
7936,Maruti,Ciaz,5,32568,Diesel,Manual,28.09,1250,449000,2014
5747,Maruti,Alto,6,35000,Petrol,Manual,22.74,800,270000,2000
5856,Maruti,Swift Dzire,3,35000,Diesel,Manual,28.4,1250,785000,2008
1439,Maruti,Swift Dzire,2,27000,Petrol,Manual,19.95,1200,570000,2008
14067,Ford,Ecosport,2,19375,Petrol,Automatic,14.8,1500,1125000,2013
5500,Maruti,Swift,11,99590,Diesel,Manual,17.8,1250,300000,2005
12612,Mahindra,Scorpio,7,113000,Diesel,Manual,15.4,2500,685000,2002
2127,Maruti,Ertiga,8,42406,Diesel,Manual,20.77,1250,625000,2012
8306,Toyota,Fortuner,2,1677,Diesel,Manual,12.55,3000,2950000,2009
13381,Hyundai,i20,8,70000,Diesel,Manual,21.9,1400,310000,2008
8526,Honda,City,10,40142,Petrol,Manual,17.0,1500,310000,1998
2744,Hyundai,Verna,8,57800,Petrol,Manual,17.1,1600,485000,2006
4298,Hyundai,i20,3,60000,Diesel,Manual,22.54,1400,725000,2008
7234,Ford,Ecosport,7,65238,Diesel,Manual,22.7,1500,600000,2013
6275,Maruti,Wagon R,7,50000,Petrol,Manual,20.51,1000,400000,1999
6183,Ford,Ecosport,6,69000,Diesel,Manual,22.77,1500,581000,2013
2754,Mahindra,KUV100,3,79814,Petrol,Manual,18.15,1200,500000,2016
2342,Maruti,Wagon R,9,63000,"Others (CNG,LPG)",Manual,26.2,1000,295000,1999
11571,Honda,City,9,37323,Petrol,Manual,17.0,1500,400000,1998
4397,Honda,Amaze,2,10000,Diesel,Automatic,23.8,1500,795000,2013
1062,Hyundai,i20,3,50000,Petrol,Manual,18.6,1200,620000,2008
117,Ford,Ecosport,3,55000,Diesel,Manual,23.0,1500,925000,2013
3517,Maruti,Wagon R,10,50000,Petrol,Manual,20.51,1000,275000,1999
3940,Maruti,Ertiga,5,65000,Diesel,Manual,24.52,1250,700000,2012
10014,Maruti,Alto,8,30000,Petrol,Manual,23.95,1000,249000,2000
5094,Honda,City,6,78000,Petrol,Automatic,18.0,1500,895000,1998
3313,Hyundai,i20,8,40000,Petrol,Manual,17.0,1200,395000,2008
6900,Jaguar,XF,6,52353,Diesel,Automatic,16.36,2200,2400000,2009
2767,Hyundai,Creta,4,49000,Petrol,Automatic,13.0,1600,1125000,2015
10187,Mercedes-Benz,E-Class,7,42000,Diesel,Automatic,13.0,2100,1875000,1996
13566,Hyundai,i10,5,57000,Petrol,Manual,20.36,1200,375000,2007
738,Maruti,Alto,17,80000,Petrol,Manual,19.7,800,80000,2000
4681,Hyundai,i20,2,20000,Petrol,Manual,18.6,1200,630000,2008
14663,Maruti,Swift,9,43000,Petrol,Manual,18.6,1200,400000,2005
8087,Hyundai,i20,3,10000,Petrol,Manual,18.6,1200,790000,2008
2682,Honda,Civic,13,57000,Petrol,Automatic,13.9,1800,250000,2006
9179,Maruti,Alto,3,57199,Petrol,Manual,23.95,1000,378000,2000
599,Volkswagen,Polo,11,60000,Petrol,Manual,16.47,1200,200000,2010
13120,Maruti,Swift Dzire,3,70000,Diesel,Manual,28.4,1250,641000,2008
1336,Maruti,Swift,4,80000,Diesel,Manual,28.4,1250,550000,2005
4585,Datsun,GO,3,8000,Petrol,Manual,19.83,1200,600000,2014
449,Maruti,Swift Dzire,4,30000,Petrol,Automatic,21.21,1200,690000,2008
14214,Maruti,Wagon R,9,54000,Petrol,Manual,18.9,1000,290000,1999
4041,Honda,City,10,79418,Petrol,Manual,17.0,1500,440000,1998
5968,Maruti,Swift Dzire,4,60000,Diesel,Manual,26.59,1250,725000,2008
14717,Maruti,Ertiga,5,57000,Diesel,Manual,24.52,1250,590000,2012
12378,Maruti,Baleno,6,25800,Petrol,Manual,21.4,1200,575000,2015
10206,Honda,Amaze,4,32650,Petrol,Manual,17.8,1200,510000,2013
2429,Maruti,Baleno,3,33635,Diesel,Manual,27.39,1250,850000,2015
12799,Honda,Amaze,6,63000,Diesel,Manual,25.8,1500,455000,2013
3257,Maruti,Ciaz,3,17000,Diesel,Manual,28.09,1250,900000,2014
8008,Maruti,Alto,9,75000,Petrol,Manual,19.7,800,165000,2000
14437,Maruti,Ciaz,4,70000,Diesel,Manual,28.09,1250,795000,2014
14085,Volkswagen,Polo,4,55000,Petrol,Manual,16.2,1200,675000,2010
2643,Mahindra,Bolero,4,60000,Diesel,Manual,16.5,1500,800000,2000
1466,Ford,Ecosport,6,75000,Diesel,Manual,21.7,1500,475000,2013
6162,Hyundai,Grand,7,53000,Diesel,Manual,24.0,1100,480000,2013
6460,Hyundai,i20,2,40000,Diesel,Manual,22.54,1400,700000,2008
12631,Honda,City,6,110000,Diesel,Manual,25.1,1500,730000,1998
4069,Tata,Tiago,3,70000,Diesel,Manual,27.28,1050,410000,2016
3236,Hyundai,Grand,6,23000,Petrol,Manual,18.9,1200,525000,2013
3465,Renault,KWID,2,10695,Petrol,Manual,23.01,1000,395000,2015
11481,Toyota,Innova,6,140000,Diesel,Manual,12.8,2500,875000,2005
6508,Ford,Ecosport,2,19000,Diesel,Manual,23.0,1500,1025000,2013
672,Toyota,Innova,9,25000,Diesel,Manual,12.99,2500,1050000,2005
736,Mercedes-Benz,C-Class,9,41315,Petrol,Automatic,11.74,1800,1050000,2001
12554,Honda,Amaze,5,79000,Petrol,Manual,18.0,1200,490000,2013
4679,Hyundai,Grand,6,78389,Diesel,Manual,24.0,1100,540000,2013
12327,Maruti,Vitara,3,35000,Diesel,Manual,24.3,1250,734000,2016
9368,Toyota,Innova,2,22000,Diesel,Automatic,11.36,2800,1885000,2005
2758,BMW,3,7,25000,Diesel,Automatic,18.88,2000,1699000,2007
9378,Toyota,Innova,2,26000,Diesel,Manual,13.68,2400,1800000,2005
2680,Toyota,Innova,9,255000,Diesel,Manual,12.8,2500,725000,2005
11213,BMW,7,8,89000,Diesel,Automatic,14.49,3000,2000000,2002
7113,Maruti,Ertiga,7,79000,Diesel,Manual,20.77,1250,610000,2012
2570,Volkswagen,Vento,6,102000,Diesel,Automatic,22.15,1500,590000,2010
903,Mahindra,Thar,7,60000,Diesel,Manual,16.55,2500,700000,2010
5518,Maruti,Baleno,5,34000,Petrol,Manual,21.4,1200,550000,2015
15108,Maruti,Swift,4,54114,Diesel,Manual,28.4,1250,596000,2005
14556,Volkswagen,Vento,8,44000,Petrol,Manual,15.04,1600,550000,2010
2955,Maruti,Swift,6,56562,Diesel,Manual,25.2,1250,540000,2005
4831,Honda,Amaze,5,62156,Diesel,Manual,25.8,1500,500000,2013
7107,Maruti,Swift,5,130130,Diesel,Manual,25.2,1250,400000,2005
8044,Hyundai,Verna,5,52000,Diesel,Manual,25.0,1500,680000,2006
9963,Maruti,Celerio,2,30000,Petrol,Manual,21.63,1000,420000,2014
9487,Mahindra,XUV500,3,18000,Diesel,Automatic,16.0,2200,1300000,2011
2933,Maruti,Alto,5,25603,Petrol,Manual,22.74,800,291000,2000
7970,Honda,Civic,14,70000,Petrol,Manual,13.5,1800,250000,2006
5419,Maruti,Baleno,4,55087,Petrol,Manual,21.01,1200,605000,2015
3978,Honda,Jazz,5,33980,Petrol,Manual,18.7,1200,630000,2009
4620,Maruti,Baleno,5,76000,Diesel,Manual,27.39,1250,650000,2015
4385,Maruti,Baleno,3,20332,Petrol,Automatic,21.4,1200,660000,2015
438,Maruti,Wagon R,10,83000,Petrol,Manual,18.9,1000,180000,1999
7188,Hyundai,Grand,4,15000,Petrol,Automatic,18.9,1200,550000,2013
12407,Mahindra,Scorpio,3,47000,Diesel,Manual,16.36,2200,1350000,2002
2887,Mahindra,Scorpio,6,95006,Diesel,Manual,15.4,2500,850000,2002
9331,Hyundai,i20,4,34000,Diesel,Manual,22.54,1400,675000,2008
10774,Ford,Endeavour,3,48000,Diesel,Automatic,10.91,3200,2899000,2003
949,Hyundai,i20,3,35000,Petrol,Manual,18.6,1200,600000,2008
11530,Toyota,Innova,5,35000,Petrol,Manual,11.25,2700,1575000,2005
13488,Hyundai,Creta,6,35000,Diesel,Manual,21.38,1400,900000,2015
9654,Maruti,Wagon R,7,64000,Petrol,Manual,18.9,1000,265000,1999
12837,Maruti,Wagon R,4,50000,Petrol,Manual,20.51,1000,315000,1999
4187,Hyundai,Grand,4,25000,Petrol,Manual,18.9,1200,600000,2013
5804,Mahindra,XUV500,6,120000,Diesel,Manual,16.0,2200,850000,2011
7187,Audi,A6,8,51000,Diesel,Automatic,17.68,2000,1750000,2005
14296,Honda,Amaze,6,119621,Diesel,Manual,25.8,1500,410000,2013
8446,Maruti,Swift Dzire,5,84000,Diesel,Manual,26.59,1250,500000,2008
714,Ford,Figo,3,64000,Diesel,Manual,24.4,1500,550000,2010
2788,Maruti,Alto,4,10617,Petrol,Manual,24.7,800,314000,2000
11986,Skoda,Rapid,8,40000,Diesel,Manual,20.5,1600,500000,2011
47,Datsun,RediGO,3,27263,Petrol,Manual,22.5,1000,350000,2016
2989,Hyundai,Verna,7,24835,Petrol,Manual,17.43,1400,575000,2006
13323,Toyota,Innova,5,35500,Diesel,Automatic,13.68,2400,1490000,2005
8414,Hyundai,i10,4,32000,Petrol,Manual,19.81,1100,410000,2007
9422,Hyundai,Verna,8,51000,Petrol,Manual,17.1,1600,690000,2006
10534,Maruti,Vitara,2,12000,Diesel,Automatic,24.3,1250,938000,2016
8133,Hyundai,Creta,5,60000,Diesel,Manual,21.38,1400,770000,2015
2901,Hyundai,i10,10,63000,Petrol,Manual,20.36,1200,230000,2007
9744,Maruti,Swift,8,65209,Diesel,Manual,22.9,1250,330000,2005
12578,Maruti,Swift Dzire,2,5000,Petrol,Manual,21.21,1200,730000,2008
10808,Maruti,Baleno,4,46982,Petrol,Manual,21.4,1200,572000,2015
14698,Maruti,Swift,3,18600,Petrol,Manual,22.0,1200,520000,2005
14950,Maruti,Vitara,4,30000,Diesel,Manual,24.3,1250,850000,2016
2586,Hyundai,i20,4,60000,Diesel,Manual,22.54,1400,780000,2008
5760,Honda,City,3,25000,Petrol,Automatic,18.0,1500,1300000,1998
1056,Maruti,Baleno,4,25000,Petrol,Manual,21.4,1200,590000,2015
10368,Honda,City,12,65344,Petrol,Manual,17.0,1500,295000,1998
8581,Volkswagen,Polo,10,199000,Petrol,Manual,16.47,1200,199000,2010
5408,Tata,Tiago,4,30000,Petrol,Manual,23.84,1200,350000,2016
3361,Toyota,Fortuner,4,10725,Diesel,Manual,13.0,3000,2895000,2009
13645,Maruti,Swift Dzire,4,39500,Petrol,Automatic,22.0,1200,725000,2008
15154,Honda,CR-V,11,120000,Petrol,Manual,11.1,2350,395000,2003
13256,Ford,Figo,5,49392,Petrol,Manual,18.16,1200,575000,2010
4281,Toyota,Innova,5,68194,Diesel,Automatic,11.36,2800,1950000,2005
9066,Maruti,Vitara,4,72000,Diesel,Manual,24.3,1250,775000,2016
9566,Maruti,Swift,8,73536,Diesel,Manual,22.9,1250,353000,2005
13641,Maruti,Alto,3,57000,Petrol,Manual,23.95,1000,390000,2000
5472,Maruti,Alto,11,78000,Petrol,Manual,20.92,1000,245000,2000
5726,Tata,Hexa,3,50000,Diesel,Manual,17.6,2200,1300000,2017
1053,BMW,X1,9,50000,Diesel,Automatic,17.05,2000,1200000,2010
633,Maruti,Swift Dzire,5,47000,Petrol,Manual,22.0,1200,475000,2008
1896,Maruti,Baleno,3,26600,Petrol,Manual,21.01,1200,665000,2015
5315,Hyundai,Grand,6,51597,Diesel,Manual,24.0,1100,375000,2013
9222,BMW,3,6,45000,Diesel,Automatic,22.69,2000,1890000,2007
1521,Skoda,Rapid,2,8500,Petrol,Automatic,14.84,1600,1035000,2011
11972,Maruti,Vitara,4,45000,Diesel,Manual,24.3,1250,945000,2016
10132,Hyundai,Santro,13,34698,Petrol,Manual,17.92,1100,90000,1998
3853,Maruti,Wagon R,7,20903,"Others (CNG,LPG)",Manual,32.52,1000,410000,1999
13090,Toyota,Fortuner,2,22600,Diesel,Manual,14.24,2800,3300000,2009
10483,Honda,City,12,60000,Petrol,Manual,17.0,1500,255000,1998
9636,Honda,City,3,26000,Petrol,Automatic,17.4,1500,1075000,1998
2198,Audi,Q7,8,128000,Diesel,Automatic,12.07,3000,1874000,2006
12527,Hyundai,i20,2,3500,Diesel,Manual,22.54,1400,895000,2008
4895,Hyundai,Creta,5,110000,Diesel,Automatic,17.01,1600,1050000,2015
13560,BMW,7,7,38000,Diesel,Automatic,17.66,3000,4700000,2002
13401,Hyundai,i10,4,9000,Petrol,Manual,19.81,1100,375000,2007
9779,BMW,3,7,18500,Diesel,Automatic,18.88,2000,1400000,2007
13525,Maruti,Swift Dzire,4,120000,Diesel,Manual,28.4,1250,547000,2008
14411,Ford,Aspire,5,111000,Diesel,Manual,25.83,1500,550000,2015
2244,Hyundai,Verna,4,45910,Diesel,Manual,23.9,1600,925000,2006
14032,Maruti,Swift Dzire,1,76165,Diesel,Manual,19.3,1250,350000,2008
9646,Hyundai,i20,7,70000,Diesel,Manual,22.54,1400,340000,2008
2764,Hyundai,i20,5,35000,Petrol,Manual,18.6,1200,578000,2008
12217,Honda,Civic,1,1900,Petrol,Automatic,16.5,1800,2150000,2006
10914,Audi,A4,5,29000,Petrol,Automatic,15.64,1800,1890000,2008
10332,Mahindra,XUV500,6,70000,Diesel,Manual,16.0,2200,900000,2011
11194,Hyundai,i20,7,54159,Petrol,Manual,18.6,1200,410000,2008
211,Renault,KWID,3,30038,Petrol,Manual,25.17,800,295000,2015
14392,Honda,City,6,85118,Petrol,Automatic,18.0,1500,660000,1998
12496,Volkswagen,Vento,7,69000,Petrol,Automatic,16.93,1200,485000,2010
586,Mahindra,Bolero,9,120000,Diesel,Manual,15.96,2500,460000,2000
1026,Datsun,GO,4,20000,Petrol,Manual,20.63,1200,300000,2014
2517,Hyundai,Grand,4,25000,Petrol,Manual,18.9,1200,500000,2013
7116,Maruti,Wagon R,11,25000,Petrol,Manual,18.9,1000,190000,1999
10757,Honda,Jazz,3,27032,Petrol,Automatic,18.2,1200,695000,2009
10401,Hyundai,Venue,2,27000,Petrol,Manual,18.27,1000,1025000,2019
5109,Honda,City,5,66000,Diesel,Manual,26.0,1500,785000,1998
841,Honda,City,9,51000,Petrol,Manual,16.8,1500,440000,1998
538,Mahindra,Bolero,10,30000,Diesel,Manual,13.6,2500,425000,2000
3081,Ford,Aspire,6,65000,Diesel,Manual,25.83,1500,490000,2015
7206,Toyota,Innova,4,30000,Diesel,Automatic,11.36,2800,1900000,2005
9432,Hyundai,Creta,4,33000,Diesel,Manual,19.67,1600,1070000,2015
12445,Hyundai,Grand,4,41000,Petrol,Automatic,18.9,1200,595000,2013
2824,Honda,City,8,64800,Petrol,Manual,16.8,1500,450000,1998
9505,Maruti,Swift Dzire,4,55000,Petrol,Automatic,21.21,1200,590000,2008
12685,Hyundai,i20,6,35000,Petrol,Manual,18.6,1200,525000,2008
4503,BMW,3,4,50000,Diesel,Automatic,19.59,2000,3300000,2007
14313,Maruti,Swift Dzire,10,120000,Diesel,Manual,19.3,1250,421000,2008
2301,Ford,Ecosport,4,94500,Diesel,Manual,21.7,1500,775000,2013
13740,Maruti,Alto,4,19369,Petrol,Manual,23.95,1000,356000,2000
2403,Maruti,Wagon R,4,51000,Petrol,Automatic,20.51,1000,450000,1999
5465,Honda,City,7,56954,Diesel,Manual,26.0,1500,599000,1998
1988,Hyundai,Venue,2,16000,Petrol,Manual,18.27,1000,975000,2019
13123,Mahindra,XUV500,6,39838,Diesel,Manual,16.0,2200,1095000,2011
13671,Ford,Figo,6,59000,Diesel,Manual,20.0,1400,410000,2010
7855,Maruti,Alto,4,50000,Petrol,Manual,24.7,800,280000,2000
11281,Hyundai,Grand,5,65000,Petrol,Manual,18.9,1200,475000,2013
8697,Toyota,Innova,9,120000,Petrol,Manual,12.4,2000,650000,2005
13946,Maruti,Alto,6,35000,Petrol,Manual,23.95,1000,260000,2000
915,Honda,Amaze,7,27233,Diesel,Manual,25.8,1500,445000,2013
13384,Skoda,Rapid,3,62600,Diesel,Automatic,21.72,1500,1045000,2011
14054,Toyota,Innova,6,70000,Diesel,Manual,12.99,2500,1250000,2005
3710,Jaguar,XF,6,25000,Diesel,Automatic,14.74,3000,2790000,2009
613,Maruti,Eeco,3,22000,"Others (CNG,LPG)",Manual,21.94,1200,480000,2010
12858,Volkswagen,Polo,5,59000,Petrol,Manual,15.26,1600,650000,2010
6063,Volkswagen,Polo,4,20000,Diesel,Manual,20.14,1500,725000,2010
1619,Jeep,Compass,4,21000,Petrol,Automatic,14.1,1400,1499000,2017
2822,Hyundai,i20,6,25000,Petrol,Manual,18.6,1200,571000,2008
9447,Honda,Amaze,2,9800,Petrol,Automatic,18.3,1200,750000,2013
8991,Maruti,Celerio,2,15000,Petrol,Manual,23.1,1000,450000,2014
1536,Mahindra,XUV500,9,120000,Diesel,Manual,15.1,2200,780000,2011
3841,Mahindra,Scorpio,6,51000,Diesel,Manual,15.4,2500,760000,2002
1788,Maruti,Ignis,4,26000,Petrol,Manual,20.89,1200,490000,2017
10850,Honda,WR-V,4,5000,Petrol,Manual,17.5,1200,790000,2017
8769,Hyundai,Creta,2,40000,Diesel,Manual,20.5,1600,1500000,2015
4350,Maruti,Wagon R,7,27894,Petrol,Manual,21.79,1000,375000,1999
3061,Honda,Amaze,7,100000,Diesel,Manual,25.8,1500,550000,2013
11181,Maruti,Vitara,5,26225,Diesel,Manual,24.3,1250,625000,2016
7366,Volkswagen,Polo,2,13000,Petrol,Manual,16.2,1200,480000,2010
14330,Hyundai,Creta,4,50000,Petrol,Automatic,13.0,1600,1100000,2015
14575,Maruti,Alto,10,72000,Petrol,Manual,20.92,1000,260000,2000
14941,Maruti,Alto,7,60000,Petrol,Manual,22.74,800,265000,2000
405,Hyundai,i10,9,64000,Petrol,Manual,20.36,1200,250000,2007
641,Maruti,Swift,2,14499,Petrol,Manual,22.0,1200,535000,2005
3848,Hyundai,Creta,4,50000,Diesel,Manual,19.67,1600,1100000,2015
3535,Jeep,Compass,3,9800,Petrol,Manual,16.0,1400,1325000,2017
3005,Renault,Duster,4,7489,Diesel,Manual,19.6,1500,900000,2012
12027,Maruti,Vitara,5,40000,Diesel,Manual,24.3,1250,680000,2016
12522,Maruti,Wagon R,5,24000,Petrol,Automatic,20.51,1000,375000,1999
8589,Maruti,Wagon R,14,48343,Petrol,Manual,18.9,1100,180000,1999
5993,Maruti,Wagon R,4,28500,Petrol,Automatic,20.51,1000,525000,1999
6491,Maruti,Swift,9,80000,Diesel,Manual,22.9,1250,340000,2005
11860,Maruti,Wagon R,9,40000,Petrol,Manual,18.9,1000,350000,1999
740,Maruti,Wagon R,5,35000,Petrol,Manual,21.5,1200,390000,1999
10394,Honda,City,12,65000,Petrol,Manual,17.0,1500,270000,1998
3916,Skoda,Rapid,5,98000,Diesel,Manual,21.14,1500,635000,2011
7233,Mahindra,KUV,4,35000,Petrol,Manual,18.15,1200,450000,2016
4823,Maruti,Alto,15,100000,Petrol,Manual,19.7,800,62000,2000
8663,Toyota,Innova,14,150000,Diesel,Manual,12.8,2500,600000,2005
6787,Renault,Duster,7,75000,Diesel,Manual,20.45,1500,565000,2012
6113,Volkswagen,Polo,7,60000,Petrol,Manual,16.47,1200,312000,2010
11707,Mahindra,Bolero,8,22000,Diesel,Manual,15.96,2500,850000,2000
9721,Honda,City,6,50000,Petrol,Manual,17.4,1500,620000,1998
10761,Honda,Amaze,6,57000,Petrol,Manual,18.0,1200,390000,2013
4060,Ford,Freestyle,2,13133,Diesel,Manual,24.4,1500,880000,2018
7157,Mahindra,Scorpio,5,20000,Diesel,Manual,15.4,2000,879000,2002
530,Maruti,Ignis,3,20000,Petrol,Automatic,20.89,1200,550000,2017
12037,Maruti,Celerio,3,20067,Petrol,Manual,21.63,1000,410000,2014
7191,Maruti,Wagon R,14,42125,"Others (CNG,LPG)",Manual,17.3,1100,120000,1999
10735,Mercedes-Benz,C-Class,9,51000,Petrol,Automatic,14.74,2000,1190000,2001
12395,Hyundai,i20,9,71000,Petrol,Manual,17.0,1200,410000,2008
5827,Hyundai,Grand,6,45000,Petrol,Manual,18.9,1200,400000,2013
12446,Maruti,Swift,8,71000,Petrol,Manual,18.6,1200,470000,2005
11863,Honda,Jazz,3,4740,Petrol,Manual,18.7,1200,625000,2009
1851,Maruti,Swift,6,78000,Petrol,Manual,18.6,1200,450000,2005
7003,Maruti,Alto,3,5000,Petrol,Manual,24.7,800,300000,2000
13443,Volkswagen,Vento,8,57000,Diesel,Manual,22.27,1500,345000,2010
7937,Maruti,Alto,9,70000,Petrol,Manual,19.7,800,200000,2000
10749,Honda,Amaze,3,17511,Petrol,Automatic,19.0,1200,616000,2013
2405,Maruti,Ertiga,9,90000,Petrol,Manual,16.02,1400,480000,2012
222,Honda,City,3,12000,Petrol,Automatic,18.0,1500,960000,1998
7625,Maruti,Wagon R,7,76000,Petrol,Manual,21.79,1000,325000,1999
10256,Renault,KWID,4,20000,Petrol,Manual,23.01,1000,375000,2015
7926,Maruti,Wagon R,3,10983,Petrol,Manual,21.5,1200,425000,1999
9948,Honda,Civic,11,56000,Petrol,Manual,14.8,1800,360000,2006
2134,Maruti,Wagon R,5,30000,Petrol,Automatic,20.51,1000,425000,1999
6086,Maruti,Vitara,3,48622,Diesel,Manual,24.3,1250,850000,2016
13747,Honda,City,8,68000,Petrol,Manual,16.8,1500,500000,1998
4891,Hyundai,i20,5,70000,Diesel,Manual,22.54,1400,610000,2008
4169,Maruti,Wagon R,7,76470,Petrol,Manual,20.51,1000,310000,1999
13276,Honda,Jazz,4,52377,Petrol,Automatic,19.0,1200,785000,2009
14218,Mercedes-Benz,C-Class,10,40000,Petrol,Automatic,11.74,1800,850000,2001
4305,Mahindra,XUV500,9,100000,Diesel,Manual,15.1,2200,800000,2011
12300,Tata,Tiago,2,16876,Petrol,Manual,23.84,1200,498000,2016
6628,Maruti,Wagon R,13,86000,Petrol,Manual,18.9,1000,210000,1999
1413,Volkswagen,Polo,7,40266,Diesel,Manual,22.07,1200,475000,2010
3887,Maruti,Ertiga,7,72859,Diesel,Manual,20.77,1250,600000,2012
12945,Volkswagen,Polo,7,40000,Petrol,Manual,16.47,1200,575000,2010
4211,Ford,Ecosport,6,69000,Diesel,Manual,22.77,1500,599000,2013
1189,Maruti,Baleno,3,19000,Petrol,Manual,21.01,1200,675000,2015
10246,Maruti,Swift,4,60000,Diesel,Manual,28.4,1250,390000,2005
12142,Volkswagen,Polo,3,9339,Petrol,Manual,18.78,1000,750000,2010
10148,Maruti,Ertiga,2,22000,"Others (CNG,LPG)",Manual,26.8,1500,920000,2012
4471,Maruti,Baleno,2,10000,Petrol,Automatic,21.4,1200,650000,2015
11380,Maruti,Wagon R,8,51916,"Others (CNG,LPG)",Manual,32.52,1000,295000,1999
11923,Hyundai,i20,7,37000,Petrol,Manual,18.5,1200,425000,2008
12230,Maruti,Ignis,4,60000,Petrol,Manual,20.89,1200,530000,2017
15007,Maruti,Wagon R,16,50000,Petrol,Manual,18.9,1000,75000,1999
1519,Audi,Q7,7,40000,Diesel,Automatic,12.07,3000,2375000,2006
3311,Hyundai,i20,8,27000,Petrol,Manual,18.5,1200,425000,2008
15045,Maruti,Ciaz,4,26765,Petrol,Manual,20.73,1400,747000,2014
12939,Hyundai,Creta,2,40000,Diesel,Manual,22.1,1400,1100000,2015
1927,Toyota,Innova,5,51000,Diesel,Automatic,11.36,2800,1775000,2005
5585,Hyundai,i10,11,52000,Petrol,Manual,20.36,1200,280000,2007
14908,Toyota,Fortuner,3,68000,Diesel,Automatic,15.04,2800,3000000,2009
11174,Ford,Ecosport,6,50000,Diesel,Manual,21.7,1500,550000,2013
5701,Honda,Amaze,5,49000,Petrol,Manual,17.8,1200,495000,2013
1347,Tata,Tiago,2,10000,Petrol,Manual,23.84,1200,515000,2016
378,Hyundai,i10,7,40000,Petrol,Manual,20.36,1200,350000,2007
8416,Datsun,RediGO,4,13000,Petrol,Manual,22.7,800,215000,2016
12434,Hyundai,Elantra,3,22886,Diesel,Automatic,14.62,1500,1785000,2004
11775,Toyota,Fortuner,10,120000,Diesel,Manual,11.5,3000,850000,2009
1823,Ford,Figo,5,145000,Diesel,Manual,25.83,1500,400000,2010
96,Maruti,Baleno,3,7671,Petrol,Manual,21.01,1200,650000,2015
4638,Maruti,Swift,7,74100,Diesel,Manual,25.2,1250,451000,2005
12154,Maruti,Swift Dzire,9,110000,Diesel,Manual,19.3,1250,325000,2008
4760,Skoda,Rapid,4,10000,Petrol,Automatic,14.3,1600,1120000,2011
10478,Mercedes-Benz,E-Class,9,65000,Diesel,Automatic,14.21,2100,1300000,1996
7943,Maruti,Celerio,4,40000,Petrol,Manual,23.1,1000,360000,2014
9049,Honda,Amaze,7,44000,Petrol,Manual,18.0,1200,330000,2013
13237,Honda,Amaze,2,8760,Petrol,Automatic,19.0,1200,800000,2013
7050,Mahindra,KUV,3,5000,Petrol,Manual,18.15,1200,419000,2016
6329,Volkswagen,Polo,6,117089,Diesel,Manual,20.14,1500,450000,2010
7991,Maruti,Wagon R,3,52000,Petrol,Manual,21.79,1000,380000,1999
7728,Hyundai,i10,9,25000,Petrol,Manual,19.81,1100,200000,2007
9121,Ford,Ecosport,7,38125,Diesel,Manual,22.7,1500,525000,2013
5006,Volkswagen,Vento,6,50000,Diesel,Manual,22.27,1500,550000,2010
1787,Maruti,Vitara,5,83000,Diesel,Manual,24.3,1250,650000,2016
14768,Volkswagen,Polo,7,78000,Diesel,Manual,20.14,1500,450000,2010
6132,Honda,Jazz,3,68000,Diesel,Manual,27.3,1500,725000,2009
14962,Maruti,Alto,11,80000,Petrol,Manual,20.92,1000,160000,2000
5762,Maruti,Swift,3,50000,Diesel,Manual,28.4,1250,750000,2005
6912,Maruti,Baleno,1,25000,Petrol,Manual,21.01,1200,700000,2015
4261,Hyundai,i20,2,47527,Diesel,Manual,22.54,1400,900000,2008
419,Maruti,Ertiga,3,50000,Petrol,Manual,17.5,1400,700000,2012
12996,Honda,City,12,65000,Petrol,Manual,17.0,1500,275000,1998
7222,Maruti,Wagon R,14,53000,Petrol,Manual,18.9,1100,121000,1999
13689,Renault,KWID,5,24000,Petrol,Manual,25.17,800,375000,2015
15371,Maruti,Swift,5,50000,Diesel,Manual,25.2,1250,520000,2005
7489,Hyundai,Verna,9,92570,Diesel,Manual,22.32,1600,450000,2006
2852,Volkswagen,Vento,10,76000,Diesel,Manual,20.54,1600,310000,2010
2641,Maruti,Alto,6,70000,Petrol,Manual,22.74,800,240000,2000
4089,Tata,Safari,9,100000,Diesel,Manual,13.93,2200,400000,1998
1692,Maruti,Alto,13,80000,Petrol,Manual,19.7,800,135000,2000
4634,Hyundai,i20,4,24000,Petrol,Manual,18.6,1200,725000,2008
2131,Tata,Tiago,3,7000,Petrol,Manual,24.0,1200,525000,2016
14044,Tata,Hexa,3,44000,Diesel,Automatic,17.6,2200,1400000,2017
1168,Honda,Amaze,1,12000,Petrol,Manual,18.6,1200,785000,2013
14007,Volkswagen,Polo,7,25000,Petrol,Manual,16.47,1200,450000,2010
11184,Maruti,Alto,4,110000,Petrol,Manual,23.95,1000,250000,2000
3243,Toyota,Innova,10,217000,Diesel,Manual,12.8,2500,620000,2005
4536,Maruti,Alto,4,54938,Petrol,Manual,24.7,800,300000,2000
15177,Hyundai,i20,11,64000,Petrol,Manual,18.5,1200,375000,2008
13005,Mercedes-Benz,E-Class,10,55000,Diesel,Automatic,14.21,2100,1299000,1996
3183,Toyota,Innova,9,112000,Diesel,Manual,12.99,2500,710000,2005
3043,Maruti,Swift Dzire,3,29500,Petrol,Automatic,21.21,1200,745000,2008
7081,Honda,Amaze,5,103000,Diesel,Manual,25.8,1500,525000,2013
7747,Maruti,Ertiga,7,48000,Diesel,Manual,20.77,1250,570000,2012
12936,Hyundai,i20,3,30000,Petrol,Manual,18.6,1200,850000,2008
6432,Mahindra,Bolero,7,80000,Diesel,Manual,15.96,2500,550000,2000
7678,Maruti,Alto,4,40000,Petrol,Manual,23.95,1000,350000,2000
3143,Hyundai,Creta,6,73000,Petrol,Manual,15.29,1600,790000,2015
8013,Maruti,Swift Dzire,4,10000,Petrol,Automatic,22.0,1200,780000,2008
10630,Hyundai,Creta,4,32000,Petrol,Manual,15.8,1600,1095000,2015
1406,Volkswagen,Vento,7,59000,Petrol,Manual,15.04,1600,450000,2010
12184,Tata,Hexa,4,30000,Diesel,Manual,17.6,2200,1250000,2017
8102,Tata,Tiago,3,20000,Petrol,Manual,23.84,1200,470000,2016
14545,Hyundai,i20,4,50000,Petrol,Manual,18.6,1200,546000,2008
5075,Hyundai,Grand,1,14000,Petrol,Automatic,20.7,1200,690000,2013
14873,Hyundai,Creta,4,33000,Petrol,Manual,15.8,1600,1140000,2015
7282,Hyundai,i20,5,62000,Petrol,Manual,18.6,1200,500000,2008
13348,Ford,Ecosport,7,58000,Diesel,Manual,22.7,1500,475000,2013
1190,BMW,3,6,70000,Diesel,Automatic,18.88,2000,1750000,2007
4248,Maruti,Swift Dzire,6,43000,Petrol,Manual,20.85,1200,625000,2008
14558,Honda,City,13,110000,Petrol,Manual,17.0,1500,175000,1998
11189,Maruti,Vitara,3,18000,Diesel,Automatic,24.3,1250,931000,2016
2793,Maruti,Vitara,4,85000,Diesel,Manual,24.3,1250,735000,2016
8905,Maruti,Swift Dzire,2,7000,Diesel,Manual,28.4,1250,890000,2008
14283,Hyundai,i20,11,78500,Diesel,Manual,23.0,1400,200000,2008
4731,Toyota,Innova,4,14000,Diesel,Automatic,13.68,2400,2200000,2005
9998,Maruti,Ciaz,4,39000,Diesel,Manual,26.21,1250,650000,2014
12308,Mahindra,XUV500,8,92000,Diesel,Manual,15.1,2200,885000,2011
1533,Skoda,Rapid,6,28800,Petrol,Automatic,14.3,1600,625000,2011
11969,Hyundai,Grand,4,33000,Petrol,Manual,18.9,1200,435000,2013
7866,Hyundai,Verna,15,120000,Diesel,Manual,18.1,1500,135000,2006
6115,Honda,City,5,54000,Diesel,Manual,26.0,1500,750000,1998
3332,Honda,City,7,74000,Diesel,Manual,26.0,1500,590000,1998
11569,Hyundai,Verna,8,78000,Diesel,Manual,22.32,1600,450000,2006
14103,Renault,Duster,7,73000,Diesel,Manual,19.01,1500,635000,2012
11015,Mahindra,XUV500,8,61845,Diesel,Manual,15.1,2200,575000,2011
13924,Hyundai,i20,7,69500,Diesel,Manual,21.9,1400,500000,2008
5277,Maruti,Eeco,6,58500,Petrol,Manual,15.37,1200,349000,2010
3691,Datsun,GO,6,20000,Petrol,Manual,20.63,1200,250000,2014
4185,BMW,3,6,40000,Diesel,Automatic,19.59,2000,3000000,2007
13299,Volkswagen,Polo,4,37450,Petrol,Automatic,17.21,1200,895000,2010
13726,BMW,X1,10,210000,Diesel,Automatic,17.05,2000,800000,2010
3500,Maruti,Swift,7,35734,Petrol,Manual,21.21,1200,440000,2005
11121,Mercedes-Benz,C-Class,8,51000,Diesel,Automatic,19.27,2100,1290000,2001
4476,Maruti,Baleno,3,35000,Diesel,Manual,27.39,1250,700000,2015
3200,Honda,Amaze,7,90000,Diesel,Manual,25.8,1500,375000,2013
6124,Maruti,Swift,5,80000,Petrol,Manual,21.21,1200,390000,2005
3237,Maruti,Alto,9,17000,Petrol,Manual,20.92,1000,180000,2000
5527,Hyundai,Grand,3,16000,Diesel,Manual,24.0,1200,625000,2013
5360,Skoda,Rapid,4,130200,Diesel,Automatic,21.72,1500,650000,2011
2126,Mahindra,Scorpio,6,82000,Diesel,Manual,15.4,2200,925000,2002
1627,Hyundai,Verna,4,51000,Diesel,Automatic,22.0,1600,980000,2006
10369,Maruti,Ciaz,2,14000,Petrol,Manual,21.56,1500,825000,2014
6735,Skoda,Superb,2,8500,Diesel,Automatic,18.19,2000,3550000,2004
1470,Hyundai,Creta,4,60000,Petrol,Manual,15.8,1600,825000,2015
1537,Toyota,Innova,13,184000,Diesel,Manual,12.8,2500,480000,2005
4505,Renault,KWID,5,46260,Petrol,Manual,22.3,800,365000,2015
608,Maruti,Alto,14,52235,Petrol,Manual,19.7,800,110000,2000
3340,Maruti,Ertiga,5,57246,Diesel,Manual,25.47,1250,850000,2012
11241,Hyundai,Creta,6,77559,Diesel,Manual,19.67,1600,860000,2015
100,Hyundai,Verna,6,120000,Diesel,Manual,23.9,1600,660000,2006
2284,Maruti,Alto,6,90145,Petrol,Manual,22.74,800,290000,2000
10573,Maruti,Wagon R,9,61000,"Others (CNG,LPG)",Manual,26.6,1000,240000,1999
15306,BMW,X1,3,39000,Diesel,Automatic,20.68,2000,2900000,2010
1420,Honda,Amaze,6,28000,Petrol,Manual,18.0,1200,450000,2013
9424,Hyundai,Verna,12,55000,Petrol,Manual,13.9,1600,235000,2006
8181,Maruti,Swift,6,25000,Petrol,Manual,20.4,1200,380000,2005
2349,Maruti,Wagon R,8,40000,Petrol,Manual,18.9,1000,320000,1999
5284,Hyundai,Creta,5,98921,Diesel,Manual,21.38,1400,850000,2015
12889,Skoda,Rapid,7,52135,Diesel,Manual,20.5,1600,610000,2011
10008,Toyota,Innova,3,36000,Diesel,Manual,13.68,2400,1600000,2005
2674,Maruti,Ciaz,3,25000,Petrol,Manual,20.65,1500,765000,2014
13788,Volkswagen,Polo,5,86400,Diesel,Manual,20.14,1500,565000,2010
2694,Maruti,Wagon R,6,40000,Petrol,Automatic,20.51,1000,450000,1999
13855,Maruti,Ciaz,2,8500,Petrol,Manual,21.56,1500,950000,2014
12069,Maruti,Swift Dzire,7,76000,Diesel,Manual,23.4,1250,540000,2008
8346,BMW,3,4,35000,Diesel,Automatic,21.76,2000,3100000,2007
3735,Hyundai,i10,9,69000,"Others (CNG,LPG)",Manual,19.0,1100,295000,2007
3642,Skoda,Rapid,4,19000,Petrol,Manual,15.0,1600,725000,2011
5490,Toyota,Innova,13,120000,Diesel,Manual,12.8,2500,600000,2005
7637,BMW,X1,3,18000,Diesel,Automatic,19.62,2000,3350000,2010
10101,BMW,X1,6,25000,Diesel,Automatic,17.05,2000,1750000,2010
8479,Skoda,Octavia,5,80500,Diesel,Automatic,19.3,2000,1600000,2001
1616,Maruti,Vitara,4,55000,Diesel,Manual,24.3,1250,925000,2016
8250,Maruti,Vitara,4,100000,Diesel,Manual,24.3,1250,760000,2016
861,Hyundai,Grand,6,55000,Petrol,Manual,18.9,1200,360000,2013
3319,Maruti,Swift Dzire,8,79000,Diesel,Manual,23.4,1250,486000,2008
14886,Maruti,Celerio,4,20000,Petrol,Automatic,23.1,1000,450000,2014
1333,Ford,Ecosport,7,37000,Diesel,Manual,22.7,1500,590000,2013
6416,BMW,5,4,20000,Diesel,Automatic,18.59,3000,5350000,2007
9000,Honda,WR-V,4,33000,Diesel,Manual,25.5,1500,699000,2017
12647,Skoda,Octavia,14,120000,Diesel,Manual,18.7,1900,271000,2001
895,Mahindra,Scorpio,10,60000,Diesel,Manual,12.05,2200,556000,2002
2476,Mahindra,XUV500,4,62000,Diesel,Manual,16.0,2200,1345000,2011
1464,Maruti,Swift Dzire,8,33537,Petrol,Manual,19.1,1200,420000,2008
2000,Volkswagen,Polo,8,60000,Petrol,Manual,16.47,1200,350000,2010
2708,Hyundai,i10,9,62000,Petrol,Manual,19.81,1100,255000,2007
13189,Maruti,Swift,3,26000,Petrol,Manual,22.0,1200,610000,2005
13406,Maruti,Swift Dzire,5,189000,Petrol,Manual,19.0,1200,340000,2008
12926,Maruti,Swift,2,30000,Diesel,Automatic,28.4,1250,875000,2005
1585,Maruti,Ertiga,4,70000,Diesel,Manual,24.52,1250,910000,2012
12083,Mercedes-Benz,S-Class,7,35000,Petrol,Automatic,13.0,3000,2575000,1994
4596,Toyota,Innova,13,216000,Diesel,Manual,12.99,2500,475000,2005
12118,Maruti,Ertiga,7,77000,Diesel,Manual,20.77,1250,640000,2012
3717,Maruti,Alto,9,33700,Petrol,Manual,20.92,1000,200000,2000
3444,Skoda,Superb,10,20000,Diesel,Automatic,17.2,2000,700000,2004
11747,Mahindra,Bolero,6,145000,Diesel,Manual,15.96,2500,499000,2000
2602,Volkswagen,Polo,10,65894,Petrol,Manual,16.47,1200,375000,2010
10638,Hyundai,i10,10,80292,Petrol,Manual,20.36,1200,200000,2007
2151,Honda,City,14,62683,Petrol,Automatic,16.4,1500,225000,1998
12005,Ford,Ecosport,4,36600,Diesel,Manual,22.77,1500,750000,2013
10019,Mahindra,Thar,5,25000,Diesel,Manual,16.55,2500,900000,2010
2811,Hyundai,Elantra,8,112087,Diesel,Automatic,19.5,1600,651000,2004
13018,Maruti,Vitara,5,65000,Diesel,Manual,24.3,1250,751000,2016
7460,Renault,Duster,6,25000,Petrol,Manual,13.24,1600,450000,2012
11463,Maruti,Swift Dzire,3,72000,Diesel,Manual,28.4,1250,680000,2008
4905,Audi,A4,10,38000,Diesel,Automatic,16.55,2000,1500000,2008
15204,Maruti,Swift Dzire,7,70000,Diesel,Manual,23.4,1250,575000,2008
5814,Toyota,Innova,7,148533,Diesel,Manual,12.99,2500,975000,2005
3253,Maruti,Alto,3,40737,Petrol,Manual,22.74,800,325000,2000
13627,Maruti,Swift,4,25000,Petrol,Manual,20.4,1200,415000,2005
1329,Toyota,Innova,4,50000,Petrol,Manual,11.25,2700,1500000,2005
15093,Ford,Ecosport,6,40000,Petrol,Manual,18.88,1000,635000,2013
13977,Maruti,Wagon R,11,55000,Petrol,Manual,18.9,1000,250000,1999
4050,Maruti,Swift,5,100000,Diesel,Manual,25.2,1250,535000,2005
10564,Hyundai,Grand,4,23000,Petrol,Manual,18.9,1200,455000,2013
10704,Hyundai,i20,6,80000,Diesel,Manual,22.54,1400,450000,2008
14270,Honda,Amaze,6,37000,Petrol,Manual,18.0,1200,475000,2013
588,Mahindra,Thar,3,50000,Diesel,Manual,16.55,2500,900000,2010
10719,Maruti,Ertiga,2,25000,Diesel,Manual,25.47,1250,1075000,2012
6476,Hyundai,i10,12,70582,Petrol,Manual,19.81,1100,310000,2007
10916,Mercedes-Benz,C-Class,10,67000,Petrol,Automatic,11.74,1800,950000,2001
9952,Audi,A6,9,43000,Diesel,Automatic,17.68,2000,1325000,2005
8391,Maruti,Celerio,2,20000,Petrol,Automatic,23.1,1000,565000,2014
159,Maruti,Alto,2,25000,Petrol,Manual,24.7,800,310000,2000
5199,Maruti,Swift Dzire,5,80000,Diesel,Manual,19.3,1250,600000,2008
14261,Honda,City,7,82911,Diesel,Manual,26.0,1500,580000,1998
9864,Honda,City,10,70778,Petrol,Manual,17.0,1500,360000,1998
7759,Tata,Tigor,4,40159,Petrol,Manual,20.3,1200,440000,2017
1477,Skoda,Octavia,6,50000,Diesel,Automatic,19.3,2000,1050000,2001
8652,Maruti,Wagon R,5,40000,Petrol,Manual,20.51,1000,300000,1999
13853,Honda,Jazz,4,41000,Petrol,Automatic,18.2,1200,725000,2009
7793,Maruti,Swift Dzire,6,60000,Diesel,Manual,26.59,1250,620000,2008
2257,Hyundai,Grand,5,198000,Petrol,Manual,18.9,1200,410000,2013
4690,Renault,Duster,8,80000,Diesel,Manual,19.87,1500,450000,2012
5517,Maruti,Wagon R,12,96547,Petrol,Manual,18.9,1100,290000,1999
11442,Maruti,Vitara,3,44000,Diesel,Manual,24.3,1250,840000,2016
2423,Maruti,Swift Dzire,9,61000,Diesel,Manual,23.4,1250,455000,2008
4611,Mahindra,XUV500,8,90000,Diesel,Manual,15.1,2200,850000,2011
3948,Honda,Jazz,4,70000,Diesel,Manual,27.3,1500,625000,2009
7981,Maruti,Vitara,4,25000,Diesel,Manual,24.3,1250,925000,2016
431,Hyundai,Grand,6,35000,Petrol,Manual,18.9,1200,356000,2013
6599,Maruti,Swift Dzire,5,52000,Diesel,Manual,26.59,1250,650000,2008
3973,Honda,Amaze,2,8000,Diesel,Manual,27.4,1500,875000,2013
6318,Volkswagen,Vento,7,62543,Petrol,Manual,16.09,1600,621000,2010
4650,Hyundai,Grand,7,31000,Petrol,Manual,18.9,1200,450000,2013
5746,Honda,Amaze,5,120000,Diesel,Manual,25.8,1500,470000,2013
9257,Ford,Ecosport,2,40000,Diesel,Manual,23.0,1500,1100000,2013
9733,Toyota,Innova,4,68745,Diesel,Manual,13.68,2400,1631000,2005
4809,Maruti,Swift Dzire,4,70000,Diesel,Manual,28.4,1250,690000,2008
5261,Hyundai,Grand,5,63821,Diesel,Manual,24.0,1200,445000,2013
1205,Maruti,Alto,6,35100,Petrol,Manual,23.95,1000,290000,2000
10175,BMW,5,2,8100,Diesel,Automatic,18.12,2000,5005000,2007
2820,Honda,Amaze,6,43251,Diesel,Manual,25.8,1500,515000,2013
9552,Maruti,Ciaz,4,64000,Diesel,Manual,28.09,1250,710000,2014
9154,Maruti,Eeco,3,35000,"Others (CNG,LPG)",Manual,21.94,1200,380000,2010
8841,Ford,Figo,5,35000,Petrol,Manual,18.16,1200,500000,2010
567,Maruti,Swift Dzire,4,30000,Petrol,Manual,21.21,1200,650000,2008
8123,Maruti,Swift,6,95000,Diesel,Manual,25.2,1250,480000,2005
10410,Honda,City,7,68000,Diesel,Manual,26.0,1500,495000,1998
13772,Volkswagen,Polo,9,39000,Diesel,Manual,22.07,1200,365000,2010
13987,Maruti,Ertiga,3,76000,Diesel,Manual,24.52,1250,960000,2012
14515,Maruti,Swift Dzire,3,58100,Diesel,Manual,28.4,1250,790000,2008
7800,Mahindra,Bolero,4,90000,Diesel,Manual,15.96,2500,750000,2000
14459,Hyundai,Grand,4,10000,Petrol,Automatic,18.9,1200,585000,2013
6576,Maruti,Wagon R,4,86000,Petrol,Manual,18.9,1000,410000,1999
1604,Toyota,Innova,4,7000,Diesel,Manual,13.68,2400,1895000,2005
12978,Volkswagen,Vento,9,57500,Petrol,Automatic,14.4,1600,350000,2010
5042,Datsun,RediGO,3,20000,Petrol,Manual,22.7,800,425000,2016
13915,Hyundai,Grand,7,55738,Petrol,Automatic,18.9,1200,440000,2013
12716,Honda,City,8,57000,Petrol,Manual,17.0,1500,590000,1998
3877,Maruti,Ertiga,6,133000,Diesel,Manual,20.77,1250,650000,2012
6632,Toyota,Innova,4,25000,Diesel,Manual,13.68,2400,1850000,2005
1029,Maruti,Ertiga,9,40000,Diesel,Manual,20.77,1250,650000,2012
9909,Tata,Safari,6,80000,Diesel,Manual,14.1,2200,675000,1998
9574,Mercedes-Benz,GL-Class,5,35000,Diesel,Automatic,11.3,3000,4300000,2010
8547,Maruti,Swift,2,23000,Petrol,Manual,21.21,1200,600000,2005
3866,Honda,City,6,120000,Diesel,Manual,26.0,1500,600000,1998
6161,Maruti,Ciaz,5,86000,Diesel,Manual,28.09,1250,640000,2014
2109,Renault,Duster,8,38900,Diesel,Manual,19.87,1500,500000,2012
13283,Volkswagen,Vento,8,34000,Petrol,Manual,15.04,1600,400000,2010
8245,Maruti,Alto,2,5000,Petrol,Manual,23.95,1000,390000,2000
1650,Volkswagen,Vento,4,64253,Diesel,Manual,20.64,1500,850000,2010
11842,Hyundai,i10,9,25000,Petrol,Manual,20.36,1200,375000,2007
4953,Hyundai,i20,10,111000,Diesel,Manual,23.0,1400,399000,2008
11794,Maruti,Swift,8,101271,Diesel,Manual,22.9,1250,480000,2005
14657,Maruti,Ciaz,5,80000,Diesel,Manual,28.09,1250,720000,2014
5374,Hyundai,Creta,3,5000,Diesel,Manual,21.38,1400,990000,2015
10373,Maruti,Ciaz,2,2500,Petrol,Manual,20.73,1400,849000,2014
13637,Maruti,Swift Dzire,9,76000,Diesel,Manual,19.3,1250,435000,2008
9561,Hyundai,Verna,4,28000,Diesel,Manual,23.9,1600,825000,2006
11859,Maruti,Ertiga,9,120000,Diesel,Manual,20.77,1250,360000,2012
10427,Maruti,Vitara,4,75000,Diesel,Manual,24.3,1250,775000,2016
12297,Maruti,Swift Dzire,6,52000,Diesel,Manual,26.59,1250,490000,2008
3105,Mahindra,KUV,5,20200,Diesel,Manual,25.32,1200,435000,2016
4299,Maruti,Baleno,6,43642,Petrol,Manual,21.4,1200,629000,2015
13145,Maruti,Baleno,4,21000,Petrol,Automatic,19.56,1200,680000,2015
13219,Toyota,Innova,10,68830,Diesel,Manual,12.8,2500,685000,2005
264,Maruti,Swift Dzire,11,44000,Petrol,Manual,19.1,1200,250000,2008
8126,Hyundai,Grand,5,65000,Petrol,Manual,18.9,1200,475000,2013
12913,Maruti,Ciaz,4,38629,Diesel,Manual,28.09,1250,725000,2014
657,Honda,City,7,100000,Diesel,Manual,26.0,1500,570000,1998
8283,Mahindra,Scorpio,7,100000,Diesel,Manual,12.05,2200,590000,2002
3382,Ford,Figo,10,49000,Petrol,Manual,15.6,1200,215000,2010
6370,Honda,CR-V,17,60000,Petrol,Automatic,13.1,2000,525000,2003
1817,Maruti,Baleno,6,47000,Petrol,Manual,21.4,1200,570000,2015
8316,Honda,City,10,102620,Petrol,Manual,17.0,1500,430000,1998
1239,Honda,City,6,40000,Diesel,Manual,25.1,1500,620000,1998
1593,Tata,Nexon,3,33000,Diesel,Automatic,21.5,1500,951000,2017
3292,Mahindra,XUV500,9,48000,Diesel,Manual,15.1,2200,695000,2011
10939,Mercedes-Benz,GL-Class,7,90000,Diesel,Automatic,12.0,3000,3200000,2010
15279,Ford,Ecosport,2,14000,Diesel,Manual,23.0,1500,1240000,2013
10371,Toyota,Fortuner,3,32000,Diesel,Automatic,12.9,2800,2950000,2009
7144,Maruti,Alto,4,7000,Petrol,Manual,23.95,1000,300000,2000
8520,Maruti,Wagon R,14,80000,"Others (CNG,LPG)",Manual,17.3,1100,125000,1999
14983,Maruti,Wagon R,10,70000,Petrol,Manual,18.9,1000,185000,1999
8154,Maruti,Swift Dzire,4,50907,Diesel,Automatic,26.59,1250,680000,2008
11176,Honda,Amaze,3,17000,Petrol,Automatic,18.3,1200,600000,2013
7464,Maruti,Ignis,3,20000,Petrol,Manual,20.89,1200,520000,2017
13089,Hyundai,i20,4,35000,Diesel,Manual,22.54,1400,580000,2008
8045,Maruti,Wagon R,5,40000,Petrol,Manual,20.51,1000,325000,1999
12874,Hyundai,i20,6,24000,Diesel,Manual,23.0,1400,660000,2008
1923,Maruti,Wagon R,5,51000,"Others (CNG,LPG)",Manual,26.6,1000,375000,1999
14540,Tata,Safari,8,120000,Diesel,Manual,14.0,2200,480000,1998
2834,Hyundai,i10,8,42020,Petrol,Manual,20.36,1200,365000,2007
15195,Honda,City,5,45904,Petrol,Automatic,18.0,1500,875000,1998
14730,Hyundai,Grand,7,24000,Petrol,Automatic,18.9,1200,455000,2013
7026,Ford,Figo,7,61000,Diesel,Manual,20.0,1400,420000,2010
14595,Hyundai,i20,5,50000,Petrol,Manual,18.6,1200,530000,2008
6097,Mahindra,Bolero,10,70000,Diesel,Manual,13.6,2500,400000,2000
10962,Hyundai,Creta,5,110000,Diesel,Manual,21.38,1400,720000,2015
10412,Honda,Amaze,6,29428,Petrol,Manual,18.6,1200,355000,2013
2176,Hyundai,i20,9,48000,Petrol,Manual,17.0,1200,310000,2008
7845,Renault,KWID,4,25000,Petrol,Manual,25.17,800,300000,2015
9015,Mahindra,Bolero,6,107107,Diesel,Manual,15.96,2500,525000,2000
2872,Maruti,Swift Dzire,6,180000,Diesel,Manual,26.59,1250,560000,2008
6999,Maruti,Wagon R,9,37300,Petrol,Manual,18.9,1000,275000,1999
6809,Maruti,Alto,12,80000,Petrol,Manual,19.7,800,250000,2000
6692,Hyundai,i10,9,34000,Petrol,Manual,20.36,1200,375000,2007
1807,Skoda,Superb,6,59000,Diesel,Automatic,17.2,2000,1245000,2004
5204,Hyundai,Creta,4,71000,Petrol,Manual,15.29,1600,899000,2015
3492,Mahindra,KUV,5,21000,Petrol,Manual,18.15,1200,400000,2016
7901,Hyundai,Creta,3,35000,Diesel,Manual,19.67,1600,1330000,2015
7182,Hyundai,i10,11,80000,Petrol,Manual,20.36,1200,160000,2007
4215,Toyota,Fortuner,9,74896,Diesel,Manual,12.55,3000,1400000,2009
11270,Maruti,Alto,14,90000,Petrol,Manual,19.7,800,80000,2000
2090,Mahindra,Bolero,10,31000,Diesel,Manual,16.5,1500,448000,2000
7841,Maruti,Alto,3,25000,Petrol,Manual,24.7,800,275000,2000
11163,Audi,A4,9,81000,Diesel,Automatic,15.2,2000,1000000,2008
9539,Maruti,Swift,3,20002,Petrol,Manual,22.0,1200,575000,2005
1908,Maruti,Baleno,4,34428,Petrol,Manual,21.4,1200,625000,2015
7864,Maruti,Alto,4,30000,Petrol,Manual,24.7,800,250000,2000
8197,Maruti,Alto,4,36000,Petrol,Manual,24.7,800,275000,2000
12165,Tata,Safari,9,90000,Diesel,Manual,11.57,2200,330000,1998
1686,BMW,3,6,44000,Diesel,Automatic,19.59,2000,2300000,2007
12102,Maruti,Swift,8,90000,Diesel,Manual,22.9,1250,430000,2005
8054,Toyota,Fortuner,6,290000,Diesel,Automatic,12.55,3000,1600000,2009
15047,Hyundai,i20,2,30000,Petrol,Manual,18.6,1200,590000,2008
375,Maruti,Alto,9,28000,Petrol,Manual,19.7,800,180000,2000
2461,Maruti,Swift,3,8260,Petrol,Manual,22.0,1200,582000,2005
4081,Maruti,Swift Dzire,10,120000,Diesel,Manual,19.3,1250,350000,2008
3902,Maruti,Swift Dzire,2,57000,Diesel,Manual,28.4,1250,750000,2008
13549,Volkswagen,Polo,7,35000,Petrol,Manual,16.47,1200,530000,2010
8079,Hyundai,Grand,2,10000,Petrol,Automatic,18.9,1200,625000,2013
6969,Tata,Tiago,3,40000,Diesel,Manual,27.28,1050,350000,2016
7535,Hyundai,Creta,5,21000,Diesel,Automatic,17.01,1600,1100000,2015
11054,Hyundai,Creta,5,79000,Diesel,Automatic,17.01,1600,970000,2015
5082,Honda,City,5,129000,Petrol,Manual,17.8,1500,725000,1998
5867,Jaguar,XF,7,40000,Diesel,Automatic,14.74,3000,3400000,2009
389,Renault,Duster,6,68000,Diesel,Manual,19.87,1500,550000,2012
13360,Maruti,Wagon R,8,34000,Petrol,Manual,18.9,1000,300000,1999
3108,Maruti,Wagon R,4,25649,Petrol,Automatic,21.5,1200,470000,1999
12720,BMW,3,8,50000,Petrol,Automatic,14.59,2000,1800000,2007
2999,Mahindra,Bolero,11,90000,Diesel,Manual,13.6,2500,400000,2000
5941,Mahindra,Bolero,6,56453,Diesel,Manual,13.6,2500,650000,2000
6577,Maruti,Alto,2,8300,Petrol,Manual,24.7,800,330000,2000
11723,Tata,Tiago,5,13552,Petrol,Manual,23.84,1200,450000,2016
4164,Volkswagen,Polo,4,50000,Diesel,Manual,20.14,1500,790000,2010
2964,Maruti,Wagon R,5,22756,Petrol,Manual,21.79,1000,421000,1999
12313,Maruti,Wagon R,8,20670,Petrol,Manual,20.51,1000,345000,1999
7798,Renault,KWID,5,25500,Petrol,Manual,23.01,1000,270000,2015
7124,Maruti,Swift Dzire,6,30000,Petrol,Manual,20.85,1200,420000,2008
6937,Maruti,Swift Dzire,6,120000,Diesel,Manual,26.59,1250,500000,2008
2572,Toyota,Innova,3,27000,Diesel,Automatic,13.68,2400,1890000,2005
8,Hyundai,Venue,2,20000,Petrol,Automatic,18.15,1000,1050000,2019
6941,Maruti,Swift,5,86448,Diesel,Manual,28.4,1250,525000,2005
14097,Hyundai,i20,4,50000,Petrol,Manual,18.6,1200,585000,2008
7509,Datsun,RediGO,4,20260,Petrol,Manual,22.5,1000,245000,2016
10155,Maruti,Wagon R,7,46000,Petrol,Manual,20.51,1000,320000,1999
2536,Hyundai,i20,11,49000,Petrol,Manual,18.5,1200,260000,2008
10070,Jaguar,XF,8,40000,Diesel,Automatic,16.36,2200,1700000,2009
3651,Maruti,Swift,4,64874,Diesel,Manual,25.2,1250,635000,2005
108,Hyundai,i10,7,32111,Petrol,Manual,19.81,1100,310000,2007
7909,Mahindra,Bolero,13,95000,Diesel,Manual,13.6,2500,300000,2000
12174,Hyundai,i20,9,90000,Diesel,Manual,23.0,1400,500000,2008
6946,Honda,Amaze,2,16000,Petrol,Manual,19.5,1200,725000,2013
3746,BMW,3,4,30000,Petrol,Automatic,15.34,2000,4000000,2007
13254,Ford,Ecosport,4,63000,Petrol,Manual,15.9,1500,865000,2013
12290,Maruti,Swift,11,100000,Diesel,Manual,17.8,1250,217000,2005
13372,Maruti,Swift Dzire,5,80000,Diesel,Manual,26.59,1250,450000,2008
3861,Renault,KWID,5,87000,Petrol,Manual,22.3,800,325000,2015
6284,Hyundai,Grand,6,63471,Diesel,Manual,24.0,1100,508000,2013
8099,Maruti,Swift Dzire,6,212000,Petrol,Manual,19.0,1200,200000,2008
3452,BMW,3,8,42000,Diesel,Automatic,18.88,2000,1355000,2007
14757,Hyundai,Verna,9,100000,Diesel,Manual,22.32,1600,400000,2006
5798,Ford,Ecosport,6,52000,Diesel,Manual,23.0,1500,650000,2013
8536,Mahindra,KUV,4,5000,Petrol,Manual,18.15,1200,356000,2016
1170,Hyundai,i20,2,12973,Petrol,Manual,18.6,1200,690000,2008
13791,Hyundai,Verna,2,15000,Petrol,Manual,17.0,1600,970000,2006
8831,Hyundai,i20,10,50000,Diesel,Manual,23.0,1400,350000,2008
1419,Ford,Ecosport,4,39601,Petrol,Manual,15.9,1500,650000,2013
15019,Honda,Civic,15,100000,Petrol,Manual,13.5,1800,120000,2006
5569,Ford,Figo,8,43000,Petrol,Manual,15.6,1200,410000,2010
4990,Toyota,Innova,5,100000,Diesel,Manual,13.68,2400,1600000,2005
6768,Hyundai,Grand,6,19600,Petrol,Automatic,18.9,1200,525000,2013
6681,Hyundai,i20,6,72000,Petrol,Manual,18.6,1200,525000,2008
11338,Hyundai,Verna,7,43500,Petrol,Manual,17.43,1400,520000,2006
3374,Hyundai,i10,9,24750,Petrol,Manual,20.36,1200,300000,2007
7105,Volkswagen,Polo,2,12600,Petrol,Manual,16.2,1200,625000,2010
15017,Renault,KWID,6,30000,Petrol,Manual,25.17,800,315000,2015
12580,Maruti,Swift,3,30000,Petrol,Manual,20.4,1200,480000,2005
4855,Maruti,Alto,4,27265,Petrol,Automatic,23.95,1000,371000,2000
13806,Hyundai,Verna,9,90000,Diesel,Manual,22.32,1600,630000,2006
2915,Toyota,Innova,7,175645,Diesel,Manual,12.8,2500,1050000,2005
8561,Hyundai,i20,5,30000,Petrol,Manual,18.6,1200,530000,2008
14840,Maruti,Alto,8,32000,Petrol,Manual,23.95,1000,240000,2000
3402,Ford,Ecosport,3,31668,Petrol,Automatic,14.8,1500,935000,2013
15358,Maruti,Ciaz,4,45166,Petrol,Manual,20.65,1500,825000,2014
2577,Hyundai,Verna,9,88221,Diesel,Manual,22.32,1600,511000,2006
11179,Volkswagen,Vento,8,58969,Diesel,Manual,20.54,1600,350000,2010
14864,Maruti,Ertiga,4,40000,Petrol,Automatic,17.03,1400,720000,2012
5630,Maruti,Baleno,4,44000,Diesel,Manual,27.39,1250,685000,2015
1166,Renault,Duster,5,55000,Diesel,Manual,19.87,1500,600000,2012
3538,Maruti,Ciaz,5,33582,Petrol,Automatic,19.12,1400,740000,2014
3208,Hyundai,i20,11,36704,Petrol,Manual,18.6,1200,280000,2008
13704,Toyota,Fortuner,7,266007,Diesel,Automatic,12.55,3000,1300000,2009
6227,Maruti,Swift,5,53000,Diesel,Manual,25.2,1250,610000,2005
8476,Datsun,GO,3,50000,Petrol,Manual,20.62,1200,440000,2014
6732,Honda,Amaze,5,61198,Diesel,Manual,25.8,1500,666000,2013
8632,Maruti,Alto,4,20000,Petrol,Manual,23.95,1000,350000,2000
6581,Honda,WR-V,3,16053,Diesel,Manual,25.5,1500,920000,2017
12600,Renault,KWID,5,38000,Petrol,Manual,25.17,800,375000,2015
7930,Maruti,Wagon R,15,45000,Petrol,Manual,21.79,1000,55000,1999
4538,Hyundai,Creta,4,54000,Diesel,Automatic,17.01,1600,1195000,2015
12626,Maruti,Ertiga,5,40000,Diesel,Manual,24.52,1250,810000,2012
13751,Maruti,Swift,9,49000,Petrol,Manual,21.21,1200,325000,2005
74,Hyundai,i20,5,22000,Petrol,Manual,18.5,1200,550000,2008
13651,Hyundai,Grand,5,41473,Petrol,Manual,18.9,1200,550000,2013
780,Ford,Figo,10,10000,Diesel,Manual,20.0,1400,250000,2010
5802,Mahindra,Scorpio,7,70000,Diesel,Manual,12.05,2200,595000,2002
1188,Honda,Civic,14,60000,Petrol,Automatic,12.9,1800,320000,2006
2743,Volkswagen,Polo,6,56606,Petrol,Automatic,17.21,1200,662000,2010
13606,Datsun,GO,6,450000,Petrol,Manual,20.63,1200,295000,2014
281,Mahindra,XUV500,8,63000,Diesel,Manual,15.1,2200,650000,2011
14784,Mercedes-Benz,C-Class,5,44000,Diesel,Automatic,19.27,2100,2675000,2001
13307,Maruti,Swift Dzire,8,60855,Petrol,Manual,19.1,1200,500000,2008
2791,Maruti,Swift,7,100000,Diesel,Manual,22.9,1250,485000,2005
366,Toyota,Fortuner,11,200000,Diesel,Manual,11.5,3000,1200000,2009
9248,Honda,Jazz,5,26000,Petrol,Manual,18.7,1200,500000,2009
14233,Maruti,Swift Dzire,2,50000,Petrol,Manual,21.21,1200,630000,2008
15224,Mahindra,Thar,2,12551,Diesel,Manual,16.55,2500,1025000,2010
11538,Maruti,Eeco,5,55000,"Others (CNG,LPG)",Manual,21.94,1200,270000,2010
3516,Volkswagen,Polo,7,39000,Petrol,Automatic,17.21,1200,565000,2010
10280,Toyota,Innova,7,52000,Diesel,Manual,12.99,2500,825000,2005
2902,Ford,Figo,9,69000,Diesel,Manual,20.0,1400,235000,2010
11629,Mahindra,XUV500,6,186000,Diesel,Manual,15.1,2200,1000000,2011
7377,Renault,Duster,8,100000,Diesel,Manual,19.01,1500,325000,2012
196,Maruti,Alto,8,46242,Petrol,Manual,20.92,1000,280000,2000
7532,Hyundai,Grand,7,52117,Petrol,Manual,18.9,1200,380000,2013
3889,Mercedes-Benz,C-Class,7,70000,Diesel,Automatic,14.84,2100,1350000,2001
1467,Hyundai,i20,5,40000,Petrol,Manual,17.19,1200,600000,2008
1682,Skoda,Superb,5,65000,Petrol,Automatic,14.67,1800,1515000,2004
611,Maruti,Swift Dzire,8,70000,Diesel,Manual,23.4,1250,385000,2008
9491,Honda,City,11,57000,Petrol,Automatic,16.8,1500,352000,1998
1169,Honda,City,7,70000,Petrol,Manual,17.4,1500,560000,1998
9381,Maruti,Alto,5,27648,"Others (CNG,LPG)",Manual,32.26,1000,325000,2000
10647,Hyundai,Creta,4,15000,Petrol,Automatic,13.0,1600,1200000,2015
4624,BMW,3,10,63500,Diesel,Automatic,16.07,2000,1150000,2007
15100,Hyundai,Grand,7,34400,Petrol,Manual,18.9,1200,495000,2013
8437,Maruti,Baleno,3,31000,Petrol,Manual,21.4,1200,630000,2015
12346,Honda,Amaze,7,80000,Diesel,Manual,25.8,1500,375000,2013
12179,Honda,City,10,71000,Petrol,Manual,16.8,1500,325000,1998
14607,Hyundai,i20,4,49000,Petrol,Manual,18.6,1200,664000,2008
2247,Tata,Nexon,4,17000,Petrol,Manual,17.0,1200,690000,2017
315,Maruti,Wagon R,7,30000,Petrol,Manual,20.51,1000,325000,1999
220,Mahindra,XUV500,4,50000,Diesel,Automatic,16.0,2200,1250000,2011
13573,Maruti,Ertiga,9,140000,Diesel,Manual,20.77,1250,500000,2012
15013,Volkswagen,Vento,5,39428,Petrol,Automatic,16.93,1200,651000,2010
15209,Hyundai,Grand,2,80000,Petrol,Automatic,18.9,1200,510000,2013
9820,Volkswagen,Polo,6,52752,Petrol,Manual,18.78,1200,390000,2010
10054,Maruti,Swift Dzire,11,65000,Petrol,Manual,17.5,1300,260000,2008
803,Maruti,Wagon R,16,90000,Petrol,Manual,14.0,1100,80000,1999
9908,Maruti,Wagon R,5,37208,"Others (CNG,LPG)",Manual,33.54,1000,365000,1999
3943,Maruti,Baleno,4,26917,Petrol,Manual,21.01,1200,645000,2015
14350,Honda,City,7,35000,Petrol,Manual,17.4,1500,500000,1998
12681,Honda,City,11,34178,Petrol,Manual,17.0,1500,430000,1998
3263,Mahindra,Bolero,7,45000,Diesel,Manual,16.5,1500,635000,2000
9042,Ford,Ecosport,8,39500,Petrol,Automatic,16.5,1500,449000,2013
2733,Maruti,Baleno,5,95000,Petrol,Manual,21.4,1200,550000,2015
3952,Maruti,Vitara,3,11000,Diesel,Manual,24.3,1250,900000,2016
86,Maruti,Swift Dzire,9,46000,Petrol,Manual,19.1,1200,370000,2008
2988,Maruti,Alto,11,53503,Petrol,Manual,19.7,800,175000,2000
10279,Honda,Jazz,5,54000,Diesel,Manual,27.3,1500,400000,2009
2888,Toyota,Innova,2,12500,Diesel,Manual,13.68,2400,1750000,2005
6278,BMW,X3,12,89791,Diesel,Automatic,16.55,3000,1350000,2007
4321,Mahindra,Bolero,8,108875,Diesel,Manual,15.96,2500,450000,2000
7906,Hyundai,i20,6,45000,Diesel,Manual,22.54,1400,550000,2008
11933,Hyundai,Verna,14,34000,Petrol,Manual,13.9,1600,200000,2006
917,Mahindra,XUV500,6,25000,Diesel,Manual,16.0,2200,1400000,2011
618,Datsun,RediGO,4,40000,Petrol,Manual,22.5,1000,295000,2016
12693,Maruti,Celerio,7,50000,Petrol,Automatic,23.1,1000,440000,2014
3283,Honda,City,5,21715,Petrol,Manual,17.8,1500,760000,1998
3742,Maruti,Ignis,3,10415,Petrol,Manual,20.89,1200,491000,2017
7910,Hyundai,Venue,2,25000,Diesel,Manual,23.7,1400,850000,2019
4697,Hyundai,i10,13,50000,Petrol,Manual,20.36,1200,175000,2007
10312,Toyota,Innova,4,55000,Diesel,Manual,13.68,2400,1450000,2005
15329,BMW,3,25,50000,Petrol,Automatic,11.9,2000,1000000,2007
8762,Renault,Duster,8,70000,Diesel,Manual,19.01,1500,400000,2012
11143,Hyundai,i20,3,12000,Petrol,Manual,18.6,1200,650000,2008
11922,Maruti,Swift Dzire,10,76000,Diesel,Manual,19.3,1250,385000,2008
10315,BMW,5,0,2000,Diesel,Automatic,22.48,2000,4850000,2007
2238,Mahindra,XUV500,8,60000,Diesel,Manual,15.1,2200,600000,2011
7042,Ford,Aspire,5,55000,Petrol,Manual,18.16,1200,460000,2015
10724,Maruti,Swift Dzire,7,55837,Petrol,Manual,17.5,1200,415000,2008
6303,Hyundai,Santro,12,57313,Petrol,Manual,17.92,1100,275000,1998
5000,Maruti,Swift Dzire,4,48300,Diesel,Manual,28.4,1250,350000,2008
686,Tata,Tiago,3,110000,Petrol,Manual,23.84,1200,400000,2016
10565,Hyundai,i20,11,85000,Petrol,Manual,17.0,1200,250000,2008
1789,Volkswagen,Vento,2,4200,Petrol,Manual,15.04,1600,875000,2010
9163,BMW,3,8,83000,Diesel,Automatic,18.88,2000,1155000,2007
10747,Honda,City,9,72000,Petrol,Manual,17.0,1500,450000,1998
2036,Mahindra,XUV500,6,43000,Diesel,Manual,15.1,2200,849000,2011
2432,Hyundai,Verna,8,83000,Petrol,Automatic,15.74,1600,500000,2006
1611,Honda,City,11,80000,Petrol,Automatic,16.8,1500,300000,1998
12892,Tata,Safari,9,77450,Diesel,Manual,13.93,2200,349000,1998
11361,Maruti,Swift Dzire,5,49000,Petrol,Manual,20.85,1200,485000,2008
4675,Hyundai,i20,6,75000,Diesel,Manual,23.0,1400,520000,2008
12334,Maruti,Baleno,1,2400,Petrol,Manual,21.01,1200,700000,2015
1822,Tata,Tiago,2,35000,Petrol,Manual,23.84,1200,490000,2016
12084,Maruti,Ertiga,4,80000,Diesel,Manual,24.52,1250,725000,2012
9011,Mahindra,Bolero,9,80000,Diesel,Manual,15.96,2500,450000,2000
9586,Mercedes-Benz,C-Class,8,38000,Diesel,Automatic,14.84,2100,1200000,2001
8870,Tata,Safari,10,40000,Diesel,Manual,13.93,2200,450000,1998
5944,Tata,Tiago,4,32000,Petrol,Manual,23.84,1200,480000,2016
7474,Renault,Duster,5,130000,Diesel,Manual,19.87,1500,595000,2012
2894,Volkswagen,Polo,9,45710,Petrol,Manual,16.47,1200,354000,2010
10520,Renault,Duster,6,61000,Diesel,Manual,19.87,1500,495000,2012
320,Maruti,Alto,7,65000,Petrol,Manual,23.95,1000,245000,2000
11604,Renault,KWID,2,10000,Petrol,Manual,23.01,1000,410000,2015
9541,Maruti,Alto,8,13910,Petrol,Manual,20.92,1000,230000,2000
1732,Maruti,Swift,3,25000,Petrol,Automatic,22.0,1200,630000,2005
1256,Mahindra,Scorpio,8,120000,Diesel,Manual,14.0,2500,500000,2002
2280,Maruti,Ertiga,4,54688,"Others (CNG,LPG)",Manual,17.5,1400,785000,2012
204,Hyundai,Santro,13,80000,Petrol,Manual,17.92,1100,110000,1998
8290,Ford,Ecosport,7,80000,Diesel,Manual,22.7,1500,525000,2013
6829,Honda,City,5,78236,Petrol,Manual,17.4,1500,651000,1998
7466,Maruti,Celerio,7,35000,Petrol,Manual,23.1,1000,350000,2014
1765,Maruti,Celerio,5,16000,Petrol,Automatic,23.1,1000,445000,2014
9848,Mahindra,Scorpio,5,51000,Diesel,Manual,15.4,2000,960000,2002
12267,BMW,X1,4,23000,Diesel,Automatic,20.68,2000,2850000,2010
2672,Maruti,Alto,13,50000,Petrol,Manual,19.7,800,145000,2000
870,Maruti,Vitara,5,84000,Diesel,Manual,24.3,1250,525000,2016
930,Toyota,Innova,3,49000,Diesel,Automatic,11.36,2800,2050000,2005
6625,Honda,City,2,13620,Petrol,Manual,17.14,1500,1350000,1998
1249,Volkswagen,Vento,7,42000,Petrol,Automatic,16.93,1200,575000,2010
4308,Volkswagen,Polo,9,60000,Diesel,Manual,22.07,1200,300000,2010
9061,Skoda,Rapid,4,30000,Petrol,Manual,15.0,1600,720000,2011
3919,Maruti,Celerio,3,36000,Petrol,Automatic,23.1,1000,545000,2014
9278,Honda,City,5,26000,Petrol,Automatic,18.0,1500,835000,1998
2355,Maruti,Ertiga,7,51000,Petrol,Manual,16.02,1400,599000,2012
4045,Maruti,Swift,7,81000,Diesel,Manual,28.4,1250,475000,2005
931,Mahindra,Thar,9,50000,Diesel,Manual,16.55,2500,500000,2010
4437,Renault,KWID,3,26000,Petrol,Manual,25.17,800,400000,2015
612,Maruti,Swift Dzire,8,138000,Diesel,Manual,23.4,1250,400000,2008
1631,Ford,Figo,9,25000,Petrol,Manual,15.6,1200,295000,2010
14589,Hyundai,Grand,4,37712,Petrol,Automatic,18.9,1200,600000,2013
4492,Skoda,Rapid,8,57000,Diesel,Manual,20.5,1600,474000,2011
14236,Honda,City,8,65000,Petrol,Manual,17.0,1500,500000,1998
5397,Renault,KWID,5,25000,Petrol,Manual,25.17,800,275000,2015
1118,Mahindra,Scorpio,10,137000,Diesel,Automatic,11.79,2200,480000,2002
9718,Honda,WR-V,4,25656,Petrol,Manual,17.5,1200,760000,2017
8707,Maruti,Alto,2,40000,Petrol,Manual,24.7,800,290000,2000
11937,Maruti,Ciaz,4,21000,Petrol,Automatic,19.12,1400,795000,2014
7609,Hyundai,i20,4,5000,Petrol,Manual,18.6,1200,557000,2008
2441,Volkswagen,Polo,5,58000,Petrol,Automatic,17.21,1200,665000,2010
13891,Ford,Ecosport,2,36520,Diesel,Manual,22.77,1500,1090000,2013
13068,Hyundai,i10,10,68000,Petrol,Manual,20.36,1200,250000,2007
5611,Skoda,Rapid,6,57493,Diesel,Automatic,21.66,1500,595000,2011
13572,Ford,Ecosport,8,80150,Petrol,Manual,15.8,1500,500000,2013
1867,Hyundai,Santro,2,4700,Petrol,Automatic,20.3,1100,550000,1998
8398,Mahindra,KUV100,3,23000,Diesel,Manual,25.32,1200,710000,2016
12787,Hyundai,Santro,2,10000,Petrol,Manual,20.3,1100,450000,1998
6399,Ford,Figo,8,30000,Petrol,Manual,15.6,1200,325000,2010
6171,Toyota,Innova,3,80000,Diesel,Manual,13.68,2400,2000000,2005
8617,Maruti,Swift Dzire,3,20000,Petrol,Manual,21.21,1200,600000,2008
15103,Tata,Tiago,4,36812,Diesel,Manual,27.28,1050,545000,2016
4189,Maruti,Swift,5,46852,Diesel,Manual,22.9,1250,620000,2005
22,Hyundai,Creta,2,15000,Diesel,Manual,19.67,1600,1225000,2015
1251,Mahindra,XUV500,5,55766,Diesel,Manual,16.0,2200,1151000,2011
3446,Toyota,Innova,11,145000,Diesel,Manual,12.99,2500,675000,2005
10093,Mahindra,Scorpio,3,15000,Diesel,Manual,16.36,2200,1285000,2002
5053,Hyundai,Verna,7,100000,Diesel,Manual,24.8,1400,700000,2006
14783,Maruti,Celerio,5,25000,Petrol,Automatic,23.1,1000,480000,2014
13483,Toyota,Innova,7,145000,Diesel,Manual,12.99,2500,930000,2005
7387,Maruti,Swift Dzire,5,120000,Diesel,Manual,26.59,1250,500000,2008
14357,Honda,Civic,11,77000,Petrol,Manual,13.5,1800,320000,2006
4746,Hyundai,i10,5,38156,Petrol,Manual,19.81,1100,463000,2007
11978,Ford,Aspire,4,70000,Diesel,Manual,25.83,1500,500000,2015
3698,Tata,Tiago,4,32000,Petrol,Manual,23.84,1200,465000,2016
909,Hyundai,Grand,2,30000,Petrol,Manual,18.9,1200,600000,2013
13325,Maruti,Wagon R,6,80000,"Others (CNG,LPG)",Manual,26.6,1000,300000,1999
693,Maruti,Wagon R,8,67000,"Others (CNG,LPG)",Manual,32.52,1000,260000,1999
10502,Maruti,Baleno,5,49000,Petrol,Manual,21.4,1200,550000,2015
9164,Maruti,Swift Dzire,6,40000,Petrol,Manual,20.85,1200,500000,2008
14307,Maruti,Alto,4,50000,Petrol,Manual,24.7,800,290000,2000
3753,Volkswagen,Vento,9,47123,Petrol,Manual,15.04,1600,311000,2010
290,Audi,Q7,9,98000,Diesel,Automatic,12.07,3000,2000000,2006
7847,Maruti,Ciaz,5,39000,Diesel,Manual,28.09,1250,549000,2014
13032,Tata,Hexa,3,10000,Diesel,Manual,17.6,2200,1100000,2017
3053,Ford,Figo,11,45000,Petrol,Manual,15.6,1200,169000,2010
14732,Hyundai,i20,4,34004,Petrol,Manual,18.6,1200,690000,2008
13766,Maruti,Alto,2,22987,Petrol,Manual,24.7,800,335000,2000
13990,Maruti,Alto,11,9100,Petrol,Manual,23.95,1000,210000,2000
4757,Mahindra,Bolero,8,59000,Diesel,Manual,15.96,2500,651000,2000
11616,Volkswagen,Vento,6,40000,Petrol,Manual,15.04,1600,500000,2010
15072,Maruti,Wagon R,13,108000,"Others (CNG,LPG)",Manual,17.3,1100,175000,1999
8672,Maruti,Wagon R,8,61996,Petrol,Manual,20.51,1000,300000,1999
13917,Honda,City,13,120000,Petrol,Manual,17.7,1500,130000,1998
1891,Maruti,Swift Dzire,3,70000,Petrol,Manual,22.0,1200,550000,2008
10482,Volkswagen,Polo,11,48000,Petrol,Manual,16.47,1200,200000,2010
11855,Maruti,Swift,6,102506,Diesel,Manual,25.2,1250,520000,2005
4948,Maruti,Alto,11,70000,Petrol,Manual,19.7,800,135000,2000
10771,Maruti,Swift Dzire,3,60000,Diesel,Manual,28.4,1250,627000,2008
7408,Hyundai,Grand,5,35000,Petrol,Manual,18.9,1200,420000,2013
6025,Hyundai,Creta,2,40000,Petrol,Automatic,13.0,1600,1280000,2015
13079,Maruti,Alto,5,143000,Petrol,Manual,22.74,800,170000,2000
5970,Maruti,Swift Dzire,10,73704,Diesel,Manual,23.4,1250,380000,2008
2745,Honda,City,7,70000,Diesel,Manual,26.0,1500,520000,1998
11369,Hyundai,Santro,13,128880,Petrol,Manual,17.92,1100,125000,1998
10296,Hyundai,Creta,3,14548,Diesel,Manual,19.67,1600,1175000,2015
65,Maruti,Wagon R,15,37000,Petrol,Manual,14.0,1100,155000,1999
12095,BMW,3,5,55202,Diesel,Automatic,18.88,2000,2900000,2007
14547,Hyundai,Grand,3,1700,Petrol,Manual,18.9,1200,665000,2013
11516,Hyundai,Creta,3,19800,Diesel,Manual,22.1,1400,1050000,2015
3910,Ford,Aspire,4,24000,Diesel,Manual,25.83,1500,690000,2015
649,Maruti,Swift Dzire,7,40000,Petrol,Manual,19.1,1200,550000,2008
7405,Maruti,Alto,7,33000,Petrol,Manual,22.74,800,237000,2000
10901,Hyundai,i10,11,45000,Petrol,Manual,20.36,1200,190000,2007
9713,Honda,Amaze,3,40000,Diesel,Manual,25.8,1500,725000,2013
3398,Hyundai,i20,5,17749,Petrol,Manual,18.6,1200,549000,2008
14916,Maruti,Ciaz,3,27000,Diesel,Manual,28.09,1250,965000,2014
12870,Honda,Jazz,5,90000,Diesel,Manual,27.3,1500,545000,2009
11162,Maruti,Swift Dzire,6,51000,Petrol,Manual,19.1,1200,399000,2008
1620,Datsun,RediGO,2,10000,Petrol,Manual,22.7,800,320000,2016
7990,Honda,City,10,93292,Petrol,Manual,17.0,1500,400000,1998
11045,Tata,Nexon,3,24000,Petrol,Manual,17.0,1200,750000,2017
8040,Maruti,Wagon R,5,37500,Petrol,Manual,20.51,1000,350000,1999
3092,BMW,X1,3,23000,Diesel,Automatic,20.68,2000,3000000,2010
14288,Maruti,Swift,9,126000,Petrol,Manual,18.6,1200,315000,2005
3525,Volkswagen,Vento,6,56000,Petrol,Automatic,18.19,1200,615000,2010
7589,Tata,Safari,10,120000,Diesel,Manual,11.57,2200,400000,1998
5846,Ford,Figo,10,80000,Diesel,Manual,20.0,1400,145000,2010
15404,Maruti,Ertiga,5,56829,Diesel,Manual,20.77,1250,895000,2012
6627,Hyundai,i20,4,70000,Petrol,Manual,18.6,1200,550000,2008
7536,Maruti,Wagon R,14,53000,Petrol,Manual,18.9,1000,130000,1999
8598,Ford,Endeavour,5,80000,Diesel,Automatic,10.91,3200,2200000,2003
3328,Honda,City,6,70000,Diesel,Manual,26.0,1500,650000,1998
7890,Maruti,Vitara,4,78000,Diesel,Manual,24.3,1250,725000,2016
2558,Hyundai,Verna,5,66523,Diesel,Manual,23.9,1600,775000,2006
2352,Maruti,Swift Dzire,2,22000,Diesel,Automatic,28.4,1250,900000,2008
12076,Ford,Freestyle,3,25000,Petrol,Manual,19.0,1200,650000,2018
14118,Toyota,Innova,9,105000,Diesel,Manual,12.8,2500,749000,2005
408,Maruti,Swift,6,84000,Diesel,Manual,28.4,1250,425000,2005
12961,Maruti,Celerio,4,49600,Petrol,Manual,23.1,1000,390000,2014
3744,Hyundai,Grand,5,28854,Petrol,Manual,18.9,1200,535000,2013
10907,Hyundai,Verna,8,64001,Petrol,Automatic,17.01,1600,449000,2006
6884,Toyota,Fortuner,8,107030,Diesel,Manual,13.0,3000,1375000,2009
6473,Honda,City,5,51300,Diesel,Manual,26.0,1500,880000,1998
11956,Maruti,Celerio,2,25202,Petrol,Automatic,21.63,1000,595000,2014
7512,Hyundai,i10,10,40258,Petrol,Manual,19.81,1100,230000,2007
4586,Maruti,Swift,6,65100,Diesel,Manual,25.2,1250,520000,2005
3063,Hyundai,i20,2,3000,Petrol,Manual,18.6,1200,600000,2008
972,Audi,A6,1,3000,Petrol,Automatic,17.01,2000,4600000,2005
13506,Honda,City,16,60000,Petrol,Manual,13.0,1500,225000,1998
6372,Maruti,Alto,7,60000,Petrol,Manual,22.74,800,250000,2000
3800,Maruti,Ciaz,3,33000,Diesel,Manual,28.09,1250,1000000,2014
11273,Maruti,Swift Dzire,7,46000,Petrol,Manual,17.5,1300,425000,2008
12972,Maruti,Wagon R,8,40000,Petrol,Manual,20.51,1000,385000,1999
6743,Volkswagen,Polo,3,22003,Petrol,Manual,16.47,1200,650000,2010
11595,Honda,City,3,20000,Petrol,Manual,17.4,1500,1245000,1998
2218,Maruti,Swift,6,40200,Diesel,Manual,25.2,1250,498000,2005
6624,Hyundai,i20,6,90000,Diesel,Manual,22.54,1400,650000,2008
2567,BMW,X3,8,110000,Diesel,Automatic,16.09,2000,1390000,2007
7756,Tata,Nexon,4,25000,Petrol,Manual,17.0,1200,900000,2017
9638,Hyundai,i20,7,50000,Diesel,Manual,21.9,1400,500000,2008
327,Mahindra,Scorpio,5,35000,Diesel,Automatic,15.4,2200,1450000,2002
11252,Volkswagen,Vento,11,88254,Petrol,Manual,15.04,1600,310000,2010
6571,Ford,Ecosport,5,78000,Diesel,Manual,22.77,1500,715000,2013
11987,Maruti,Vitara,5,50000,Diesel,Manual,24.3,1250,800000,2016
14741,Renault,KWID,3,25000,Petrol,Manual,25.17,800,330000,2015
11911,Toyota,Innova,12,160000,Diesel,Manual,12.99,2500,560000,2005
6298,Renault,KWID,5,60000,Petrol,Manual,25.17,800,276000,2015
14852,Maruti,Alto,14,60000,Petrol,Manual,19.7,800,80000,2000
5320,Maruti,Alto,4,60000,Petrol,Manual,24.7,800,250000,2000
317,Maruti,Celerio,3,28000,"Others (CNG,LPG)",Manual,31.79,1000,455000,2014
5462,Maruti,Alto,17,80000,Petrol,Automatic,19.7,800,80000,2000
14332,Maruti,Alto,1,5000,Petrol,Manual,22.05,800,400000,2000
10568,Mercedes-Benz,C-Class,7,70000,Diesel,Automatic,14.84,2100,1265000,2001
15290,Honda,City,6,63595,Diesel,Manual,26.0,1500,440000,1998
6424,Hyundai,i10,10,63000,Petrol,Manual,20.36,1200,320000,2007
8060,Ford,Aspire,2,50000,Diesel,Manual,26.1,1500,785000,2015
9756,Hyundai,Verna,9,62000,Petrol,Manual,17.01,1600,420000,2006
2316,Maruti,Eeco,4,73630,"Others (CNG,LPG)",Manual,15.1,1200,395000,2010
5193,Maruti,Swift,6,76400,Diesel,Manual,25.2,1250,575000,2005
14621,Ford,Ecosport,5,40000,Petrol,Automatic,15.63,1500,775000,2013
10003,Honda,Amaze,8,53000,Petrol,Automatic,15.5,1200,425000,2013
11145,Mahindra,XUV500,6,70000,Diesel,Manual,16.0,2200,915000,2011
12392,Mahindra,KUV,5,25000,Diesel,Manual,25.32,1200,470000,2016
5653,Maruti,Wagon R,4,38000,Petrol,Manual,20.51,1000,425000,1999
15006,Volkswagen,Polo,8,54000,Petrol,Automatic,17.2,1200,525000,2010
9322,BMW,X5,7,68000,Diesel,Automatic,11.7,3000,3200000,2007
5725,Toyota,Innova,4,94000,Diesel,Manual,13.68,2400,1550000,2005
13694,Mahindra,XUV500,4,30000,Diesel,Manual,16.0,2200,1475000,2011
10576,Ford,Ecosport,7,90000,Diesel,Manual,22.7,1500,498000,2013
1312,Maruti,Swift Dzire,4,50000,Diesel,Manual,28.4,1250,900000,2008
2304,Hyundai,Grand,4,21000,Petrol,Manual,18.9,1200,550000,2013
970,Mahindra,Scorpio,11,186000,Diesel,Manual,12.05,2200,400000,2002
9421,Hyundai,i20,6,33794,Petrol,Manual,18.6,1200,525000,2008
5115,Maruti,Ignis,2,8664,Petrol,Automatic,20.89,1200,630000,2017
2252,Hyundai,Grand,5,13000,Petrol,Manual,18.9,1200,455000,2013
8586,Maruti,Ciaz,7,34900,Diesel,Manual,26.21,1250,575000,2014
13133,Mahindra,XUV500,2,20000,Diesel,Manual,15.1,2200,1667000,2011
10185,Hyundai,i10,7,60000,Petrol,Manual,19.81,1100,298000,2007
434,Maruti,Ertiga,4,50000,Diesel,Manual,24.52,1250,700000,2012
3843,Hyundai,Grand,3,11510,Diesel,Manual,24.0,1200,550000,2013
10205,Hyundai,i20,7,90000,Petrol,Manual,18.6,1200,450000,2008
522,Mahindra,XUV500,6,42000,Diesel,Manual,16.0,2200,925000,2011
11473,Hyundai,Verna,2,4900,Petrol,Manual,17.0,1600,945000,2006
10078,Tata,Nexon,2,26600,Diesel,Manual,21.5,1500,675000,2017
10116,Maruti,Ciaz,5,33000,Petrol,Manual,20.73,1400,645000,2014
6154,Maruti,Swift,10,79815,Diesel,Manual,28.4,1250,400000,2005
7369,Maruti,Alto,2,30000,Petrol,Manual,23.95,1000,363000,2000
5501,Honda,Amaze,7,54000,Petrol,Manual,18.0,1200,400000,2013
7524,Honda,City,6,74995,Petrol,Manual,17.4,1500,640000,1998
6771,Ford,Figo,5,40000,Petrol,Manual,18.16,1200,400000,2010
8223,Mahindra,Marazzo,1,5000,Diesel,Manual,17.3,1500,1100000,2018
7722,Maruti,Wagon R,15,35000,Petrol,Manual,18.9,1000,100000,1999
14341,Maruti,Celerio,4,60000,Petrol,Manual,23.1,1000,400000,2014
10702,Maruti,Wagon R,13,11000,Petrol,Manual,14.0,1100,195000,1999
10625,Maruti,Ciaz,4,51000,Diesel,Manual,26.21,1250,690000,2014
8600,Ford,Ecosport,5,79000,Diesel,Manual,21.7,1500,550000,2013
1516,Maruti,Swift,2,15000,Petrol,Automatic,22.0,1200,650000,2005
6452,Hyundai,Verna,3,58000,Diesel,Automatic,19.08,1600,1125000,2006
7983,Maruti,Alto,9,22215,Petrol,Manual,19.7,800,170000,2000
7376,Toyota,Fortuner,4,40000,Diesel,Manual,14.24,2800,3000000,2009
6242,Maruti,Alto,6,76407,Petrol,Manual,23.95,1000,300000,2000
2535,Honda,City,6,35000,Petrol,Manual,17.4,1500,750000,1998
3161,Honda,City,6,56000,Petrol,Automatic,18.0,1500,771000,1998
10068,Maruti,Swift Dzire,11,50000,Petrol,Manual,17.5,1200,300000,2008
6587,Honda,Amaze,7,78000,Diesel,Manual,24.7,1500,485000,2013
6145,Volkswagen,Polo,6,41953,Petrol,Automatic,17.21,1200,670000,2010
14658,Ford,Ecosport,5,76000,Diesel,Manual,22.77,1500,725000,2013
14210,Honda,Jazz,5,56214,Diesel,Manual,27.3,1500,450000,2009
850,Mahindra,Scorpio,4,50000,Diesel,Manual,15.4,2200,970000,2002
12429,Toyota,Innova,7,244400,Diesel,Manual,12.99,2500,900000,2005
9150,Tata,Nexon,2,15000,Petrol,Automatic,17.0,1200,850000,2017
10158,Hyundai,Venue,1,13000,Petrol,Manual,18.27,1000,995000,2019
4708,Mahindra,XUV500,9,138489,Diesel,Manual,15.1,2200,500000,2011
13067,Maruti,Baleno,3,50000,Petrol,Automatic,21.4,1200,600000,2015
3586,Honda,City,6,70000,Diesel,Manual,26.0,1500,655000,1998
6855,Toyota,Innova,10,89000,Diesel,Manual,12.8,2500,650000,2005
5253,Maruti,Baleno,4,32000,Diesel,Manual,27.39,1250,765000,2015
14802,Skoda,Superb,9,81131,Diesel,Manual,17.2,2000,630000,2004
7653,BMW,5,4,45000,Diesel,Automatic,22.48,2000,3915000,2007
7095,Mahindra,XUV500,2,5000,Diesel,Manual,15.1,2200,1550000,2011
6280,Hyundai,i20,5,50000,Diesel,Manual,22.54,1400,650000,2008
7075,Toyota,Innova,5,66240,Diesel,Manual,13.68,2400,1675000,2005
9260,Maruti,Swift,2,7200,Petrol,Automatic,21.21,1200,635000,2005
8933,Hyundai,i10,8,61500,Petrol,Automatic,16.95,1200,370000,2007
1780,Maruti,Swift Dzire,8,21000,Petrol,Manual,17.5,1300,470000,2008
8645,Hyundai,Grand,3,60000,Diesel,Manual,24.0,1200,536000,2013
8613,Hyundai,i10,11,31000,Petrol,Manual,20.36,1200,210000,2007
13715,Maruti,Swift,8,54000,Petrol,Manual,18.6,1200,340000,2005
263,Maruti,Alto,5,50000,Petrol,Manual,22.74,800,200000,2000
12588,Maruti,Baleno,4,45000,Diesel,Manual,27.39,1250,675000,2015
10465,Tata,Safari,8,98000,Diesel,Manual,14.0,2200,392000,1998
11122,Maruti,Ertiga,5,68219,Diesel,Manual,24.52,1250,650000,2012
2528,Hyundai,i20,10,88000,Diesel,Manual,23.0,1400,325000,2008
13636,Mahindra,XUV500,3,9000,Diesel,Manual,15.1,2200,1625000,2011
10545,Maruti,Alto,7,2620,Petrol,Manual,22.74,800,275000,2000
14360,Hyundai,i20,7,46000,Petrol,Manual,18.5,1200,451000,2008
7857,Maruti,Celerio,7,67232,Petrol,Manual,23.1,1000,350000,2014
13329,Hyundai,Grand,4,76000,Petrol,Automatic,18.9,1200,515000,2013
13879,Honda,City,5,68000,Diesel,Manual,26.0,1500,630000,1998
505,Hyundai,i10,9,70000,Petrol,Manual,19.81,1100,190000,2007
4837,Hyundai,Santro,2,7395,Petrol,Manual,20.3,1100,480000,1998
7859,Hyundai,Verna,6,57000,Diesel,Manual,22.32,1600,599000,2006
12197,Maruti,Celerio,5,60000,Petrol,Automatic,23.1,1000,470000,2014
4199,Honda,City,12,80000,Petrol,Manual,17.0,1500,320000,1998
12459,Maruti,Swift,5,66000,Diesel,Manual,25.2,1250,650000,2005
9757,Toyota,Fortuner,7,61000,Diesel,Automatic,12.55,3000,1690000,2009
436,Toyota,Fortuner,9,51000,Diesel,Automatic,12.55,3000,1245000,2009
5515,Hyundai,Venue,2,14351,Petrol,Manual,18.27,1000,1090000,2019
10105,Maruti,Vitara,2,15000,Diesel,Manual,24.3,1250,900000,2016
5106,Ford,Figo,5,35000,Petrol,Manual,18.16,1200,595000,2010
3729,Maruti,Wagon R,3,27000,Petrol,Automatic,20.51,1000,550000,1999
13675,Hyundai,Grand,4,11700,Diesel,Manual,24.0,1200,580000,2013
4583,Audi,A6,7,49000,Diesel,Automatic,17.68,2000,2200000,2005
12957,Renault,KWID,2,8500,Petrol,Manual,23.01,1000,440000,2015
11130,Maruti,Swift Dzire,5,57200,Petrol,Manual,20.85,1200,450000,2008
1226,Maruti,Swift Dzire,4,15659,Petrol,Manual,21.21,1200,625000,2008
8425,Skoda,Superb,4,30000,Petrol,Automatic,14.67,1800,1960000,2004
5457,Hyundai,Grand,7,60000,Diesel,Manual,24.0,1100,480000,2013
1755,Maruti,Vitara,3,15734,Diesel,Automatic,24.3,1250,1020000,2016
14708,Hyundai,i10,11,90000,Petrol,Manual,20.36,1200,150000,2007
6949,Maruti,Wagon R,10,57000,"Others (CNG,LPG)",Manual,26.2,1000,220000,1999
14322,Hyundai,Verna,10,110000,Diesel,Manual,22.32,1600,530000,2006
14602,Hyundai,i20,7,69000,Diesel,Manual,22.54,1400,599000,2008
8766,Mahindra,Bolero,5,80000,Diesel,Manual,16.5,1500,650000,2000
4459,Maruti,Ciaz,5,45000,Diesel,Manual,28.09,1250,780000,2014
11077,Maruti,Swift,11,62000,Petrol,Manual,16.1,1300,219000,2005
5061,Mahindra,Bolero,5,120000,Diesel,Manual,15.96,2500,600000,2000
2120,Hyundai,Grand,7,36000,Petrol,Manual,18.9,1200,440000,2013
15322,Maruti,Swift,12,53000,Petrol,Manual,16.1,1300,225000,2005
15239,Maruti,Swift Dzire,8,45529,Petrol,Manual,19.1,1200,425000,2008
14790,Maruti,Alto,12,80000,Petrol,Manual,19.7,800,215000,2000
13194,Hyundai,Verna,7,90000,Diesel,Manual,22.32,1600,590000,2006
7425,Maruti,Alto,5,15000,Petrol,Manual,24.7,800,289000,2000
3117,BMW,7,8,39800,Diesel,Automatic,14.49,3000,2550000,2002
6392,Hyundai,i10,7,36000,Petrol,Manual,20.36,1200,345000,2007
7435,Maruti,Swift,5,55000,Diesel,Manual,22.9,1250,451000,2005
8734,Hyundai,i10,9,26099,Petrol,Manual,19.81,1100,239000,2007
1624,Volkswagen,Vento,9,45000,Petrol,Manual,15.04,1600,355000,2010
11044,Maruti,Ciaz,4,48000,Diesel,Manual,28.09,1250,711000,2014
8833,Honda,Amaze,5,48649,Diesel,Manual,25.8,1500,500000,2013
13217,Maruti,Ciaz,5,100000,Diesel,Manual,28.09,1250,660000,2014
12342,Hyundai,i20,4,80000,Petrol,Manual,18.6,1200,750000,2008
8365,Jeep,Compass,2,10000,Diesel,Manual,17.1,2000,1699000,2017
7420,Hyundai,Creta,5,60000,Diesel,Manual,19.67,1600,975000,2015
6271,Maruti,Alto,14,49251,Petrol,Manual,19.7,800,175000,2000
10972,Maruti,Swift Dzire,5,35600,Petrol,Manual,22.0,1200,465000,2008
2121,Maruti,Ciaz,2,2950,Petrol,Automatic,20.04,1500,1100000,2014
1147,Maruti,Wagon R,3,25000,Petrol,Manual,20.51,1000,400000,1999
14703,Volkswagen,Polo,5,72000,Diesel,Manual,20.14,1500,650000,2010
4465,Mahindra,Scorpio,9,120000,Diesel,Manual,14.0,2500,372000,2002
4097,Maruti,Baleno,4,25000,Petrol,Automatic,21.4,1200,599000,2015
8747,Hyundai,Grand,8,40000,Diesel,Manual,24.0,1100,350000,2013
3337,Honda,WR-V,3,33000,Diesel,Manual,25.5,1500,890000,2017
8236,Renault,KWID,2,15000,Petrol,Manual,25.17,800,375000,2015
8441,Maruti,Wagon R,3,60000,"Others (CNG,LPG)",Manual,26.6,1000,355000,1999
3677,Tata,Tiago,3,36313,Petrol,Manual,23.84,1200,441000,2016
11626,Maruti,Swift Dzire,7,55000,Petrol,Manual,20.85,1200,511000,2008
9018,Renault,KWID,6,30000,Petrol,Manual,25.17,800,200000,2015
5950,Hyundai,Verna,11,140000,Diesel,Manual,16.2,1500,350000,2006
4430,Hyundai,Verna,9,100000,Diesel,Manual,22.32,1600,520000,2006
9885,Maruti,Swift Dzire,4,60000,Diesel,Automatic,28.4,1250,600000,2008
15168,Honda,Jazz,3,72000,Petrol,Manual,18.7,1200,540000,2009
4779,Mahindra,Scorpio,2,40000,Diesel,Manual,16.36,2200,1200000,2002
10053,Maruti,Swift,10,48634,Petrol,Manual,16.6,1200,240000,2005
10317,Renault,KWID,3,48353,Petrol,Manual,25.17,800,247000,2015
14807,Mercedes-Benz,E-Class,3,25550,Diesel,Automatic,10.0,2150,4450000,1996
1430,Honda,City,6,59000,Diesel,Manual,26.0,1500,700000,1998
12849,Honda,City,6,23000,Petrol,Automatic,18.0,1500,800000,1998
11606,Honda,City,6,37000,Petrol,Manual,17.4,1500,715000,1998
3010,Volkswagen,Polo,4,49000,Petrol,Automatic,17.21,1200,695000,2010
11441,Volkswagen,Vento,10,65101,Diesel,Manual,20.54,1600,285000,2010
13476,Hyundai,i20,5,42472,Petrol,Manual,18.6,1200,590000,2008
11038,Hyundai,Santro,2,2565,Petrol,Automatic,20.3,1100,550000,1998
14880,Honda,City,5,27000,Petrol,Manual,17.8,1500,650000,1998
7016,Ford,Aspire,3,57350,Diesel,Manual,25.83,1500,659000,2015
4241,Hyundai,i20,2,10000,Petrol,Automatic,17.4,1200,750000,2008
10845,Ford,Ecosport,6,80000,Diesel,Manual,22.77,1500,585000,2013
4515,Hyundai,i20,3,33000,Petrol,Manual,18.6,1200,790000,2008
3692,Maruti,Wagon R,7,56795,"Others (CNG,LPG)",Manual,26.2,1000,340000,1999
19,Maruti,Swift Dzire,5,40000,Petrol,Manual,20.85,1200,575000,2008
10308,Honda,Amaze,2,13000,Diesel,Automatic,21.0,1500,930000,2013
1124,Maruti,Vitara,2,35000,Diesel,Automatic,24.3,1250,940000,2016
12081,Datsun,RediGO,5,30000,Petrol,Manual,22.7,800,170000,2016
15109,Maruti,Ciaz,4,55000,Diesel,Manual,26.21,1250,715000,2014
4474,Hyundai,i20,9,79975,Diesel,Manual,23.0,1400,475000,2008
1754,Skoda,Octavia,7,79000,Diesel,Automatic,19.3,2000,1200000,2001
2253,Ford,Aspire,3,5000,Petrol,Manual,18.16,1200,680000,2015
14710,Honda,City,5,77694,Petrol,Manual,17.8,1500,795000,1998
2431,Ford,Freestyle,3,40000,Diesel,Manual,24.4,1500,650000,2018
1003,Maruti,Swift,2,8043,Petrol,Automatic,22.0,1200,675000,2005
1735,Maruti,Wagon R,12,59000,Petrol,Manual,18.9,1100,165000,1999
2478,Maruti,Alto,5,24000,Petrol,Manual,22.74,800,275000,2000
6222,Hyundai,i20,9,115777,Diesel,Manual,23.0,1400,475000,2008
12609,Honda,Civic,14,20000,Petrol,Manual,13.5,1800,265000,2006
9981,Maruti,Celerio,5,2200,Petrol,Automatic,23.1,1000,465000,2014
8719,Toyota,Fortuner,7,139830,Diesel,Manual,13.0,3000,1675000,2009
152,Tata,Tigor,4,58000,Diesel,Manual,24.7,1050,395000,2017
12338,Maruti,Wagon R,10,120000,"Others (CNG,LPG)",Manual,26.2,1000,250000,1999
8709,Audi,A4,7,32000,Diesel,Automatic,16.55,2000,1780000,2008
12516,Maruti,Baleno,5,4300,Petrol,Manual,21.4,1200,665000,2015
12903,Hyundai,i10,13,57000,Petrol,Manual,19.81,1100,190000,2007
14276,Honda,City,3,41000,Petrol,Manual,17.4,1500,800000,1998
5789,Maruti,Wagon R,12,76000,Petrol,Manual,14.0,1100,195000,1999
6736,Mahindra,XUV500,6,75000,Diesel,Manual,16.0,2200,850000,2011
12966,Hyundai,i10,7,82000,Petrol,Manual,20.36,1200,385000,2007
12974,Mercedes-Benz,C-Class,12,56000,Petrol,Automatic,11.74,1800,649000,2001
13648,Volkswagen,Polo,7,56000,Petrol,Manual,16.47,1200,335000,2010
15071,Honda,Amaze,8,30000,Petrol,Automatic,15.5,1200,460000,2013
11676,Honda,City,3,21000,Petrol,Automatic,17.4,1500,1185000,1998
13590,Mahindra,Bolero,15,120000,Diesel,Manual,13.6,2500,240000,2000
12270,Toyota,Innova,4,87000,Diesel,Manual,13.68,2400,1835000,2005
12802,Datsun,RediGO,4,40000,Petrol,Manual,22.7,800,280000,2016
6763,Maruti,Ertiga,8,129500,Diesel,Manual,20.77,1250,500000,2012
5265,Hyundai,Verna,3,5557,Petrol,Manual,17.0,1600,1045000,2006
8994,Maruti,Wagon R,15,90000,"Others (CNG,LPG)",Manual,17.3,1100,80000,1999
5022,Maruti,Swift,7,16000,Diesel,Manual,25.2,1250,500000,2005
7812,Mahindra,KUV,5,80000,Diesel,Manual,25.32,1200,380000,2016
6190,Maruti,Swift,3,60000,Diesel,Automatic,28.4,1250,650000,2005
9542,Maruti,Wagon R,6,79855,Petrol,Manual,20.51,1000,347000,1999
2360,Hyundai,Grand,7,47985,Diesel,Manual,24.0,1100,521000,2013
1050,Maruti,Swift Dzire,3,20000,Diesel,Manual,28.4,1250,650000,2008
14221,Volkswagen,Polo,2,23441,Diesel,Manual,20.14,1500,850000,2010
9394,Maruti,Alto,11,62000,Petrol,Manual,19.7,800,160000,2000
2728,Maruti,Swift,8,37000,Petrol,Manual,18.6,1200,410000,2005
4615,Honda,Amaze,6,69000,Diesel,Manual,24.7,1500,460000,2013
13118,Maruti,Ignis,3,14188,Petrol,Manual,20.89,1200,470000,2017
371,Maruti,Alto,16,56700,Petrol,Manual,19.7,800,75000,2000
13861,Hyundai,i20,6,98000,Diesel,Manual,23.0,1400,625000,2008
6523,Maruti,Alto,3,20000,Petrol,Manual,24.7,800,260000,2000
7004,Maruti,Swift Dzire,7,33000,Petrol,Manual,19.1,1200,395000,2008
6304,Ford,Figo,8,45788,Diesel,Manual,20.0,1400,240000,2010
2037,Maruti,Alto,9,120000,Petrol,Manual,22.74,800,140000,2000
10517,Maruti,Ertiga,6,84000,Diesel,Manual,20.77,1250,525000,2012
2996,Tata,Tiago,4,11500,Petrol,Automatic,23.84,1200,535000,2016
12541,Maruti,Wagon R,7,90000,"Others (CNG,LPG)",Manual,26.6,1000,300000,1999
14082,Honda,CR-V,8,82000,Petrol,Automatic,13.1,2000,890000,2003
3178,Honda,City,6,95000,Diesel,Manual,25.1,1500,600000,1998
4372,Hyundai,Creta,3,30000,Diesel,Manual,22.1,1400,920000,2015
13966,Volkswagen,Polo,5,25000,Diesel,Manual,20.14,1500,475000,2010
12818,Toyota,Innova,12,180000,Diesel,Manual,12.8,2500,430000,2005
8653,Hyundai,Venue,1,5000,Petrol,Automatic,18.15,1000,1100000,2019
12255,Skoda,Rapid,7,63063,Diesel,Manual,20.5,1600,495000,2011
332,Maruti,Baleno,1,7124,Petrol,Manual,21.01,1200,643000,2015
14228,Maruti,Swift,3,16000,Petrol,Automatic,22.0,1200,620000,2005
11483,Honda,City,5,53000,Petrol,Automatic,18.0,1500,890000,1998
1480,BMW,5,9,50000,Diesel,Automatic,16.2,3000,1700000,2007
4481,Hyundai,i20,3,26830,Diesel,Manual,23.0,1400,785000,2008
14578,Volkswagen,Polo,6,58111,Diesel,Manual,20.14,1500,635000,2010
13045,Hyundai,Elantra,6,50000,Petrol,Automatic,14.62,2000,850000,2004
70,Ford,Aspire,4,30000,Petrol,Manual,18.16,1200,480000,2015
14159,Ford,Figo,8,51000,Diesel,Manual,20.0,1400,345000,2010
10726,Honda,City,9,52000,Petrol,Manual,16.8,1500,410000,1998
12486,Volkswagen,Polo,6,65000,Petrol,Manual,16.2,1200,465000,2010
15198,Honda,City,4,30000,Petrol,Manual,17.8,1500,850000,1998
6243,Tata,Tiago,3,25000,Petrol,Manual,23.84,1200,400000,2016
8893,Maruti,Celerio,6,11668,Petrol,Manual,23.1,1000,325000,2014
3961,Hyundai,Verna,9,67000,Diesel,Automatic,19.08,1600,650000,2006
1469,Skoda,Rapid,6,45000,Diesel,Manual,20.5,1600,400000,2011
7946,Maruti,Swift Dzire,5,80000,Diesel,Manual,26.59,1250,530000,2008
10571,Honda,Amaze,7,125000,Diesel,Manual,25.8,1500,290000,2013
11554,Tata,Tiago,2,23000,Petrol,Manual,23.84,1200,445000,2016
6997,Honda,WR-V,4,31031,Diesel,Manual,25.5,1500,725000,2017
2047,Honda,Civic,2,12000,Petrol,Automatic,16.5,1800,2050000,2006
6256,Datsun,GO,5,60000,Petrol,Manual,19.44,1200,350000,2014
888,Maruti,Swift,3,40000,Petrol,Manual,22.0,1200,550000,2005
6493,Toyota,Innova,4,90000,Diesel,Automatic,11.36,2800,1750000,2005
9349,Hyundai,Grand,4,46000,Petrol,Manual,18.9,1200,465000,2013
9716,Honda,City,7,78000,Diesel,Manual,26.0,1500,550000,1998
7450,Tata,Tiago,5,35000,Petrol,Manual,23.84,1200,300000,2016
1607,Tata,Tiago,4,28000,Petrol,Manual,23.84,1200,445000,2016
1427,Honda,Amaze,3,30000,Petrol,Manual,17.8,1200,500000,2013
11900,Mercedes-Benz,C-Class,8,72000,Diesel,Automatic,14.84,2100,1275000,2001
11367,Maruti,Ciaz,5,52000,Diesel,Manual,28.09,1250,575000,2014
7814,Maruti,Swift Dzire,5,120000,Diesel,Manual,26.59,1250,500000,2008
9652,Hyundai,Creta,2,1470,Petrol,Manual,15.8,1600,1290000,2015
6332,Volkswagen,Vento,6,49700,Petrol,Manual,15.04,1600,620000,2010
893,Maruti,Swift,6,45864,Petrol,Manual,20.4,1200,450000,2005
6570,Maruti,Baleno,6,70000,Petrol,Manual,21.4,1200,530000,2015
6525,Mahindra,Thar,3,22600,Diesel,Manual,16.55,2500,895000,2010
14593,Maruti,Ciaz,4,44771,Petrol,Manual,28.09,1400,800000,2014
9633,Maruti,Vitara,3,35000,Diesel,Automatic,24.3,1250,835000,2016
15058,Maruti,Swift Dzire,5,63581,Petrol,Manual,20.85,1200,570000,2008
9784,Maruti,Swift,5,20000,Petrol,Manual,21.21,1200,450000,2005
6070,Tata,Tiago,3,50000,Diesel,Manual,27.28,1050,450000,2016
14678,Renault,KWID,1,10000,Petrol,Manual,23.01,1000,470000,2015
5287,Maruti,Wagon R,8,61000,Petrol,Manual,18.9,1000,375000,1999
9120,Ford,Figo,6,76416,Diesel,Manual,25.83,1500,500000,2010
8542,Volkswagen,Vento,10,160000,Petrol,Manual,15.8,1600,225000,2010
10085,Honda,Jazz,6,61000,Petrol,Manual,18.7,1200,495000,2009
126,Volkswagen,Polo,6,46000,Petrol,Manual,16.47,1200,455000,2010
9456,Maruti,Swift,11,75000,Petrol,Manual,16.1,1200,240000,2005
11185,Maruti,Vitara,5,40000,Diesel,Manual,24.3,1250,725000,2016
13031,Hyundai,i20,7,49000,Petrol,Manual,17.0,1200,552000,2008
4324,Tata,Tigor,3,30000,Diesel,Manual,24.7,1050,700000,2017
3984,Renault,KWID,3,30000,Petrol,Manual,25.17,800,320000,2015
7774,Maruti,Vitara,4,70000,Diesel,Manual,24.3,1250,610000,2016
1438,Toyota,Camry,4,34000,Petrol,Automatic,19.16,2500,2400000,2002
13900,Skoda,Rapid,5,22500,Diesel,Manual,21.14,1500,600000,2011
15101,Maruti,Alto,5,35000,Petrol,Manual,23.95,1000,300000,2000
8380,Maruti,Swift Dzire,8,80000,Diesel,Manual,23.4,1250,390000,2008
11434,Toyota,Innova,4,65000,Diesel,Manual,13.68,2400,1670000,2005
3786,Hyundai,Verna,2,8000,Petrol,Automatic,17.0,1600,1250000,2006
7088,Mahindra,KUV,5,32000,Petrol,Manual,18.15,1200,385000,2016
964,Mahindra,XUV500,8,148736,Diesel,Manual,15.1,2200,700000,2011
4626,Skoda,Rapid,9,93000,Petrol,Manual,15.0,1600,350000,2011
7517,Volkswagen,Vento,10,100000,Diesel,Manual,20.54,1600,310000,2010
2998,Volkswagen,Polo,4,51952,Diesel,Manual,20.14,1500,750000,2010
12622,Maruti,Swift,5,54000,Diesel,Manual,28.4,1250,610000,2005
3668,Maruti,Swift,5,40000,Diesel,Manual,25.2,1250,500000,2005
1108,Hyundai,Grand,3,41000,Petrol,Manual,18.9,1200,520000,2013
13390,Hyundai,i20,6,42000,Petrol,Manual,18.6,1200,430000,2008
10828,Ford,Ecosport,3,33000,Diesel,Manual,21.7,1500,950000,2013
3074,Hyundai,Verna,8,65000,Diesel,Manual,22.32,1600,540000,2006
12415,Tata,Hexa,3,79000,Diesel,Manual,17.6,2200,1550000,2017
3020,Mahindra,Scorpio,7,120000,Diesel,Manual,15.4,2200,800000,2002
14520,Hyundai,Creta,4,47000,Diesel,Manual,19.67,1600,1115000,2015
14451,Mercedes-Benz,C-Class,5,25000,Diesel,Automatic,19.27,2100,2500000,2001
8270,Hyundai,Verna,2,45000,Diesel,Manual,22.0,1600,1150000,2006
12121,Honda,City,3,40000,Petrol,Manual,17.4,1500,850000,1998
7842,Honda,Amaze,3,11000,Petrol,Automatic,15.5,1200,820000,2013
10467,Maruti,Alto,5,70000,Petrol,Manual,22.74,800,299000,2000
8932,Honda,City,7,35000,Diesel,Manual,26.0,1500,511000,1998
5150,Tata,Safari,11,150000,Diesel,Manual,13.93,2200,350000,1998
13933,Maruti,Swift Dzire,6,69000,Diesel,Manual,26.59,1250,685000,2008
1440,Mercedes-Benz,C-Class,8,39000,Diesel,Automatic,14.84,2100,1375000,2001
1874,Honda,City,14,70000,Petrol,Manual,17.7,1500,350000,1998
10366,Toyota,Innova,3,95000,Diesel,Manual,13.68,2400,1194000,2005
9196,Honda,Civic,12,62000,Petrol,Manual,13.5,1800,235000,2006
4320,Mahindra,Scorpio,9,89000,Diesel,Manual,12.05,2200,695000,2002
6437,Mahindra,Bolero,8,293000,Diesel,Manual,15.96,2500,405000,2000
1708,Mercedes-Benz,GL-Class,8,43715,Diesel,Automatic,11.3,3000,3500000,2010
8247,Renault,Duster,4,36000,Diesel,Manual,19.87,1500,680000,2012
4588,BMW,3,7,85875,Diesel,Automatic,13.2,2000,1600000,2007
14832,Maruti,Ciaz,5,62000,Diesel,Manual,28.09,1250,725000,2014
4858,Maruti,Swift Dzire,12,38000,Petrol,Manual,17.5,1200,249000,2008
13427,Honda,City,3,26000,Petrol,Automatic,18.0,1500,1125000,1998
13058,Hyundai,i10,5,44633,Petrol,Manual,19.81,1100,450000,2007
827,Maruti,Ciaz,5,38000,Diesel,Manual,28.09,1250,591000,2014
6811,Maruti,Baleno,3,83000,Diesel,Manual,27.39,1250,645000,2015
623,Honda,Amaze,8,75000,Diesel,Manual,25.8,1500,325000,2013
12113,Hyundai,Grand,4,140000,Petrol,Manual,18.9,1200,380000,2013
1677,Hyundai,i20,6,18000,Petrol,Manual,18.6,1200,600000,2008
8739,Ford,Ecosport,4,40000,Diesel,Manual,22.77,1500,888000,2013
4542,Hyundai,Creta,6,72248,Diesel,Manual,19.67,1600,1000000,2015
1626,Honda,City,7,89000,Diesel,Manual,26.0,1500,575000,1998
7727,Hyundai,Creta,5,62000,Diesel,Automatic,17.6,1600,1050000,2015
2129,Honda,City,6,65122,Diesel,Manual,26.0,1500,650000,1998
10863,Honda,City,10,65000,Petrol,Manual,17.0,1500,350000,1998
4290,Hyundai,Grand,4,46139,Diesel,Manual,24.0,1200,375000,2013
7696,Maruti,Baleno,5,51000,Petrol,Manual,21.4,1200,515000,2015
6088,Maruti,Wagon R,4,33070,Petrol,Manual,20.51,1000,460000,1999
4537,Maruti,Swift,3,14000,Diesel,Manual,28.4,1250,739000,2005
14238,Maruti,Ciaz,5,49000,Diesel,Manual,26.21,1250,625000,2014
2294,Honda,Jazz,6,41000,Petrol,Automatic,19.0,1200,615000,2009
1379,Maruti,Swift Dzire,4,60000,Petrol,Manual,21.21,1200,550000,2008
4631,Mercedes-Benz,E-Class,7,72279,Diesel,Automatic,14.21,2100,2150000,1996
9879,Hyundai,Grand,4,46000,Petrol,Automatic,18.9,1200,470000,2013
13249,Maruti,Ertiga,4,68000,Diesel,Manual,24.52,1250,900000,2012
7941,Mahindra,XUV500,1,20000,Diesel,Manual,15.1,2200,1600000,2011
8382,Renault,KWID,3,38000,Petrol,Manual,25.17,800,345000,2015
6220,Maruti,Alto,1,1500,Petrol,Manual,22.05,800,350000,2000
5086,Volkswagen,Polo,5,69000,Diesel,Manual,20.14,1500,695000,2010
11708,Hyundai,Creta,4,50000,Diesel,Manual,19.67,1600,1175000,2015
5819,Ford,Ecosport,8,60000,Diesel,Manual,22.7,1500,585000,2013
9206,Mahindra,XUV500,3,17000,Diesel,Automatic,16.0,2000,1290000,2011
4711,Maruti,Swift,13,85000,Diesel,Manual,17.8,1250,275000,2005
13453,Maruti,Swift Dzire,8,90000,Diesel,Manual,23.4,1250,475000,2008
638,Datsun,GO,3,68000,Petrol,Manual,19.83,1200,370000,2014
4982,Ford,Aspire,4,90000,Diesel,Manual,25.83,1500,530000,2015
2278,Hyundai,i10,9,30448,Petrol,Manual,20.36,1200,288000,2007
3797,Hyundai,i20,3,14577,Petrol,Manual,18.6,1200,625000,2008
14126,Hyundai,i20,6,47000,Diesel,Manual,21.19,1400,675000,2008
8405,Maruti,Baleno,3,20000,Diesel,Manual,27.39,1250,750000,2015
7645,Hyundai,i10,10,20000,Petrol,Manual,20.36,1200,290000,2007
3520,Renault,KWID,5,50700,Petrol,Manual,23.01,1000,340000,2015
10598,Maruti,Wagon R,5,55000,"Others (CNG,LPG)",Manual,32.52,1000,325000,1999
2595,Maruti,Swift Dzire,4,35000,Diesel,Manual,28.4,1250,750000,2008
6656,Renault,KWID,5,63000,Petrol,Manual,23.01,1000,350000,2015
4144,Audi,Q7,9,130000,Diesel,Automatic,12.07,3000,1950000,2006
13146,Maruti,Vitara,5,36355,Diesel,Manual,24.3,1250,765000,2016
460,Maruti,Wagon R,5,60000,Petrol,Manual,20.51,1000,380000,1999
2782,Hyundai,i20,8,70000,Diesel,Manual,21.9,1400,425000,2008
14344,Toyota,Innova,8,90000,Diesel,Manual,12.99,2500,1300000,2005
11508,Hyundai,Grand,5,13229,Petrol,Manual,18.9,1200,500000,2013
15378,Hyundai,Grand,6,30000,Petrol,Manual,18.9,1200,450000,2013
11875,Maruti,Alto,6,100000,Petrol,Manual,22.74,800,250000,2000
10926,Maruti,Wagon R,3,38000,"Others (CNG,LPG)",Manual,26.6,1000,415000,1999
6585,Hyundai,Grand,6,54507,Petrol,Manual,18.9,1200,485000,2013
7028,Maruti,Wagon R,15,64000,Petrol,Manual,21.79,1000,120000,1999
5729,Maruti,Baleno,4,40000,Diesel,Manual,27.39,1250,750000,2015
1924,Hyundai,i20,5,27884,Petrol,Manual,18.6,1200,629000,2008
12956,Maruti,Eeco,11,22000,Petrol,Manual,15.37,1200,130000,2010
8251,Tata,Nexon,3,51000,Diesel,Manual,21.5,1500,775000,2017
10293,Audi,Q7,5,52476,Diesel,Automatic,12.07,3000,3125000,2006
4613,Honda,WR-V,3,25000,Diesel,Manual,25.5,1500,600000,2017
11931,Hyundai,Verna,10,66600,Diesel,Automatic,19.08,1600,435000,2006
10521,Honda,City,3,25000,Petrol,Manual,17.4,1500,650000,1998
14064,Hyundai,i10,8,19000,Petrol,Automatic,16.95,1200,374000,2007
3140,Maruti,Wagon R,5,42000,Petrol,Automatic,20.51,1000,445000,1999
2169,Maruti,Wagon R,9,30000,Petrol,Manual,18.9,1000,300000,1999
987,Volkswagen,Polo,6,60000,Petrol,Manual,16.47,1200,350000,2010
765,Honda,Jazz,10,60000,Petrol,Manual,16.0,1200,320000,2009
2477,Maruti,Baleno,4,4414,Petrol,Manual,21.4,1200,640000,2015
5117,Maruti,Swift,5,110000,Diesel,Manual,25.2,1250,650000,2005
10714,Ford,Ecosport,8,67234,Diesel,Manual,22.7,1500,400000,2013
521,Renault,KWID,5,50000,Petrol,Manual,25.17,800,250000,2015
14367,Maruti,Baleno,3,4000,Petrol,Manual,21.4,1200,645000,2015
4637,Honda,City,5,50000,Diesel,Manual,26.0,1500,850000,1998
10843,Maruti,Vitara,4,63000,Diesel,Manual,24.3,1250,750000,2016
2850,Ford,Ecosport,7,52034,Petrol,Manual,15.8,1500,575000,2013
8917,Hyundai,Grand,7,50000,Petrol,Manual,18.9,1200,400000,2013
11529,Maruti,Swift,1,9000,Petrol,Manual,21.21,1200,550000,2005
73,Tata,Tiago,4,32100,Petrol,Manual,23.84,1200,400000,2016
14467,Maruti,Swift Dzire,11,52000,Petrol,Manual,17.5,1300,250000,2008
160,Hyundai,i20,6,42000,Petrol,Manual,18.6,1200,545000,2008
14382,Renault,Duster,6,120000,Diesel,Manual,20.45,1500,600000,2012
3657,Maruti,Swift Dzire,3,19000,Petrol,Manual,21.21,1200,741000,2008
3721,Hyundai,Elantra,6,83000,Diesel,Automatic,18.23,1600,841000,2004
14885,Mercedes-Benz,E-Class,17,126000,Diesel,Automatic,11.0,3000,315000,1996
15349,Audi,A4,7,80000,Diesel,Automatic,16.55,2000,1350000,2008
267,Maruti,Vitara,4,45000,Diesel,Manual,24.3,1250,790000,2016
6827,BMW,7,6,24501,Diesel,Automatic,16.46,3000,4990000,2002
9875,Maruti,Swift Dzire,9,48059,Diesel,Manual,19.3,1250,353000,2008
470,Maruti,Wagon R,5,25000,Petrol,Manual,20.51,1000,380000,1999
12517,Hyundai,Verna,3,35000,Petrol,Manual,17.7,1600,900000,2006
1816,Honda,City,4,19900,Petrol,Manual,17.8,1500,950000,1998
6733,Maruti,Swift Dzire,11,155522,Diesel,Manual,23.4,1250,255000,2008
10422,Maruti,Vitara,5,70200,Diesel,Manual,24.3,1250,675000,2016
9059,Maruti,Swift,4,27000,Petrol,Manual,20.4,1200,570000,2005
3472,Toyota,Innova,6,70000,Diesel,Manual,12.8,2500,1135000,2005
13163,Honda,City,5,34000,Diesel,Manual,26.0,1500,1025000,1998
2931,Maruti,Ciaz,4,100000,Diesel,Manual,28.09,1250,625000,2014
1983,Hyundai,Verna,9,32472,Petrol,Manual,17.01,1600,448000,2006
12171,Maruti,Swift,5,51000,Petrol,Manual,20.4,1200,525000,2005
14057,Toyota,Innova,3,35311,Diesel,Manual,13.68,2400,1799000,2005
7391,Mahindra,KUV100,5,51630,Diesel,Manual,25.32,1200,245000,2016
10533,Maruti,Swift,6,52000,Diesel,Manual,25.2,1250,415000,2005
6668,Mahindra,XUV500,7,110000,Diesel,Manual,15.1,2200,895000,2011
15192,Hyundai,i20,4,16334,Petrol,Manual,18.6,1200,725000,2008
3778,Hyundai,i20,11,23000,Petrol,Manual,17.0,1200,275000,2008
9780,BMW,3,10,72000,Diesel,Automatic,16.07,2000,610000,2007
13027,Honda,WR-V,4,62736,Diesel,Manual,25.5,1500,785000,2017
406,Mercedes-Benz,E-Class,10,98000,Diesel,Automatic,14.21,2100,700000,1996
4420,Renault,KWID,5,45500,Petrol,Manual,23.01,1000,325000,2015
11844,Maruti,Vitara,2,35000,Diesel,Automatic,24.3,1250,975000,2016
2491,Jeep,Compass,4,46706,Diesel,Manual,17.1,2000,1475000,2017
10762,Toyota,Innova,4,25000,Petrol,Automatic,10.75,2700,1750000,2005
2392,Mercedes-Benz,E-Class,6,75000,Diesel,Automatic,13.0,2100,1985000,1996
13416,Hyundai,Santro,12,68000,Petrol,Manual,17.92,1100,215000,1998
3646,Mercedes-Benz,E-Class,7,54000,Diesel,Automatic,10.0,2150,1475000,1996
9793,Maruti,Alto,14,40000,Petrol,Manual,19.7,800,80000,2000
2264,Mercedes-Benz,E-Class,10,100000,Petrol,Manual,12.3,1800,950000,1996
14403,BMW,3,3,70000,Petrol,Automatic,15.34,2000,3400000,2007
4292,Hyundai,i20,2,12000,Petrol,Manual,18.6,1200,735000,2008
2371,Maruti,Wagon R,5,72829,Petrol,Automatic,21.79,1000,400000,1999
3421,BMW,3,7,50000,Diesel,Automatic,18.88,2000,1700000,2007
12461,Maruti,Wagon R,10,32908,Petrol,Manual,18.9,1000,250000,1999
14010,Maruti,Swift,4,80000,Diesel,Manual,25.2,1250,630000,2005
10641,Hyundai,Creta,6,30000,Diesel,Manual,19.67,1600,865000,2015
10433,Maruti,Swift,3,62000,Diesel,Manual,28.4,1250,600000,2005
2384,Maruti,Baleno,4,41526,Petrol,Manual,21.01,1200,675000,2015
9560,BMW,5,3,55000,Diesel,Automatic,22.48,2000,3990000,2007
10291,Maruti,Wagon R,7,86000,Petrol,Manual,18.9,1000,315000,1999
14561,BMW,3,7,40000,Diesel,Automatic,18.88,2000,2250000,2007
13972,Maruti,Vitara,3,20000,Diesel,Manual,24.3,1250,950000,2016
15351,Maruti,Ertiga,8,53080,Diesel,Manual,25.47,1250,475000,2012
14294,Tata,Safari,5,66000,Diesel,Manual,14.1,2200,900000,1998
2135,Maruti,Celerio,2,19000,"Others (CNG,LPG)",Manual,30.47,1000,529000,2014
4640,Maruti,Swift Dzire,6,80000,"Others (CNG,LPG)",Manual,19.0,1200,390000,2008
14614,Hyundai,Elantra,9,78000,Diesel,Automatic,19.5,1600,745000,2004
11756,Maruti,Swift Dzire,4,52000,Petrol,Manual,20.85,1200,690000,2008
7155,Toyota,Fortuner,6,132000,Diesel,Manual,12.55,3000,1600000,2009
13003,Honda,City,6,51000,Petrol,Manual,17.8,1500,525000,1998
14766,Maruti,Alto,7,19000,Petrol,Manual,22.74,800,325000,2000
6327,BMW,5,6,28000,Diesel,Automatic,14.69,3000,3900000,2007
12299,Hyundai,Verna,6,156000,Diesel,Manual,23.9,1600,900000,2006
8509,Maruti,Alto,4,14870,Petrol,Manual,24.7,800,298000,2000
6567,Mahindra,Marazzo,2,70000,Diesel,Manual,17.3,1500,1200000,2018
10614,Maruti,Swift,7,30167,Diesel,Manual,25.2,1250,385000,2005
3814,Honda,City,7,63762,Diesel,Manual,25.1,1500,650000,1998
10160,Honda,City,3,31000,Petrol,Manual,17.0,1500,885000,1998
5196,Honda,Amaze,6,70000,Diesel,Manual,25.8,1500,480000,2013
12147,Audi,A4,7,98300,Diesel,Automatic,17.11,2000,1350000,2008
14596,Tata,Hexa,4,60000,Diesel,Automatic,17.6,2200,1350000,2017
6557,Toyota,Innova,3,80000,Diesel,Manual,13.68,2400,1995000,2005
10623,Skoda,Superb,9,75000,Diesel,Automatic,17.2,2000,500000,2004
4412,Maruti,Swift Dzire,3,90000,Diesel,Manual,28.4,1250,700000,2008
3598,Hyundai,i10,8,13450,Petrol,Manual,19.81,1100,290000,2007
12748,Ford,Ecosport,2,14000,Diesel,Manual,23.0,1500,1245000,2013
8984,Volkswagen,Polo,8,58000,Diesel,Manual,22.07,1200,460000,2010
2856,Maruti,Swift,10,80500,Diesel,Manual,22.9,1250,400000,2005
3827,Tata,Hexa,4,186000,Diesel,Manual,17.6,2200,1220000,2017
1061,Hyundai,i20,3,50000,Petrol,Manual,18.6,1200,584000,2008
10917,Volkswagen,Vento,10,90000,Diesel,Manual,20.54,1600,350000,2010
6813,Maruti,Alto,4,9021,Petrol,Automatic,23.95,1000,350000,2000
9728,Hyundai,Venue,1,1200,Petrol,Manual,18.27,1000,1075000,2019
13524,Maruti,Alto,10,70000,Petrol,Manual,20.92,1000,165000,2000
10619,Maruti,Swift,7,60000,Petrol,Manual,18.6,1200,350000,2005
2076,Maruti,Vitara,5,110000,Diesel,Manual,24.3,1250,710000,2016
11312,Maruti,Ciaz,7,25000,Petrol,Manual,20.73,1400,500000,2014
8027,Ford,Figo,9,55261,Diesel,Manual,20.0,1400,215000,2010
8288,Maruti,Ciaz,6,40000,Diesel,Manual,26.21,1250,549000,2014
14631,Audi,A4,9,80000,Diesel,Automatic,16.55,2000,1475000,2008
245,Maruti,Alto,16,70000,Petrol,Manual,19.7,800,85000,2000
5062,Maruti,Wagon R,12,85281,Petrol,Manual,18.9,1000,210000,1999
747,Honda,WR-V,4,10000,Petrol,Manual,17.5,1200,800000,2017
9838,Honda,Amaze,2,68000,Diesel,Automatic,21.0,1500,800000,2013
9108,Maruti,Swift,7,50000,Diesel,Manual,22.9,1250,500000,2005
14166,Mercedes-Benz,C-Class,6,38000,Diesel,Automatic,19.27,2100,2399000,2001
5013,Ford,Ecosport,6,67300,Petrol,Manual,15.85,1500,600000,2013
11399,Volkswagen,Polo,9,54000,Diesel,Manual,22.07,1200,255000,2010
737,Hyundai,Creta,3,60000,Diesel,Manual,19.67,1600,1000000,2015
3154,Maruti,Alto,15,83000,Petrol,Manual,19.7,800,95000,2000
2632,Maruti,Baleno,4,15000,Petrol,Manual,21.4,1200,600000,2015
13470,Maruti,Baleno,2,23000,Diesel,Manual,27.39,1250,850000,2015
7361,Honda,City,19,110000,Petrol,Manual,13.0,1500,50000,1998
4929,Hyundai,Verna,9,76800,Diesel,Manual,22.32,1600,450000,2006
11238,Toyota,Innova,4,61000,Diesel,Automatic,11.36,2800,1450000,2005
11674,Volkswagen,Polo,4,27000,Petrol,Manual,16.2,1200,695000,2010
4251,Hyundai,i10,10,82000,Petrol,Automatic,16.95,1200,285000,2007
6512,Ford,Figo,11,104433,Petrol,Manual,15.6,1200,285000,2010
1661,Maruti,Swift,6,90000,Diesel,Manual,25.2,1250,500000,2005
13081,Maruti,Wagon R,10,78562,Petrol,Manual,18.9,1000,260000,1999
7613,Hyundai,Grand,4,54264,Petrol,Manual,18.9,1200,470000,2013
12250,Datsun,RediGO,4,21918,Petrol,Manual,22.7,800,269000,2016
5537,Ford,Figo,6,100000,Diesel,Manual,25.83,1500,350000,2010
7640,Maruti,Wagon R,4,24500,Petrol,Manual,21.79,1000,382000,1999
11047,Ford,Ecosport,6,46000,Diesel,Manual,22.7,1500,570000,2013
9348,Honda,City,2,10000,Petrol,Automatic,18.0,1500,1350000,1998
860,Hyundai,i20,2,15000,Petrol,Manual,18.6,1200,620000,2008
15234,Honda,City,6,57530,Petrol,Automatic,18.0,1500,725000,1998
9857,Maruti,Swift,1,35000,Petrol,Manual,22.0,1200,575000,2005
6449,Toyota,Innova,10,169000,Diesel,Manual,12.8,2500,850000,2005
2118,Hyundai,i20,3,27000,Petrol,Manual,18.6,1200,615000,2008
8429,Hyundai,i10,10,75000,Petrol,Manual,19.81,1100,225000,2007
2795,Mahindra,XUV500,7,103000,Diesel,Manual,15.1,2200,785000,2011
14552,Maruti,Swift,4,28000,Diesel,Manual,25.2,1250,710000,2005
14684,Honda,Amaze,3,78000,Diesel,Manual,24.7,1500,600000,2013
4079,Ford,Figo,10,75000,Diesel,Manual,20.0,1400,325000,2010
6573,Toyota,Innova,12,194532,Diesel,Manual,12.8,2500,625000,2005
3767,Maruti,Ertiga,6,56400,"Others (CNG,LPG)",Manual,22.8,1400,678000,2012
7362,Maruti,Alto,5,50000,Petrol,Manual,23.95,1000,276000,2000
1207,Maruti,Vitara,3,60000,Diesel,Manual,24.3,1250,850000,2016
13961,Maruti,Celerio,6,43000,"Others (CNG,LPG)",Manual,31.79,1000,435000,2014
5869,Mercedes-Benz,S-Class,9,30000,Diesel,Automatic,13.5,3000,3300000,1994
6246,Mercedes-Benz,E-Class,10,75000,Diesel,Automatic,14.21,2100,1575000,1996
6122,Toyota,Innova,7,56000,Diesel,Manual,12.99,2500,1020000,2005
14804,Maruti,Celerio,5,40775,Petrol,Manual,23.1,1000,445000,2014
5334,Maruti,Ertiga,5,33213,Diesel,Manual,24.52,1250,875000,2012
2596,Maruti,Alto,29,22612,Petrol,Manual,22.05,800,60000,2000
14755,Mercedes-Benz,C-Class,4,45425,Diesel,Automatic,19.27,2100,3375000,2001
14712,Honda,Civic,12,76000,Petrol,Automatic,13.9,1800,325000,2006
891,Volkswagen,Polo,9,62000,Petrol,Manual,16.47,1200,310000,2010
8329,Renault,KWID,5,35000,Petrol,Manual,25.17,800,250000,2015
2759,Maruti,Swift,7,67800,Diesel,Manual,28.4,1250,495000,2005
7184,Maruti,Baleno,3,33100,Petrol,Manual,21.4,1200,515000,2015
15041,Maruti,Wagon R,13,80000,Petrol,Manual,18.9,1000,150000,1999
10543,Maruti,Eeco,3,14000,"Others (CNG,LPG)",Manual,21.94,1200,375000,2010
8539,Renault,KWID,3,23000,Petrol,Manual,23.01,1000,310000,2015
4406,Volkswagen,Vento,8,66000,Diesel,Manual,20.54,1600,490000,2010
3693,Mahindra,Bolero,1,10000,Diesel,Manual,21.0,1500,600000,2000
10402,Hyundai,Verna,3,48000,Diesel,Automatic,22.0,1600,1090000,2006
10321,Toyota,Fortuner,8,83000,Diesel,Automatic,12.55,3000,1280000,2009
2561,Skoda,Superb,11,64430,Petrol,Automatic,13.7,1800,375000,2004
10115,Ford,Ecosport,4,29104,Petrol,Manual,15.9,1500,625000,2013
10365,Volkswagen,Vento,6,52000,Petrol,Manual,16.09,1600,495000,2010
7740,Maruti,Alto,8,23460,Petrol,Manual,23.95,1000,240000,2000
6789,Maruti,Swift,5,57000,Diesel,Manual,25.2,1250,620000,2005
11490,Renault,KWID,4,31851,Petrol,Manual,25.17,800,278000,2015
12623,Skoda,Rapid,7,65598,Diesel,Manual,21.14,1500,465000,2011
9003,Maruti,Swift Dzire,9,154600,Diesel,Manual,19.3,1250,250000,2008
9675,Audi,A6,7,50500,Diesel,Automatic,17.68,2000,1725000,2005
2920,Maruti,Swift,9,66539,Petrol,Manual,18.6,1200,250000,2005
6713,Hyundai,Grand,4,40000,Petrol,Manual,18.9,1200,525000,2013
10454,Maruti,Wagon R,3,29000,Petrol,Manual,20.51,1000,400000,1999
14939,Hyundai,Creta,4,7900,Petrol,Manual,15.29,1600,1175000,2015
12277,Toyota,Innova,6,117000,Diesel,Manual,12.99,2500,1199000,2005
1740,Mercedes-Benz,E-Class,2,11000,Diesel,Automatic,16.1,1950,5275000,1996
978,Mahindra,Scorpio,6,120000,Diesel,Manual,15.4,2200,900000,2002
14110,Maruti,Swift Dzire,7,40000,Diesel,Manual,23.4,1250,550000,2008
4951,Renault,Duster,7,49000,Diesel,Manual,19.01,1500,550000,2012
15214,Maruti,Ertiga,7,59789,"Others (CNG,LPG)",Manual,22.8,1400,611000,2012
2742,Mahindra,XUV500,7,114000,Diesel,Manual,15.1,2200,690000,2011
11214,Toyota,Innova,3,38000,Diesel,Manual,13.68,2400,1497000,2005
6125,Maruti,Baleno,2,20000,Diesel,Manual,27.39,1250,750000,2015
8515,Honda,Amaze,3,15000,Petrol,Automatic,18.1,1200,550000,2013
10226,Mercedes-Benz,C-Class,9,55000,Diesel,Automatic,14.94,2100,1250000,2001
14199,BMW,7,10,70000,Diesel,Automatic,14.49,3000,1950000,2002
2740,Maruti,Ertiga,4,33072,"Others (CNG,LPG)",Manual,26.08,1500,790000,2012
4835,Maruti,Wagon R,9,83000,Petrol,Manual,18.9,1000,285000,1999
8024,Renault,KWID,2,4500,Petrol,Automatic,24.04,1000,500000,2015
2614,Hyundai,i10,12,15000,Petrol,Manual,20.36,1200,165000,2007
12160,Maruti,Eeco,6,50000,Petrol,Manual,15.37,1200,335000,2010
4502,Mahindra,Bolero,10,106000,Diesel,Manual,13.6,2500,540000,2000
3909,Maruti,Swift,2,8000,Petrol,Manual,21.21,1200,539000,2005
13746,Hyundai,i10,11,80000,Petrol,Manual,20.36,1200,230000,2007
10486,Maruti,Wagon R,4,11615,Petrol,Automatic,20.51,1000,440000,1999
7487,Toyota,Fortuner,8,189000,Diesel,Manual,13.0,3000,1400000,2009
6785,Honda,City,5,27000,Petrol,Manual,16.8,1500,765000,1998
8118,Maruti,Wagon R,15,49256,Petrol,Manual,21.79,1000,111000,1999
8222,Maruti,Wagon R,11,50000,Petrol,Manual,18.9,1000,260000,1999
4783,Ford,Aspire,4,24000,Diesel,Manual,25.83,1500,690000,2015
7007,Maruti,Swift,9,76000,Diesel,Manual,22.9,1250,425000,2005
8823,Honda,Jazz,4,26000,Petrol,Manual,18.7,1200,635000,2009
4770,Honda,Amaze,2,20000,Petrol,Manual,19.5,1200,615000,2013
10500,Hyundai,Creta,4,39000,Diesel,Manual,21.38,1400,900000,2015
7850,Maruti,Swift Dzire,3,100000,Diesel,Automatic,28.4,1250,730000,2008
11693,Hyundai,Creta,5,62000,Diesel,Manual,19.67,1600,1150000,2015
6646,Ford,Ecosport,3,5000,Petrol,Manual,17.0,1500,850000,2013
15395,Hyundai,i10,9,64000,Petrol,Manual,20.36,1200,395000,2007
3330,Renault,Duster,6,37639,Diesel,Manual,19.87,1500,625000,2012
10431,Hyundai,Creta,6,78500,Diesel,Manual,19.67,1600,895000,2015
11033,Toyota,Fortuner,9,55000,Diesel,Manual,13.0,3000,1050000,2009
12803,Ford,Figo,5,30000,Petrol,Manual,18.16,1200,550000,2010
5151,Audi,A4,9,64705,Diesel,Automatic,16.55,2000,1350000,2008
11186,Skoda,Superb,9,55000,Petrol,Automatic,13.7,1800,560000,2004
8218,Maruti,Wagon R,3,25000,Petrol,Manual,20.51,1000,400000,1999
12838,BMW,5,7,75000,Diesel,Automatic,11.5,3000,3100000,2007
15169,Honda,City,4,25000,Petrol,Automatic,18.0,1500,985000,1998
3093,Ford,Ecosport,3,29500,Diesel,Manual,23.0,1500,950000,2013
7149,Maruti,Celerio,4,38963,Petrol,Manual,21.63,1000,425000,2014
4989,Audi,A4,8,55500,Diesel,Automatic,15.2,2000,1500000,2008
13404,Maruti,Vitara,4,40000,Diesel,Manual,24.3,1250,720000,2016
5757,Volkswagen,Vento,10,72000,Diesel,Manual,20.54,1600,370000,2010
13913,Maruti,Swift Dzire,3,10000,Petrol,Automatic,21.21,1200,760000,2008
5049,Hyundai,Creta,3,100000,Diesel,Manual,22.1,1400,890000,2015
42,Maruti,Baleno,5,22000,Petrol,Manual,15.4,1600,625000,2015
8131,Honda,Amaze,6,72000,Diesel,Manual,25.8,1500,425000,2013
3732,Maruti,Ertiga,4,23000,Diesel,Manual,25.47,1250,899000,2012
9800,Hyundai,Grand,2,25000,Petrol,Automatic,18.9,1200,570000,2013
6862,BMW,X1,10,88831,Diesel,Automatic,17.05,2000,1050000,2010
13340,Maruti,Swift Dzire,10,180000,Diesel,Manual,19.3,1250,380000,2008
4454,Tata,Safari,10,120000,Diesel,Manual,13.93,2200,270000,1998
5923,Renault,KWID,5,45000,Petrol,Manual,25.17,800,225000,2015
8048,Renault,Duster,7,60000,Diesel,Manual,19.01,1500,600000,2012
6350,Maruti,Wagon R,6,41559,Petrol,Manual,21.5,1200,350000,1999
2268,Hyundai,Verna,7,56200,Petrol,Manual,17.1,1600,691000,2006
4705,Volkswagen,Polo,4,25000,Diesel,Manual,20.14,1500,750000,2010
4006,Honda,Amaze,3,40079,Petrol,Manual,18.6,1200,780000,2013
13396,Toyota,Innova,3,18000,Diesel,Manual,13.68,2400,1920000,2005
669,Maruti,Swift Dzire,7,60000,Diesel,Manual,23.4,1250,400000,2008
3701,Maruti,Swift,6,18914,Petrol,Manual,20.4,1200,500000,2005
4218,Maruti,Swift,8,77831,Diesel,Manual,22.9,1250,450000,2005
5090,Jaguar,XF,10,61000,Diesel,Automatic,14.74,3000,1690000,2009
2245,Hyundai,i20,2,8405,Petrol,Manual,18.6,1200,590000,2008
14816,Hyundai,i20,5,64500,Diesel,Manual,22.54,1400,749000,2008
13716,Maruti,Ciaz,5,135000,Diesel,Manual,28.09,1250,690000,2014
9890,Maruti,Wagon R,5,46613,Petrol,Manual,20.51,1000,345000,1999
2846,Ford,Ecosport,7,38000,Diesel,Manual,22.7,1500,650000,2013
5371,Hyundai,Creta,3,40000,Diesel,Manual,20.5,1600,1500000,2015
15307,Hyundai,Verna,6,120000,Diesel,Automatic,19.08,1600,650000,2006
14133,Mahindra,XUV500,5,35000,Diesel,Manual,16.0,2200,1135000,2011
12207,Maruti,Wagon R,5,44000,"Others (CNG,LPG)",Manual,26.6,1000,375000,1999
7931,Maruti,Baleno,3,20000,Petrol,Manual,21.4,1200,570000,2015
2854,Volkswagen,Vento,10,78265,Diesel,Manual,20.54,1600,375000,2010
14837,BMW,5,5,48530,Diesel,Automatic,18.12,2000,3375000,2007
8303,Honda,City,4,80000,Diesel,Manual,26.0,1500,700000,1998
8447,Hyundai,Santro,13,38500,Petrol,Manual,17.92,1100,129000,1998
12776,Maruti,Ertiga,3,12998,Petrol,Manual,17.5,1400,899000,2012
12266,Maruti,Ertiga,4,95000,Petrol,Automatic,17.03,1400,600000,2012
5952,Hyundai,Verna,5,32615,Diesel,Manual,23.9,1600,850000,2006
13026,Maruti,Alto,13,110000,Petrol,Manual,19.7,800,120000,2000
6621,Hyundai,Creta,4,45900,Diesel,Manual,19.67,1600,1250000,2015
4962,Ford,Figo,4,40000,Diesel,Manual,24.29,1500,580000,2010
11228,BMW,5,2,5700,Petrol,Automatic,15.01,2000,5475000,2007
8948,Volkswagen,Vento,2,10000,Petrol,Automatic,18.19,1200,1150000,2010
4031,Honda,City,4,29000,Petrol,Manual,17.8,1500,1025000,1998
13652,Mahindra,XUV500,8,49100,Diesel,Manual,15.1,2200,800000,2011
9556,Maruti,Swift Dzire,7,38000,Petrol,Manual,17.5,1300,435000,2008
10150,Maruti,Ertiga,2,9000,Petrol,Automatic,18.69,1500,1025000,2012
4691,Volkswagen,Polo,8,83500,Diesel,Manual,15.11,1600,465000,2010
12744,Toyota,Innova,8,120000,Diesel,Manual,12.99,2500,955000,2005
10350,Mahindra,Scorpio,4,110000,Diesel,Manual,15.4,2000,1120000,2002
6903,Audi,A6,9,77000,Diesel,Automatic,17.68,2000,1750000,2005
13409,Toyota,Fortuner,4,150000,Diesel,Automatic,12.55,3000,2800000,2009
6635,Hyundai,Grand,7,51000,Petrol,Manual,18.9,1200,474000,2013
7207,Mahindra,Bolero,6,120000,Diesel,Manual,15.96,2500,473000,2000
1526,Maruti,Alto,3,40000,Petrol,Manual,24.7,800,270000,2000
3042,Audi,A6,10,105000,Diesel,Automatic,12.4,2700,857000,2005
11558,Maruti,Swift Dzire,8,112000,Diesel,Manual,23.4,1250,345000,2008
7444,Maruti,Swift Dzire,4,33800,Diesel,Manual,28.4,1250,580000,2008
9401,Honda,City,7,96434,Diesel,Manual,26.0,1500,450000,1998
10526,Hyundai,Venue,2,31000,Diesel,Manual,23.7,1400,1085000,2019
10639,Maruti,Swift Dzire,5,46800,Petrol,Manual,20.85,1200,485000,2008
4894,Mahindra,Scorpio,2,90000,Diesel,Manual,15.4,2500,800000,2002
807,Hyundai,Verna,4,19000,Petrol,Manual,17.0,1600,900000,2006
8741,Maruti,Alto,4,11000,Petrol,Manual,24.7,800,285000,2000
14136,Ford,Ecosport,3,40000,Petrol,Manual,17.0,1500,860000,2013
4347,Renault,Duster,6,70000,Diesel,Manual,19.01,1500,690000,2012
15126,Ford,Figo,10,56000,Petrol,Manual,15.6,1200,364000,2010
6465,Hyundai,i10,10,66084,Petrol,Manual,20.36,1200,343000,2007
14471,Hyundai,i20,6,90000,Petrol,Manual,18.6,1200,490000,2008
4836,Maruti,Wagon R,7,50000,Petrol,Manual,20.51,1000,351000,1999
2562,Jaguar,XF,7,26000,Diesel,Automatic,16.36,2200,2550000,2009
2054,Hyundai,Creta,5,25451,Petrol,Automatic,13.0,1600,1039000,2015
10215,Maruti,Alto,7,60000,Petrol,Manual,22.74,800,200000,2000
15050,Mahindra,Scorpio,11,120000,Diesel,Automatic,11.79,2200,515000,2002
8051,Skoda,Octavia,6,70000,Petrol,Manual,16.8,1400,410000,2001
1214,Maruti,Ertiga,7,22681,Petrol,Manual,16.02,1400,525000,2012
2692,Maruti,Baleno,3,22000,Petrol,Manual,21.4,1200,750000,2015
13142,Mahindra,XUV500,8,60000,Diesel,Manual,15.1,2200,500000,2011
9956,Honda,CR-V,5,55000,Petrol,Automatic,12.0,2350,1575000,2003
13614,Hyundai,Grand,6,46900,Petrol,Automatic,18.9,1200,461000,2013
11731,Maruti,Wagon R,8,17568,Petrol,Manual,18.9,1000,389000,1999
2484,Maruti,Wagon R,14,35986,Petrol,Manual,18.9,1000,150000,1999
7350,Mahindra,Bolero,5,120000,Diesel,Manual,15.96,2500,520000,2000
5402,Hyundai,i20,6,65000,Petrol,Manual,18.6,1200,530000,2008
355,Maruti,Alto,3,22000,Petrol,Manual,24.7,800,304000,2000
12729,Mahindra,Bolero,9,100000,Diesel,Manual,15.96,2500,400000,2000
14405,Skoda,Octavia,12,200000,Diesel,Manual,18.7,1900,290000,2001
4654,Hyundai,i10,8,120000,Petrol,Manual,20.36,1200,330000,2007
4566,Hyundai,i10,10,50000,Petrol,Manual,20.36,1200,190000,2007
7481,Ford,Ecosport,6,102693,Diesel,Manual,23.0,1500,550000,2013
9338,Hyundai,Santro,3,31286,"Others (CNG,LPG)",Manual,30.48,1100,500000,1998
779,Honda,Amaze,5,100000,Diesel,Manual,25.8,1500,320000,2013
9671,Honda,City,4,56239,Petrol,Manual,17.8,1500,745000,1998
4312,Maruti,Swift,4,100000,Diesel,Manual,25.2,1250,620000,2005
3663,Maruti,Ertiga,7,55000,Diesel,Manual,20.77,1250,500000,2012
9587,Renault,Duster,5,64000,Diesel,Manual,19.87,1500,680000,2012
9201,Renault,Duster,6,60000,Diesel,Manual,19.87,1500,500000,2012
3829,Maruti,Ignis,4,30000,Petrol,Manual,20.89,1200,500000,2017
12995,Mercedes-Benz,E-Class,9,50000,Petrol,Manual,12.3,1800,1349000,1996
11016,Maruti,Vitara,3,37000,Diesel,Automatic,24.3,1250,795000,2016
10683,Hyundai,Verna,8,60000,Diesel,Manual,22.32,1600,400000,2006
5089,Hyundai,Santro,13,90000,Petrol,Manual,17.92,1100,160000,1998
14194,Maruti,Swift Dzire,9,68600,Diesel,Manual,28.4,1250,360000,2008
6457,Maruti,Baleno,4,32000,Petrol,Manual,21.01,1200,700000,2015
4728,Hyundai,Verna,10,41600,Petrol,Manual,16.2,1600,459000,2006
13144,Maruti,Celerio,3,20000,Petrol,Manual,21.63,1000,585000,2014
2626,Hyundai,Verna,11,72000,Diesel,Manual,16.2,1500,410000,2006
2717,Ford,Ecosport,3,29000,Diesel,Manual,23.0,1500,940000,2013
10798,Hyundai,Creta,3,55000,Diesel,Manual,22.1,1400,920000,2015
616,Jaguar,XF,8,30150,Diesel,Automatic,16.36,2200,2011000,2009
5759,Renault,KWID,3,14000,Petrol,Manual,23.01,1000,370000,2015
1902,Maruti,Swift Dzire,3,115000,"Others (CNG,LPG)",Manual,26.55,1200,450000,2008
12010,Maruti,Wagon R,8,57000,Petrol,Manual,21.79,1000,235000,1999
7118,Maruti,Eeco,5,5000,Petrol,Manual,15.37,1200,308000,2010
4737,Mahindra,XUV500,7,65436,Diesel,Manual,15.1,2200,900000,2011
6046,Toyota,Innova,2,32400,Diesel,Manual,13.68,2400,1751000,2005
6214,Renault,Duster,8,85405,Diesel,Manual,19.01,1500,410000,2012
10831,Ford,Figo,8,80000,Diesel,Manual,20.0,1400,193000,2010
12546,Maruti,Swift Dzire,5,50000,Petrol,Manual,20.85,1200,580000,2008
2891,Toyota,Innova,12,125000,Diesel,Manual,12.8,2500,650000,2005
9990,Ford,Ecosport,5,72000,Diesel,Manual,21.7,1500,675000,2013
8159,Honda,Amaze,3,54000,Diesel,Manual,25.8,1500,650000,2013
9927,Maruti,Eeco,2,10000,Petrol,Manual,15.37,1200,415000,2010
8919,Renault,KWID,5,27000,Petrol,Manual,25.17,800,350000,2015
2564,Maruti,Eeco,2,7647,Petrol,Manual,16.11,1200,465000,2010
10851,Maruti,Alto,10,60000,Petrol,Manual,20.92,1000,195000,2000
14485,Maruti,Vitara,3,30000,Diesel,Manual,24.3,1250,750000,2016
14510,Maruti,Ciaz,5,55000,Petrol,Manual,20.73,1400,650000,2014
14130,BMW,3,9,66000,Diesel,Automatic,16.07,2000,995000,2007
10958,BMW,3,5,29000,Diesel,Automatic,21.76,2000,2450000,2007
260,Hyundai,i20,4,55000,Petrol,Manual,18.6,1200,650000,2008
13631,Hyundai,Grand,5,32100,Petrol,Manual,18.9,1200,495000,2013
3912,Hyundai,Grand,3,5000,Petrol,Manual,18.9,1200,525000,2013
5401,Toyota,Innova,10,94000,Diesel,Manual,12.8,2500,700000,2005
9813,Mahindra,Thar,3,22000,Diesel,Manual,16.55,2500,835000,2010
3235,Maruti,Wagon R,5,23000,Petrol,Automatic,20.52,1200,430000,1999
5522,Maruti,Vitara,4,55000,Diesel,Manual,24.3,1250,970000,2016
4794,Hyundai,i20,2,40000,Diesel,Manual,22.54,1400,725000,2008
11289,Hyundai,Verna,9,65000,Diesel,Automatic,16.2,1500,450000,2006
14140,Hyundai,Creta,3,50000,Diesel,Manual,19.67,1600,1200000,2015
2207,Maruti,Alto,10,50000,Petrol,Manual,19.7,800,185000,2000
629,Maruti,Swift,9,41000,Petrol,Manual,18.6,1200,300000,2005
10140,Renault,KWID,3,11051,Petrol,Manual,23.01,1000,365000,2015
8599,Honda,City,6,45000,Diesel,Manual,26.0,1500,650000,1998
10662,Hyundai,i10,8,45000,Petrol,Manual,20.36,1200,290000,2007
10729,Maruti,Wagon R,1,9000,"Others (CNG,LPG)",Manual,26.6,1000,545000,1999
4557,Renault,KWID,4,110000,Petrol,Manual,23.01,1000,200000,2015
2085,Maruti,Wagon R,7,34000,Petrol,Manual,20.51,1000,325000,1999
15130,Maruti,Vitara,4,32000,Diesel,Manual,24.3,1250,725000,2016
5772,Maruti,Alto,5,31000,Petrol,Manual,22.74,800,280000,2000
6931,Maruti,Ciaz,4,35700,Diesel,Manual,28.09,1250,650000,2014
1644,Hyundai,Verna,1,3900,Petrol,Automatic,17.0,1600,1190000,2006
10227,Honda,City,4,10000,Petrol,Automatic,18.0,1500,1025000,1998
2436,Maruti,Swift Dzire,3,22000,Petrol,Automatic,21.21,1200,795000,2008
10222,Maruti,Alto,3,14000,Petrol,Manual,23.95,1000,350000,2000
8059,Ford,Figo,7,36000,Diesel,Manual,20.0,1400,235000,2010
10999,Mercedes-Benz,C-Class,7,75000,Diesel,Automatic,11.78,2100,1450000,2001
12150,Maruti,Swift Dzire,6,60000,Diesel,Manual,26.59,1250,615000,2008
7884,Hyundai,i20,5,70100,Diesel,Manual,22.54,1400,580000,2008
5173,Maruti,Baleno,5,59434,Petrol,Manual,21.01,1200,599000,2015
1081,BMW,3,4,15000,Diesel,Automatic,18.88,2000,2350000,2007
12902,Maruti,Swift,3,40000,Diesel,Manual,25.2,1250,725000,2005
6910,Honda,City,7,90000,Diesel,Manual,25.1,1500,550000,1998
8543,Hyundai,Verna,9,54000,Diesel,Manual,22.32,1600,470000,2006
10921,Tata,Harrier,1,5125,Diesel,Manual,17.0,2000,1650000,2019
6961,Hyundai,Verna,6,30337,Petrol,Manual,17.1,1600,569000,2006
13181,Tata,Nexon,3,42388,Diesel,Manual,21.5,1500,895000,2017
11007,Honda,Amaze,4,19500,Petrol,Manual,17.8,1200,499000,2013
4056,Datsun,GO,6,30000,Petrol,Manual,20.63,1200,200000,2014
6790,Maruti,Swift Dzire,5,120000,Diesel,Manual,26.59,1250,625000,2008
4698,Hyundai,i20,6,72000,Diesel,Manual,22.54,1400,625000,2008
5513,Maruti,Vitara,3,80000,Diesel,Manual,24.3,1250,830000,2016
10081,Honda,City,5,79000,Petrol,Manual,17.8,1500,685000,1998
5263,Mahindra,Thar,3,25000,Diesel,Manual,16.55,2500,850000,2010
13234,Hyundai,Verna,9,58000,Diesel,Manual,22.32,1600,625000,2006
4343,Renault,KWID,4,50000,Petrol,Manual,23.01,1000,310000,2015
13477,Mahindra,Bolero,4,65000,Diesel,Manual,21.0,1500,675000,2000
10983,Hyundai,i20,5,39465,Petrol,Manual,18.6,1200,625000,2008
4036,Hyundai,i10,11,90000,Petrol,Manual,20.36,1200,275000,2007
6919,Honda,WR-V,3,15799,Petrol,Manual,17.5,1200,749000,2017
7431,Honda,City,4,44316,Petrol,Manual,17.0,1500,740000,1998
3279,Maruti,Swift,10,54688,Petrol,Manual,16.1,1200,300000,2005
1769,Toyota,Fortuner,11,64000,Diesel,Manual,11.5,3000,1085000,2009
13945,Honda,Amaze,8,48000,Diesel,Manual,25.8,1500,470000,2013
14974,Maruti,Ciaz,2,11564,Petrol,Manual,20.73,1400,895000,2014
1920,Jaguar,XF,6,34600,Diesel,Automatic,16.36,2200,2545000,2009
13050,Maruti,Wagon R,10,97319,Petrol,Manual,18.9,1000,300000,1999
1804,Hyundai,i20,11,77000,Petrol,Manual,17.0,1200,300000,2008
388,Maruti,Swift,9,48000,Diesel,Manual,22.9,1250,400000,2005
14841,Maruti,Baleno,4,54000,Petrol,Manual,21.4,1200,580000,2015
13674,Ford,Aspire,6,90000,Diesel,Manual,25.83,1500,480000,2015
12423,Volkswagen,Vento,6,53000,Petrol,Automatic,16.93,1200,575000,2010
12035,Maruti,Alto,5,31000,"Others (CNG,LPG)",Manual,32.26,1000,325000,2000
13852,Maruti,Alto,6,40000,Petrol,Manual,23.95,1000,260000,2000
3795,Maruti,Swift Dzire,8,120000,Diesel,Manual,23.4,1250,475000,2008
1203,Maruti,Celerio,7,76000,Petrol,Manual,23.1,1000,315000,2014
9794,Mahindra,KUV,5,68000,Diesel,Manual,25.32,1200,400000,2016
3411,Hyundai,Verna,8,48000,Petrol,Automatic,17.01,1600,490000,2006
10569,Hyundai,Verna,6,60000,Diesel,Manual,24.8,1400,600000,2006
9006,Maruti,Ciaz,6,60000,Diesel,Manual,28.09,1250,700000,2014
10255,Audi,A6,7,57000,Diesel,Automatic,17.68,2000,1885000,2005
5672,Maruti,Wagon R,9,60000,Petrol,Manual,18.9,1000,300000,1999
941,Audi,A4,9,23994,Diesel,Automatic,17.11,2000,1275000,2008
697,Mahindra,Thar,5,40000,Diesel,Manual,16.55,2500,620000,2010
2079,Maruti,Ciaz,4,27001,Petrol,Automatic,19.12,1400,845000,2014
12023,Maruti,Swift Dzire,9,29548,Petrol,Manual,17.5,1300,330000,2008
12851,Skoda,Superb,11,54000,Petrol,Automatic,13.7,1800,449000,2004
9005,Volkswagen,Polo,6,120000,Diesel,Manual,20.14,1500,500000,2010
13014,Maruti,Swift,9,79000,Diesel,Manual,17.8,1250,369000,2005
12213,Hyundai,i20,6,150000,Diesel,Manual,21.19,1400,620000,2008
6501,Hyundai,Grand,5,62214,Diesel,Manual,24.0,1100,525000,2013
11769,Maruti,Swift Dzire,3,35000,Petrol,Manual,21.21,1200,650000,2008
3493,Mercedes-Benz,GL-Class,6,53000,Diesel,Automatic,11.3,3000,4400000,2010
14438,Volkswagen,Polo,6,60942,Diesel,Manual,20.14,1500,560000,2010
5731,Toyota,Innova,2,27000,Diesel,Automatic,11.36,2800,1950000,2005
10200,Maruti,Swift,10,120000,Diesel,Manual,22.9,1250,300000,2005
4423,Maruti,Celerio,4,9400,Petrol,Automatic,23.1,1000,470000,2014
5699,Hyundai,Verna,9,60000,Diesel,Manual,22.32,1600,525000,2006
12573,Volkswagen,Polo,6,42000,Diesel,Manual,20.14,1500,640000,2010
14383,Toyota,Innova,8,106000,Diesel,Manual,12.99,2500,950000,2005
10720,Renault,Duster,7,157000,Diesel,Manual,20.45,1500,550000,2012
487,Hyundai,i20,7,10000,Petrol,Manual,18.6,1200,535000,2008
12404,Hyundai,i20,10,148000,Petrol,Manual,17.0,1200,210000,2008
3523,Maruti,Ertiga,9,67235,Diesel,Manual,25.47,1250,610000,2012
4822,Honda,City,6,83000,Diesel,Manual,26.0,1500,675000,1998
13410,Mahindra,XUV500,7,178000,Diesel,Manual,15.1,2200,950000,2011
11653,Hyundai,Venue,2,14500,Petrol,Manual,18.27,1000,1025000,2019
5235,Maruti,Alto,6,57000,Petrol,Manual,22.74,800,285000,2000
8125,Maruti,Alto,12,50000,Petrol,Manual,19.7,800,175000,2000
815,Maruti,Vitara,4,35000,Diesel,Manual,24.3,1250,884000,2016
6363,Volkswagen,Polo,11,39800,Petrol,Manual,16.47,1200,265000,2010
14554,Toyota,Innova,12,110000,Diesel,Manual,12.8,2500,625000,2005
2448,Hyundai,Grand,6,55000,Petrol,Automatic,18.9,1200,525000,2013
6355,Ford,Ecosport,7,80000,Diesel,Manual,22.7,1500,590000,2013
1156,Maruti,Wagon R,9,20000,Petrol,Manual,18.9,1000,230000,1999
9630,Honda,Amaze,2,19000,Petrol,Manual,17.8,1200,580000,2013
9616,Hyundai,Grand,5,54000,Diesel,Manual,24.0,1100,465000,2013
1400,Maruti,Alto,11,48156,Petrol,Manual,19.7,800,135000,2000
7005,Hyundai,i20,5,52000,Diesel,Manual,22.54,1400,625000,2008
14750,Honda,City,4,12729,Petrol,Manual,17.14,1500,1138000,1998
15014,Volkswagen,Vento,8,44000,Petrol,Manual,15.04,1600,395000,2010
8175,Ford,Figo,10,123000,Diesel,Manual,20.0,1400,180000,2010
595,Hyundai,Creta,3,39000,Petrol,Automatic,13.0,1600,1250000,2015
5499,Toyota,Innova,5,92000,Diesel,Manual,12.8,2500,1150000,2005
7669,Hyundai,i10,11,57726,Petrol,Manual,20.36,1200,235000,2007
13347,BMW,5,9,65000,Diesel,Automatic,11.5,3000,1855000,2007
14900,Renault,KWID,3,50000,Petrol,Manual,25.17,800,300000,2015
9622,Renault,Duster,8,63000,Diesel,Manual,20.45,1500,415000,2012
1747,Ford,Ecosport,2,67000,Diesel,Manual,23.0,1500,979000,2013
6455,Hyundai,Verna,6,90000,Diesel,Manual,22.32,1600,685000,2006
3566,Tata,Hexa,3,40000,Diesel,Automatic,17.6,2200,1400000,2017
9216,Hyundai,Creta,4,34500,Diesel,Automatic,17.6,1600,1155000,2015
6560,Datsun,RediGO,5,35000,Petrol,Manual,22.7,800,300000,2016
5938,Hyundai,Verna,4,40728,Diesel,Manual,22.0,1600,850000,2006
1801,Hyundai,i20,5,50000,Petrol,Manual,18.6,1200,540000,2008
9977,Mahindra,XUV500,5,57000,Diesel,Manual,16.0,2000,993000,2011
9536,Honda,City,5,25000,Petrol,Automatic,18.0,1500,870000,1998
6434,Maruti,Swift Dzire,6,110000,Diesel,Manual,26.59,1250,440000,2008
5598,Maruti,Alto,3,31393,Petrol,Manual,23.95,1000,350000,2000
9075,Maruti,Alto,10,70000,Petrol,Manual,20.92,1000,150000,2000
15383,Honda,Jazz,6,90000,Diesel,Manual,27.3,1500,640000,2009
7051,Hyundai,Verna,11,50111,Diesel,Manual,16.2,1500,199000,2006
14300,Maruti,Alto,8,35000,Petrol,Manual,22.74,800,185000,2000
11071,Maruti,Eeco,5,63530,Petrol,Manual,15.37,1200,245000,2010
6566,Hyundai,Creta,4,40000,Diesel,Manual,19.67,1600,870000,2015
14317,Honda,City,22,70000,Petrol,Manual,13.0,1500,70000,1998
4785,Honda,Jazz,6,39800,Petrol,Manual,18.7,1200,585000,2009
11727,Maruti,Wagon R,4,30000,"Others (CNG,LPG)",Manual,33.54,1000,450000,1999
4052,Maruti,Swift,7,50000,Petrol,Manual,18.6,1200,500000,2005
10079,Toyota,Innova,4,27000,Diesel,Manual,13.68,2400,1485000,2005
14098,Hyundai,i10,11,25000,Petrol,Manual,20.36,1200,220000,2007
8728,Tata,Tiago,3,30000,Petrol,Manual,23.84,1200,400000,2016
10056,Hyundai,i20,4,24278,Petrol,Manual,18.6,1200,535000,2008
10803,Mercedes-Benz,GL-Class,5,61000,Diesel,Automatic,12.0,3000,4660000,2010
4695,Maruti,Swift,3,13300,Petrol,Manual,22.0,1200,650000,2005
8560,Volkswagen,Polo,6,46888,Petrol,Manual,16.47,1200,400000,2010
9869,Hyundai,Verna,3,11500,Petrol,Manual,17.43,1400,825000,2006
15319,Maruti,Swift Dzire,9,66000,Petrol,Manual,17.5,1300,425000,2008
5959,Honda,Jazz,5,66325,Diesel,Manual,27.3,1500,625000,2009
3267,Maruti,Ertiga,3,24812,Diesel,Manual,25.47,1250,950000,2012
4394,Hyundai,i10,12,18000,Petrol,Manual,20.36,1200,330000,2007
2146,Maruti,Ciaz,5,53000,Petrol,Manual,20.73,1400,635000,2014
7544,Honda,City,7,45000,Petrol,Manual,17.8,1500,525000,1998
9621,Volkswagen,Polo,10,62000,Petrol,Manual,16.47,1200,315000,2010
4035,Hyundai,i20,3,25645,Diesel,Manual,22.54,1400,780000,2008
11854,Maruti,Swift,7,103000,Diesel,Manual,25.2,1250,500000,2005
9167,Maruti,Swift,7,56000,Petrol,Manual,16.1,1200,401000,2005
11115,Ford,Ecosport,4,24000,Diesel,Manual,22.77,1500,680000,2013
9157,Maruti,Wagon R,3,3944,Petrol,Automatic,20.51,1000,485000,1999
6594,Toyota,Innova,11,150000,Diesel,Manual,12.8,2500,850000,2005
12070,Renault,KWID,3,35000,Petrol,Automatic,24.04,1000,375000,2015
359,Maruti,Wagon R,2,3600,Petrol,Automatic,20.52,1200,575000,1999
11445,Maruti,Swift Dzire,9,45000,Petrol,Automatic,17.4,1200,395000,2008
14176,Datsun,RediGO,3,18628,Petrol,Automatic,22.5,1000,270000,2016
11126,Maruti,Ertiga,8,72000,Diesel,Manual,25.47,1250,475000,2012
583,Maruti,Alto,10,35000,Petrol,Manual,20.92,1000,220000,2000
5679,Maruti,Alto,4,35000,Petrol,Manual,23.95,1000,370000,2000
6891,Toyota,Innova,11,163876,Diesel,Manual,12.8,2500,675000,2005
581,Maruti,Swift Dzire,9,60000,Petrol,Manual,17.5,1200,350000,2008
14480,Maruti,Alto,15,75000,Petrol,Manual,19.7,800,105000,2000
566,Maruti,Swift Dzire,6,84405,Diesel,Manual,26.59,1250,530000,2008
2480,Hyundai,i10,9,37590,Petrol,Automatic,16.95,1200,370000,2007
5091,Maruti,Swift,14,106000,Diesel,Manual,17.8,1250,299000,2005
4653,Maruti,Alto,5,70000,Petrol,Manual,22.74,800,250000,2000
6251,Maruti,Alto,3,5000,Petrol,Manual,23.95,1000,350000,2000
13436,Toyota,Innova,5,120000,Diesel,Automatic,11.36,2800,1685000,2005
1763,Hyundai,i20,10,89000,Petrol,Automatic,15.0,1400,325000,2008
8670,Tata,Tigor,3,65000,Diesel,Manual,24.7,1050,600000,2017
7584,Mahindra,KUV100,3,15000,Petrol,Manual,18.15,1200,450000,2016
1869,Ford,Figo,9,46573,Petrol,Manual,15.6,1200,269000,2010
8319,Hyundai,i20,5,19000,Petrol,Manual,18.6,1200,499000,2008
10670,Toyota,Innova,11,44000,Diesel,Manual,12.8,2500,700000,2005
6479,Skoda,Octavia,7,65000,Diesel,Automatic,19.3,2000,1250000,2001
14801,Honda,Jazz,6,55937,Petrol,Manual,18.7,1200,635000,2009
8176,Skoda,Superb,8,40000,Petrol,Manual,13.14,1800,430000,2004
13019,Renault,KWID,5,26957,Petrol,Manual,25.17,800,365000,2015
929,Hyundai,Verna,3,18329,Diesel,Manual,22.0,1600,990000,2006
2615,Hyundai,i10,9,50000,Petrol,Manual,20.36,1200,311000,2007
10199,Maruti,Ertiga,2,22000,Petrol,Manual,19.34,1500,935000,2012
6555,Renault,KWID,5,50000,Petrol,Manual,25.17,800,330000,2015
13152,Maruti,Ciaz,4,26000,Petrol,Manual,20.73,1400,740000,2014
5573,Hyundai,Verna,5,5000,Petrol,Manual,17.01,1600,750000,2006
6334,Maruti,Alto,4,30903,Petrol,Manual,23.95,1000,377000,2000
540,Maruti,Alto,5,50000,Petrol,Manual,24.7,800,220000,2000
8950,Skoda,Rapid,7,20000,Petrol,Manual,15.0,1600,450000,2011
12247,Volkswagen,Vento,2,2700,Petrol,Automatic,14.4,1600,1000000,2010
3737,Volkswagen,Polo,8,44900,Petrol,Automatic,17.2,1200,495000,2010
10261,Honda,Amaze,7,43000,Diesel,Manual,25.8,1500,299000,2013
12144,Honda,Amaze,7,57258,Diesel,Manual,25.8,1500,375000,2013
12645,Ford,Ecosport,7,71425,Diesel,Manual,22.7,1500,571000,2013
645,Maruti,Alto,16,120000,Petrol,Manual,19.7,800,95000,2000
14336,Hyundai,Grand,5,45500,Petrol,Manual,18.9,1200,420000,2013
11170,Maruti,Baleno,2,11000,Petrol,Manual,21.01,1200,680000,2015
6398,Volkswagen,Vento,2,1500,Diesel,Manual,22.27,1500,975000,2010
13779,Volkswagen,Vento,8,118000,Diesel,Manual,20.54,1600,540000,2010
1165,Ford,Aspire,5,20000,Petrol,Manual,18.16,1200,525000,2015
14965,Datsun,RediGO,5,64968,Petrol,Manual,22.7,800,250000,2016
12312,Volkswagen,Vento,7,37540,Petrol,Automatic,16.93,1200,565000,2010
8282,Honda,Jazz,5,48731,Petrol,Manual,18.7,1200,650000,2009
4751,Hyundai,Grand,4,24000,Petrol,Automatic,18.9,1200,499000,2013
5634,Hyundai,Verna,9,57140,Diesel,Automatic,19.08,1600,575000,2006
6427,Hyundai,i20,3,35575,Diesel,Manual,22.54,1400,710000,2008
14574,Honda,City,13,43639,Petrol,Automatic,12.0,1500,300000,1998
720,Mahindra,XUV500,3,20000,Diesel,Manual,16.0,2200,1500000,2011
11926,Mercedes-Benz,E-Class,3,25000,Diesel,Automatic,16.1,1950,5000000,1996
6704,Renault,KWID,5,64000,Petrol,Manual,25.17,800,350000,2015
15028,Mahindra,Scorpio,15,132087,Diesel,Manual,10.5,2200,396000,2002
9288,Hyundai,i20,9,100000,Diesel,Manual,23.0,1400,300000,2008
9815,Mahindra,Scorpio,10,65001,Diesel,Manual,12.05,2200,449000,2002
15043,Ford,Figo,10,75000,Diesel,Manual,18.5,1400,230000,2010
8215,Honda,City,9,55000,Petrol,Manual,16.8,1500,379000,1998
7086,Ford,Figo,4,83000,Diesel,Manual,24.4,1500,650000,2010
9590,Volkswagen,Polo,4,35000,Petrol,Automatic,17.21,1200,735000,2010
6831,Ford,Figo,7,73500,Diesel,Manual,20.0,1400,275000,2010
5864,Hyundai,Verna,5,85000,Diesel,Automatic,19.08,1600,730000,2006
8464,Toyota,Innova,4,82000,Diesel,Manual,13.68,2400,1580000,2005
2080,Honda,City,12,67500,Petrol,Automatic,16.8,1500,290000,1998
6366,Mahindra,Scorpio,17,120000,Diesel,Manual,10.5,2200,145000,2002
284,Honda,City,11,57977,Petrol,Manual,17.0,1500,299000,1998
13607,Maruti,Ciaz,4,31000,Petrol,Manual,20.73,1400,785000,2014
13310,Hyundai,i10,10,50000,Petrol,Manual,20.36,1200,210000,2007
13960,Toyota,Fortuner,4,70000,Diesel,Manual,14.24,2800,2800000,2009
699,Honda,City,10,60000,Petrol,Manual,17.0,1500,350000,1998
9480,Maruti,Swift Dzire,4,19843,Petrol,Automatic,22.0,1200,620000,2008
2609,Maruti,Vitara,3,32000,Diesel,Manual,24.3,1250,920000,2016
8601,Toyota,Innova,6,181684,Diesel,Manual,12.99,2500,975000,2005
7687,Maruti,Alto,19,54000,Petrol,Manual,19.7,800,90000,2000
4482,Honda,City,4,50950,Petrol,Manual,17.8,1500,940000,1998
5100,Toyota,Innova,6,200000,Diesel,Manual,12.99,2500,850000,2005
11078,Toyota,Camry,5,65000,Petrol,Automatic,19.16,2500,1975000,2002
9914,Maruti,Swift,3,30000,Petrol,Automatic,22.0,1200,650000,2005
552,Renault,KWID,2,10000,Petrol,Automatic,24.04,1000,400000,2015
10668,Hyundai,i20,9,54000,Petrol,Manual,18.5,1200,315000,2008
4356,Maruti,Swift Dzire,3,35000,Petrol,Manual,22.0,1200,630000,2008
7339,Honda,City,6,48000,Diesel,Manual,26.0,1500,650000,1998
13920,Renault,KWID,5,26500,Petrol,Manual,25.17,800,360000,2015
4743,Honda,WR-V,4,20000,Petrol,Manual,17.5,1200,850000,2017
12285,Toyota,Innova,4,167000,Diesel,Manual,13.68,2400,1695000,2005
1651,Toyota,Innova,8,80000,Diesel,Manual,12.99,2500,600000,2005
11939,Maruti,Celerio,5,20000,Petrol,Automatic,23.1,1000,470000,2014
12109,Maruti,Swift,4,83000,Diesel,Manual,25.2,1250,630000,2005
11891,Honda,WR-V,3,18823,Petrol,Manual,17.5,1200,840000,2017
13346,Hyundai,Creta,2,12000,Petrol,Manual,15.8,1600,1070000,2015
387,Toyota,Fortuner,3,35000,Diesel,Automatic,12.9,2800,2950000,2009
7453,Tata,Tiago,5,60000,Diesel,Manual,27.28,1050,400000,2016
9699,Honda,City,6,63000,Diesel,Manual,26.0,1500,575000,1998
3195,Toyota,Innova,8,277000,Diesel,Manual,12.99,2500,950000,2005
1150,Toyota,Innova,4,136226,Diesel,Automatic,11.36,2800,1425000,2005
1628,Hyundai,Grand,1,5000,Petrol,Manual,20.7,1200,800000,2013
9916,Hyundai,Verna,7,47000,Diesel,Automatic,22.32,1600,545000,2006
10061,Maruti,Swift Dzire,3,11000,Petrol,Automatic,22.0,1200,650000,2008
2298,Mahindra,KUV,4,42000,Petrol,Manual,18.15,1200,475000,2016
10462,Maruti,Swift Dzire,4,48000,Diesel,Automatic,28.4,1250,650000,2008
684,Toyota,Innova,8,387000,Diesel,Manual,12.99,2500,700000,2005
13670,Maruti,Alto,5,40000,Petrol,Manual,23.95,1000,350000,2000
11732,Tata,Nexon,3,30000,Petrol,Manual,17.0,1200,600000,2017
11502,Hyundai,i10,9,72000,Petrol,Manual,20.36,1200,240000,2007
555,Maruti,Swift Dzire,3,100000,Diesel,Manual,23.4,1250,531000,2008
2499,Mahindra,Scorpio,11,110000,Diesel,Manual,12.05,2200,445000,2002
8495,Maruti,Wagon R,9,43000,Petrol,Manual,21.79,1000,245000,1999
7228,Maruti,Alto,2,15000,Petrol,Manual,24.7,800,310000,2000
11645,BMW,5,11,90000,Diesel,Automatic,11.5,3000,1695000,2007
6677,Maruti,Swift Dzire,9,28000,Petrol,Manual,20.85,1200,495000,2008
4358,Maruti,Vitara,5,54566,Diesel,Manual,24.3,1250,789000,2016
12249,Maruti,Vitara,4,36000,Diesel,Manual,24.3,1250,895000,2016
3577,Honda,City,2,10000,Petrol,Automatic,18.0,1500,1150000,1998
8173,Volkswagen,Polo,4,76500,Diesel,Manual,20.14,1500,570000,2010
15291,Mahindra,XUV500,6,45737,Diesel,Manual,16.0,2200,1280000,2011
9712,Maruti,Ciaz,3,37000,Petrol,Manual,21.56,1500,700000,2014
601,Maruti,Ertiga,6,51000,Diesel,Manual,20.77,1250,600000,2012
3890,Skoda,Rapid,9,163971,Diesel,Manual,20.5,1600,450000,2011
1393,Maruti,Wagon R,6,60000,Petrol,Manual,20.51,1000,325000,1999
6550,Mercedes-Benz,E-Class,14,52483,Diesel,Automatic,11.0,3000,1050000,1996
749,Maruti,Alto,18,120000,Petrol,Manual,19.7,800,65000,2000
2910,Renault,KWID,5,35000,Petrol,Manual,25.17,800,250000,2015
1448,Hyundai,Creta,3,35000,Diesel,Manual,20.5,1600,1300000,2015
6854,Datsun,GO,5,40000,Petrol,Manual,20.63,1200,335000,2014
7877,Tata,Tiago,3,80000,Petrol,Manual,23.84,1200,360000,2016
2916,Mahindra,Scorpio,5,56000,Diesel,Manual,15.4,2500,875000,2002
11661,Ford,Ecosport,3,28000,Diesel,Manual,23.0,1500,811000,2013
7011,BMW,X3,8,37000,Diesel,Automatic,16.09,2000,2375000,2007
12722,Skoda,Rapid,5,39000,Petrol,Automatic,14.3,1600,625000,2011
13649,Tata,Safari,10,35000,Diesel,Manual,13.93,2200,675000,1998
10089,Renault,Duster,8,58327,Diesel,Manual,19.01,1500,415000,2012
2463,Maruti,Vitara,4,39100,Diesel,Manual,24.3,1250,790000,2016
2930,Honda,City,2,20000,Petrol,Automatic,18.0,1500,1125000,1998
7881,Maruti,Alto,4,10000,Petrol,Manual,24.7,800,321000,2000
12343,Honda,City,7,98000,Diesel,Manual,26.0,1500,595000,1998
4641,Skoda,Rapid,6,77000,Diesel,Manual,21.14,1500,680000,2011
11861,Hyundai,i20,7,35144,Petrol,Manual,18.6,1200,525000,2008
7616,Honda,City,4,61000,Diesel,Manual,26.0,1500,870000,1998
7803,Maruti,Swift Dzire,12,56000,Petrol,Manual,17.5,1300,325000,2008
9589,Honda,Amaze,4,32000,Petrol,Manual,17.8,1200,495000,2013
8835,Mahindra,XUV500,8,40000,Diesel,Manual,15.1,2200,850000,2011
2828,Volkswagen,Polo,6,52000,Petrol,Automatic,17.21,1200,699000,2010
798,Maruti,Celerio,7,9000,Petrol,Automatic,23.1,1000,360000,2014
4227,Toyota,Innova,5,44236,Diesel,Manual,12.99,2500,1611000,2005
558,Volkswagen,Vento,9,81000,Diesel,Manual,20.54,1600,465000,2010
9708,Maruti,Swift,8,99426,Diesel,Manual,22.9,1250,353000,2005
4090,Maruti,Wagon R,9,109000,"Others (CNG,LPG)",Manual,14.4,1000,260000,1999
6333,Ford,Ecosport,5,175000,Diesel,Manual,22.77,1500,680000,2013
7913,Mahindra,KUV100,3,65000,Petrol,Manual,18.15,1200,300000,2016
5588,Maruti,Swift,9,87000,Diesel,Manual,22.9,1250,450000,2005
11593,Honda,Amaze,3,26718,Diesel,Manual,24.7,1500,935000,2013
5370,Maruti,Ciaz,3,24300,Diesel,Manual,28.09,1250,800000,2014
8185,Maruti,Wagon R,8,16000,Petrol,Manual,20.51,1000,299000,1999
15316,Maruti,Wagon R,15,60000,Petrol,Manual,18.9,1000,80000,1999
7066,Maruti,Alto,6,45000,Petrol,Manual,24.7,800,265000,2000
619,Mahindra,Thar,6,27000,Diesel,Manual,16.55,2500,800000,2010
6195,Hyundai,i20,4,30000,Petrol,Manual,18.6,1200,630000,2008
12746,Hyundai,Grand,6,10000,Petrol,Manual,18.9,1200,450000,2013
13540,Maruti,Swift Dzire,5,90000,Diesel,Automatic,26.59,1250,715000,2008
14266,Hyundai,i10,13,78000,Petrol,Manual,19.81,1100,260000,2007
13110,Skoda,Rapid,2,35000,Diesel,Automatic,21.72,1500,1000000,2011
12193,Skoda,Superb,5,59000,Petrol,Automatic,14.67,1800,1850000,2004
6386,Hyundai,Grand,5,30000,Petrol,Manual,18.9,1200,420000,2013
8850,Tata,Safari,3,60000,Diesel,Manual,14.1,2200,1100000,1998
5224,Maruti,Swift Dzire,8,73000,Diesel,Manual,23.4,1250,580000,2008
12762,Volkswagen,Polo,6,32000,Petrol,Manual,16.2,1200,615000,2010
2486,Hyundai,i20,8,28000,Petrol,Manual,18.5,1200,425000,2008
14819,Tata,Nexon,2,10000,Petrol,Automatic,17.0,1200,700000,2017
9922,Hyundai,Creta,3,73249,Diesel,Manual,21.38,1400,865000,2015
3009,Volkswagen,Vento,10,84000,Petrol,Manual,15.04,1600,260000,2010
2249,Toyota,Innova,4,100000,Diesel,Automatic,11.36,2800,1575000,2005
10878,Maruti,Vitara,4,70000,Diesel,Manual,24.3,1250,700000,2016
10146,Hyundai,i20,6,55000,Petrol,Manual,17.19,1200,525000,2008
3251,Volkswagen,Polo,5,60000,Petrol,Automatic,17.21,1200,690000,2010
4436,Maruti,Alto,4,60000,Petrol,Manual,22.74,800,310000,2000
8814,Toyota,Innova,9,165000,Diesel,Manual,12.8,2500,850000,2005
11691,Renault,Duster,7,63000,Diesel,Manual,19.01,1500,591000,2012
1175,Honda,City,4,49000,Petrol,Automatic,17.4,1500,970000,1998
6346,Skoda,Rapid,3,35000,Diesel,Automatic,21.66,1500,1090000,2011
14665,Maruti,Swift Dzire,7,90000,Diesel,Manual,19.3,1250,410000,2008
9697,Audi,A4,7,85000,Diesel,Automatic,17.11,2000,1450000,2008
14787,Volkswagen,Vento,9,56527,Petrol,Manual,15.04,1600,500000,2010
6580,Ford,Figo,9,98398,Diesel,Manual,20.0,1400,200000,2010
2039,Renault,Duster,8,39000,Diesel,Manual,19.01,1500,450000,2012
2363,Toyota,Innova,7,34000,Diesel,Manual,12.99,2500,1195000,2005
11119,Honda,Amaze,6,68000,Diesel,Manual,25.8,1500,400000,2013
2651,Hyundai,i20,4,24000,Diesel,Manual,22.54,1400,750000,2008
11518,Honda,City,4,55000,Petrol,Manual,17.0,1500,745000,1998
12199,Hyundai,i20,3,9300,Petrol,Manual,18.6,1200,675000,2008
12884,Maruti,Alto,5,50000,Petrol,Manual,22.74,800,250000,2000
3872,Maruti,Swift,5,49000,Petrol,Manual,21.21,1200,490000,2005
14211,Hyundai,i20,4,70650,Petrol,Manual,18.6,1200,600000,2008
576,Honda,City,3,31543,Petrol,Manual,16.8,1500,875000,1998
1315,Hyundai,Creta,5,10000,Petrol,Manual,15.29,1600,1000000,2015
9326,Toyota,Innova,4,65000,Diesel,Automatic,11.36,2800,1430000,2005
11135,Hyundai,i20,10,60000,Petrol,Manual,17.0,1200,245000,2008
1020,Hyundai,Elantra,6,65000,Diesel,Automatic,19.5,1600,795000,2004
7285,Maruti,Wagon R,5,63554,Petrol,Manual,20.51,1000,350000,1999
6737,Hyundai,i20,3,18800,Diesel,Manual,22.54,1400,790000,2008
8750,Maruti,Swift,7,67067,Diesel,Manual,28.4,1250,425000,2005
11929,Honda,Jazz,6,63000,Petrol,Manual,18.7,1200,485000,2009
13510,Ford,Figo,6,120000,Diesel,Manual,20.0,1400,280000,2010
13866,Maruti,Ertiga,5,86000,Diesel,Manual,24.52,1250,700000,2012
13531,Maruti,Wagon R,5,18307,Petrol,Automatic,20.51,1000,415000,1999
5214,Maruti,Alto,9,67000,Petrol,Manual,18.9,800,245000,2000
12980,Honda,City,2,9000,Diesel,Manual,25.6,1500,1300000,1998
1601,Maruti,Celerio,4,25000,Petrol,Automatic,23.1,1000,500000,2014
12218,Hyundai,i20,6,81465,Petrol,Manual,18.6,1200,490000,2008
9571,Honda,City,7,59000,Diesel,Manual,25.1,1500,550000,1998
12603,Volkswagen,Polo,5,39000,Diesel,Manual,20.14,1500,550000,2010
12561,Maruti,Swift Dzire,4,50000,Diesel,Automatic,28.4,1250,850000,2008
11409,Maruti,Wagon R,10,57000,"Others (CNG,LPG)",Manual,26.2,1000,210000,1999
7962,Maruti,Celerio,3,15000,Petrol,Manual,23.1,1000,425000,2014
10932,Maruti,Swift Dzire,9,120000,Diesel,Manual,19.3,1250,325000,2008
14447,Hyundai,Verna,9,58000,Diesel,Manual,22.32,1600,619000,2006
6721,Hyundai,i10,9,70000,Petrol,Manual,20.36,1200,250000,2007
14513,Skoda,Rapid,7,65000,Petrol,Manual,15.0,1600,575000,2011
1894,Tata,Tiago,3,42000,Diesel,Manual,27.28,1050,495000,2016
12638,Maruti,Swift Dzire,8,80000,Diesel,Manual,23.4,1250,475000,2008
7989,Maruti,Wagon R,3,40000,Petrol,Manual,20.51,1000,375000,1999
6219,Maruti,Swift Dzire,3,40000,Diesel,Manual,28.4,1250,760000,2008
11932,Maruti,Swift Dzire,3,28229,Diesel,Automatic,28.4,1250,799000,2008
14517,Skoda,Octavia,3,63500,Diesel,Automatic,19.5,2000,1950000,2001
15299,Hyundai,Verna,13,11400,Diesel,Manual,22.32,1600,170000,2006
10867,Ford,Ecosport,7,43000,Diesel,Manual,22.7,1500,540000,2013
10301,Maruti,Ertiga,2,22000,Diesel,Manual,24.52,1250,1050000,2012
1115,Maruti,Swift,9,62000,Diesel,Manual,22.9,1250,349000,2005
7274,Honda,City,6,45000,Diesel,Manual,25.1,1500,575000,1998
6565,Ford,Ecosport,7,49000,Diesel,Manual,22.7,1500,649000,2013
13405,Maruti,Celerio,5,48129,"Others (CNG,LPG)",Manual,31.79,1000,411000,2014
1177,Tata,Tiago,3,68000,Diesel,Manual,27.28,1050,381000,2016
14353,Hyundai,Creta,3,40000,Diesel,Manual,19.67,1600,1275000,2015
2195,Honda,Jazz,4,19000,Petrol,Automatic,19.0,1200,735000,2009
1454,BMW,X3,9,200000,Diesel,Automatic,16.09,2000,1500000,2007
9760,Maruti,Swift,13,63248,Petrol,Manual,16.1,1200,170000,2005
3006,Maruti,Ciaz,3,41000,Petrol,Automatic,19.12,1400,895000,2014
333,Ford,Ecosport,2,15000,Petrol,Manual,18.1,1000,1000000,2013
6739,Maruti,Alto,5,42540,Petrol,Manual,22.74,800,290000,2000
13577,Maruti,Wagon R,3,27823,"Others (CNG,LPG)",Manual,32.52,1000,425000,1999
2857,Maruti,Swift Dzire,5,45000,Diesel,Automatic,26.59,1250,695000,2008
11480,Hyundai,Verna,9,94892,Diesel,Manual,22.32,1600,310000,2006
11026,Maruti,Swift Dzire,6,79000,Diesel,Manual,19.3,1250,425000,2008
10393,Maruti,Swift,7,55000,Diesel,Manual,28.4,1250,360000,2005
7428,Maruti,Alto,6,50000,Petrol,Manual,22.74,800,250000,2000
12654,Maruti,Swift Dzire,6,19238,Petrol,Manual,20.85,1200,490000,2008
4361,Hyundai,Verna,8,87000,Diesel,Automatic,19.08,1600,595000,2006
202,Maruti,Baleno,4,25000,Petrol,Manual,21.4,1200,590000,2015
13330,Honda,City,13,120000,Petrol,Manual,17.7,1500,400000,1998
11436,Honda,Amaze,3,38000,Petrol,Manual,17.8,1200,600000,2013
9172,Hyundai,Grand,7,55000,Diesel,Manual,24.0,1200,375000,2013
2149,Hyundai,i20,8,80000,Petrol,Manual,18.5,1200,400000,2008
7523,Maruti,Swift Dzire,4,19000,Petrol,Manual,21.21,1200,650000,2008
10840,Hyundai,i20,4,23082,Petrol,Manual,18.6,1200,625000,2008
855,Maruti,Swift,9,120000,Diesel,Manual,22.9,1250,500000,2005
192,Honda,City,7,86113,Petrol,Manual,17.4,1500,550000,1998
2091,Maruti,Swift Dzire,7,90000,Diesel,Manual,23.4,1250,580000,2008
3112,Maruti,Vitara,4,38000,Diesel,Manual,24.3,1250,800000,2016
13075,Hyundai,i20,6,48000,Diesel,Manual,22.54,1400,635000,2008
25,Maruti,Swift Dzire,6,90000,Diesel,Manual,26.59,1250,600000,2008
15003,Mercedes-Benz,C-Class,9,65000,Petrol,Automatic,11.7,1800,1225000,2001
9892,Hyundai,Grand,4,21000,Diesel,Manual,24.0,1200,455000,2013
5753,Hyundai,Venue,2,40000,Diesel,Manual,23.7,1500,1080000,2019
8461,Hyundai,Verna,6,27500,Petrol,Manual,17.7,1500,490000,2006
767,Mercedes-Benz,E-Class,4,48000,Diesel,Automatic,16.1,1950,3750000,1996
512,Honda,City,10,119000,Petrol,Manual,17.0,1500,400000,1998
4409,Maruti,Alto,7,35000,Petrol,Manual,23.95,1000,213000,2000
14549,Hyundai,Santro,14,80000,Petrol,Manual,17.8,1100,110000,1998
14490,Maruti,Wagon R,2,22000,"Others (CNG,LPG)",Manual,26.6,1000,517000,1999
3526,Hyundai,i20,3,70000,Diesel,Manual,22.54,1400,920000,2008
13293,Maruti,Eeco,4,48000,"Others (CNG,LPG)",Manual,15.1,1200,421000,2010
6616,Mercedes-Benz,E-Class,11,78000,Diesel,Automatic,14.21,2100,1100000,1996
10949,Hyundai,Verna,8,74000,Petrol,Manual,17.01,1600,425000,2006
3734,Maruti,Baleno,5,15068,Petrol,Manual,21.4,1200,560000,2015
1935,Hyundai,i20,10,23000,Petrol,Manual,18.5,1200,340000,2008
14968,Mahindra,Scorpio,7,155000,Diesel,Manual,12.05,2200,590000,2002
14406,Maruti,Alto,1,7000,Petrol,Manual,22.05,800,365000,2000
6486,Maruti,Swift,9,35000,Petrol,Manual,18.6,1200,395000,2005
10805,Honda,Amaze,6,25000,Petrol,Manual,18.0,1200,390000,2013
3725,Maruti,Baleno,4,13355,Petrol,Manual,21.4,1200,565000,2015
15197,Renault,KWID,5,39920,Petrol,Manual,25.17,800,335000,2015
5568,Maruti,Alto,4,40000,Petrol,Manual,23.95,1000,306000,2000
2017,Maruti,Swift Dzire,4,81000,Petrol,Manual,20.85,1200,625000,2008
2553,Toyota,Innova,15,110000,Diesel,Manual,12.8,2500,390000,2005
11678,Hyundai,Grand,6,100000,Petrol,Manual,18.9,1200,400000,2013
2097,BMW,5,5,30000,Petrol,Automatic,14.04,2000,3000000,2007
3564,Mahindra,Bolero,13,15000,Diesel,Manual,13.6,2500,250000,2000
6756,Mahindra,Bolero,4,73000,Diesel,Manual,15.96,2500,775000,2000
10887,Hyundai,Grand,7,41000,Petrol,Manual,18.9,1200,355000,2013
12520,Honda,City,14,90000,Petrol,Manual,16.9,1500,275000,1998
11613,Honda,Amaze,7,92500,Diesel,Manual,25.8,1500,300000,2013
13755,Maruti,Wagon R,5,14000,Petrol,Manual,20.51,1000,440000,1999
12986,Maruti,Swift,3,45000,Petrol,Automatic,22.0,1200,645000,2005
13008,Hyundai,Santro,13,80000,Petrol,Manual,17.92,1100,120000,1998
11330,BMW,5,7,44000,Diesel,Automatic,18.12,2000,2025000,2007
3496,Honda,Jazz,4,27826,Petrol,Automatic,19.0,1200,725000,2009
9254,Mahindra,Scorpio,2,41000,Diesel,Manual,16.36,2200,1175000,2002
5897,Hyundai,i10,10,94000,Petrol,Automatic,16.95,1200,365000,2007
14258,Volkswagen,Polo,3,26193,Petrol,Automatic,17.21,1200,972000,2010
5712,Maruti,Ertiga,2,20000,Diesel,Manual,25.47,1250,1064000,2012
1200,Ford,Endeavour,4,32000,Diesel,Automatic,10.91,3200,2550000,2003
9483,Maruti,Wagon R,3,33955,"Others (CNG,LPG)",Manual,33.54,1000,425000,1999
8257,Hyundai,i20,11,100000,Petrol,Manual,17.0,1200,190000,2008
10223,Maruti,Ciaz,3,18894,Petrol,Automatic,20.04,1500,850000,2014
3867,Hyundai,i10,10,45000,Petrol,Automatic,19.2,1200,385000,2007
4879,Mahindra,XUV500,3,23000,Diesel,Manual,15.1,2200,1600000,2011
330,Hyundai,i20,4,35000,Petrol,Manual,18.6,1200,550000,2008
3007,Maruti,Vitara,5,53085,Diesel,Manual,24.3,1250,825000,2016
13828,Renault,Duster,8,250000,Diesel,Manual,20.45,1500,550000,2012
12589,Honda,City,6,64700,Petrol,Automatic,18.0,1500,690000,1998
7310,Maruti,Vitara,3,64000,Diesel,Manual,24.3,1250,790000,2016
9918,Maruti,Wagon R,6,56931,Petrol,Manual,20.51,1000,320000,1999
6579,Honda,WR-V,3,78430,Diesel,Manual,25.5,1500,800000,2017
7761,Hyundai,Santro,11,65000,Petrol,Manual,17.92,1100,220000,1998
13632,Maruti,Wagon R,4,27500,Petrol,Manual,20.51,1000,440000,1999
9119,Honda,Amaze,4,100000,Diesel,Manual,25.8,1500,410000,2013
3521,Tata,Tiago,2,40000,Diesel,Manual,27.28,1050,665000,2016
12691,Maruti,Swift,4,47050,Petrol,Manual,21.21,1200,530000,2005
6568,Hyundai,Grand,5,65834,Petrol,Manual,18.9,1200,550000,2013
10163,Toyota,Fortuner,8,170000,Diesel,Manual,13.0,3000,1100000,2009
10272,Maruti,Swift Dzire,6,16881,Petrol,Manual,20.85,1200,525000,2008
3264,Maruti,Vitara,2,37095,Diesel,Manual,24.3,1250,895000,2016
9967,Honda,City,4,55598,Diesel,Manual,25.6,1500,1051000,1998
13024,Hyundai,i20,8,50000,Petrol,Manual,18.5,1200,425000,2008
6917,Datsun,RediGO,5,18000,Petrol,Manual,22.7,800,285000,2016
4886,Maruti,Wagon R,12,48001,Petrol,Manual,18.9,1000,219000,1999
13886,Hyundai,Grand,6,8700,Petrol,Manual,18.9,1200,475000,2013
10873,BMW,5,4,18000,Diesel,Automatic,22.48,2000,3700000,2007
10153,Hyundai,Verna,8,58000,Diesel,Manual,22.32,1600,390000,2006
9212,Toyota,Innova,6,25000,Diesel,Manual,12.99,2500,300000,2005
5980,Renault,KWID,4,34000,Petrol,Automatic,24.04,1000,395000,2015
3650,Renault,KWID,3,50000,Petrol,Manual,25.17,800,350000,2015
13548,Toyota,Camry,9,83386,Petrol,Automatic,12.98,2500,750000,2002
2286,Maruti,Swift,10,225000,Diesel,Manual,22.9,1250,325000,2005
14829,Honda,City,11,90000,Petrol,Manual,17.0,1500,300000,1998
10659,Maruti,Wagon R,2,36000,Petrol,Manual,21.79,1000,410000,1999
15029,Honda,City,6,15500,Petrol,Manual,17.4,1500,830000,1998
442,Honda,City,12,51000,Petrol,Manual,17.0,1500,275000,1998
1824,Honda,City,6,30000,Petrol,Manual,17.8,1500,510000,1998
6518,Maruti,Eeco,10,62000,Petrol,Manual,15.37,1200,350000,2010
3534,Datsun,RediGO,4,75000,Petrol,Manual,22.7,800,285000,2016
5071,Toyota,Innova,11,200000,Diesel,Manual,12.99,2500,650000,2005
2961,Toyota,Innova,6,199253,Diesel,Manual,12.99,2500,1151000,2005
3755,Honda,Jazz,4,14000,Petrol,Automatic,18.2,1200,680000,2009
14269,Toyota,Innova,11,120000,Diesel,Manual,12.8,2500,650000,2005
14808,Hyundai,Creta,4,100000,Diesel,Manual,21.38,1400,800000,2015
1046,Maruti,Swift Dzire,4,28860,Diesel,Manual,23.4,1250,520000,2008
4934,Maruti,Swift,4,55000,Diesel,Manual,25.2,1250,545000,2005
2772,Maruti,Swift Dzire,7,94000,Petrol,Manual,19.1,1200,475000,2008
8108,Toyota,Innova,4,100000,Diesel,Manual,13.68,2400,1500000,2005
3287,Mahindra,Scorpio,13,97000,Diesel,Manual,12.05,2200,355000,2002
13753,Volkswagen,Polo,10,61000,Petrol,Manual,16.47,1200,320000,2010
12648,BMW,5,5,75000,Diesel,Automatic,22.48,2000,2600000,2007
3764,Hyundai,Verna,8,70000,Diesel,Automatic,22.32,1600,480000,2006
4985,Hyundai,i20,7,75000,Diesel,Manual,22.54,1400,499000,2008
5773,Honda,City,3,19000,Petrol,Automatic,18.0,1500,1150000,1998
5102,Maruti,Alto,3,30000,Petrol,Manual,23.95,1000,350000,2000
13710,Mahindra,Scorpio,14,92000,Diesel,Manual,10.5,2200,295000,2002
8337,Hyundai,i20,10,31280,Petrol,Manual,18.6,1200,150000,2008
7398,Maruti,Alto,11,41000,Petrol,Manual,19.7,800,160000,2000
11151,Audi,A6,5,25000,Petrol,Automatic,15.26,1800,2950000,2005
5097,Hyundai,i10,5,70038,Petrol,Manual,19.81,1100,420000,2007
3769,Tata,Safari,4,100000,Diesel,Manual,14.1,2200,900000,1998
10795,Mercedes-Benz,E-Class,9,48000,Diesel,Automatic,10.0,2150,1075000,1996
1671,Hyundai,Creta,5,20000,Diesel,Manual,19.67,1600,1000000,2015
9022,Hyundai,Creta,5,120000,Diesel,Manual,19.67,1600,875000,2015
8842,Mahindra,XUV500,4,60000,Diesel,Automatic,16.0,2200,1250000,2011
10119,Skoda,Rapid,6,68000,Diesel,Manual,20.5,1600,490000,2011
2269,Volkswagen,Vento,9,19519,Petrol,Manual,15.04,1600,347000,2010
3064,Renault,KWID,2,5000,Petrol,Manual,25.17,800,350000,2015
10646,Maruti,Alto,10,64100,Petrol,Manual,20.92,1000,210000,2000
13658,Hyundai,Verna,7,65694,Petrol,Manual,17.01,1600,510000,2006
13158,Maruti,Swift Dzire,8,46100,Petrol,Manual,19.1,1200,475000,2008
7400,Maruti,Celerio,6,50000,Petrol,Manual,23.1,1000,305000,2014
4851,Hyundai,Verna,9,100000,Diesel,Manual,22.32,1600,360000,2006
5380,Datsun,GO,5,52000,Petrol,Manual,19.44,1200,320000,2014
6462,Toyota,Innova,11,333000,Diesel,Manual,12.8,2500,415000,2005
12930,Ford,Figo,4,40000,Petrol,Manual,18.12,1200,500000,2010
1423,Volkswagen,Vento,8,56000,Petrol,Manual,15.04,1600,395000,2010
2928,Ford,Figo,5,80000,Diesel,Manual,25.83,1500,400000,2010
904,Toyota,Innova,4,50000,Petrol,Automatic,10.75,2700,1495000,2005
2492,Skoda,Octavia,6,115000,Diesel,Automatic,19.3,2000,999000,2001
12214,Maruti,Swift,8,40147,Diesel,Manual,28.4,1250,520000,2005
14079,Hyundai,Verna,3,35000,Diesel,Manual,22.0,1600,960000,2006
8106,Ford,Ecosport,6,160000,Diesel,Manual,22.77,1500,500000,2013
2794,Renault,KWID,5,51000,Petrol,Manual,21.74,1000,315000,2015
326,Hyundai,i10,11,25000,Petrol,Manual,20.36,1200,300000,2007
11786,Volkswagen,Vento,3,16000,Petrol,Manual,16.09,1600,760000,2010
5929,Ford,Aspire,3,21450,Petrol,Manual,18.16,1200,585000,2015
1068,Ford,Ecosport,7,60000,Diesel,Manual,22.7,1500,460000,2013
12350,Honda,Amaze,4,21000,Petrol,Automatic,18.1,1200,575000,2013
9258,Ford,Aspire,6,41000,Diesel,Manual,25.83,1500,490000,2015
8705,Maruti,Alto,8,46783,"Others (CNG,LPG)",Manual,30.46,800,210000,2000
9993,Hyundai,i20,5,60000,Petrol,Manual,18.6,1200,550000,2008
5139,Tata,Tiago,2,23296,Diesel,Manual,27.28,1050,575000,2016
10033,Honda,City,9,69000,Petrol,Manual,16.8,1500,390000,1998
9044,Toyota,Innova,12,120000,Diesel,Manual,12.8,2500,500000,2005
5147,Skoda,Rapid,3,24000,Diesel,Manual,21.13,1500,950000,2011
1958,Hyundai,i20,8,130000,Diesel,Manual,21.9,1400,400000,2008
12952,Maruti,Swift Dzire,10,80930,Petrol,Manual,17.5,1200,400000,2008
12349,Honda,City,5,58000,Diesel,Manual,26.0,1500,625000,1998
5807,Maruti,Baleno,3,15000,Petrol,Manual,21.4,1200,710000,2015
1349,Maruti,Ignis,3,30000,Petrol,Manual,20.89,1200,570000,2017
10330,Mahindra,XUV500,4,43000,Diesel,Automatic,16.0,2000,1195000,2011
352,Honda,City,10,55000,Petrol,Manual,17.0,1500,360000,1998
9304,Hyundai,i20,6,52900,Diesel,Manual,23.0,1400,530000,2008
1134,Honda,Amaze,4,28000,Petrol,Manual,17.8,1200,500000,2013
12651,Hyundai,Creta,6,13000,Petrol,Manual,15.29,1600,950000,2015
14247,Maruti,Celerio,6,76400,Petrol,Automatic,23.1,1000,435000,2014
6852,Tata,Safari,7,88000,Diesel,Manual,14.0,2200,465000,1998
2943,Hyundai,i20,11,90000,Diesel,Manual,23.0,1400,310000,2008
5198,Maruti,Vitara,4,26000,Diesel,Manual,24.3,1250,850000,2016
7053,Maruti,Swift Dzire,6,49000,Diesel,Manual,26.59,1250,470000,2008
5146,Maruti,Alto,8,71239,Petrol,Manual,22.74,800,260000,2000
13700,Volkswagen,Vento,9,37000,Petrol,Manual,15.04,1600,670000,2010
11618,Hyundai,i20,6,32000,Petrol,Manual,18.6,1200,550000,2008
11010,Honda,Civic,12,65000,Petrol,Automatic,12.9,1800,225000,2006
17,Toyota,Innova,8,110000,Diesel,Manual,12.99,2500,605000,2005
5441,Hyundai,Verna,5,53400,Petrol,Manual,17.01,1600,675000,2006
15162,Tata,Safari,15,70000,Diesel,Manual,13.93,3000,300000,1998
12048,Maruti,Swift Dzire,11,70000,Diesel,Manual,19.3,1250,325000,2008
7785,Renault,KWID,4,18000,Petrol,Manual,23.01,1000,265000,2015
13953,Hyundai,Verna,8,78125,Petrol,Manual,17.1,1600,450000,2006
11709,Maruti,Alto,10,60000,Petrol,Manual,20.92,1000,225000,2000
15313,Mahindra,XUV500,2,15000,Diesel,Manual,15.1,2200,1250000,2011
12925,Mahindra,XUV500,5,72000,Diesel,Manual,16.0,2200,1245000,2011
5994,Mahindra,XUV500,3,40000,Diesel,Manual,16.0,2200,1580000,2011
2055,Honda,Amaze,8,45000,Petrol,Manual,18.0,1200,350000,2013
7895,Hyundai,Grand,3,35000,Petrol,Manual,18.9,1200,500000,2013
12243,Hyundai,i20,5,57000,Petrol,Manual,17.19,1200,590000,2008
8390,Honda,Jazz,2,4065,Petrol,Manual,18.7,1200,810000,2009
10783,Hyundai,i20,9,55000,Petrol,Manual,18.5,1200,265000,2008
2202,Tata,Nexon,3,50000,Diesel,Manual,21.5,1500,725000,2017
7882,Renault,Duster,8,67000,Diesel,Manual,19.01,1500,425000,2012
12533,Maruti,Swift Dzire,6,112000,Diesel,Manual,26.59,1250,550000,2008
7357,Maruti,Swift Dzire,9,47000,Diesel,Manual,23.4,1250,371000,2008
165,Maruti,Ertiga,3,30000,Diesel,Manual,25.47,1250,410000,2012
13190,Honda,Jazz,6,40000,Diesel,Manual,27.3,1500,665000,2009
7908,Honda,City,6,45000,Petrol,Manual,17.4,1500,665000,1998
1583,Maruti,Ciaz,3,15700,Petrol,Automatic,20.28,1500,920000,2014
14934,Audi,A4,4,28049,Diesel,Automatic,18.25,2000,3100000,2008
3483,Hyundai,i20,3,54695,Diesel,Manual,21.19,1400,790000,2008
2369,Skoda,Superb,6,59000,Diesel,Automatic,17.2,2000,1250000,2004
12914,Mahindra,Scorpio,9,85000,Diesel,Manual,12.05,2200,599000,2002
6230,Datsun,GO,7,40000,Petrol,Manual,20.63,1200,200000,2014
2010,Hyundai,Grand,4,36643,Diesel,Manual,24.0,1200,555000,2013
5395,Maruti,Ertiga,9,120000,Diesel,Manual,20.77,1250,550000,2012
11527,Renault,Duster,9,66000,Diesel,Manual,19.01,1500,428000,2012
14633,Hyundai,Grand,6,21000,Petrol,Manual,18.9,1200,505000,2013
14121,Hyundai,i20,4,18000,Petrol,Manual,18.6,1200,750000,2008
6061,Honda,WR-V,4,40000,Diesel,Manual,25.5,1500,775000,2017
7198,Hyundai,i10,6,40000,Petrol,Manual,19.81,1100,325000,2007
14502,Mahindra,XUV500,6,80000,Diesel,Manual,15.1,2200,925000,2011
9095,Ford,Freestyle,3,20000,Petrol,Manual,19.0,1200,725000,2018
14735,Toyota,Innova,11,195000,Diesel,Manual,12.8,2500,480000,2005
14734,Hyundai,Grand,6,19526,Petrol,Manual,18.9,1200,540000,2013
9155,Mahindra,Thar,9,18053,Diesel,Manual,16.55,2500,436000,2010
3998,Skoda,Rapid,6,69000,Diesel,Manual,21.14,1500,555000,2011
5735,Maruti,Swift Dzire,4,32000,Diesel,Automatic,28.4,1250,785000,2008
11059,Honda,City,9,55584,Petrol,Automatic,15.6,1500,450000,1998
6291,Maruti,Swift Dzire,3,54400,Diesel,Manual,19.3,1250,580000,2008
569,Honda,City,3,31318,Petrol,Manual,17.8,1500,885000,1998
6487,Maruti,Celerio,3,5000,Petrol,Automatic,21.63,1000,535000,2014
11959,Audi,Q7,7,95000,Diesel,Automatic,12.07,3000,2250000,2006
9448,Mahindra,XUV500,2,22360,Diesel,Automatic,15.1,2200,1475000,2011
9298,Hyundai,Venue,2,31000,Diesel,Manual,23.7,1400,1090000,2019
2551,Maruti,Baleno,5,14500,Petrol,Manual,21.4,1200,560000,2015
6955,Maruti,Alto,6,42000,Petrol,Manual,23.95,1000,285000,2000
9372,Maruti,Ciaz,6,39085,Diesel,Manual,28.09,1250,525000,2014
8373,Ford,Figo,11,56000,Diesel,Manual,20.0,1400,325000,2010
1139,Volkswagen,Polo,5,100000,Diesel,Manual,20.14,1500,630000,2010
13029,Maruti,Vitara,2,15000,Diesel,Automatic,24.3,1250,942000,2016
5708,BMW,3,5,71000,Diesel,Automatic,21.76,2000,2650000,2007
11548,Honda,City,7,70000,Diesel,Manual,26.0,1500,550000,1998
3133,Hyundai,Grand,8,43000,Petrol,Manual,18.9,1200,355000,2013
7879,Mahindra,Bolero,3,83000,Diesel,Manual,16.5,1500,675000,2000
1879,Mahindra,XUV500,7,72125,Diesel,Manual,15.1,2200,800000,2011
9686,Maruti,Baleno,4,33528,Petrol,Manual,21.4,1200,540000,2015
1543,Honda,City,6,87828,Petrol,Manual,17.4,1500,595000,1998
5363,Maruti,Baleno,5,28582,Petrol,Manual,21.4,1200,550000,2015
8338,Hyundai,Creta,5,50000,Diesel,Manual,19.67,1600,960000,2015
15030,Honda,Jazz,5,30412,Petrol,Manual,18.7,1200,525000,2009
10631,Skoda,Rapid,5,75000,Diesel,Automatic,21.66,1500,675000,2011
14189,Toyota,Innova,2,31000,Diesel,Manual,13.68,2400,2200000,2005
7673,Honda,Jazz,4,69000,Diesel,Manual,27.3,1500,675000,2009
12501,Maruti,Alto,8,45019,Petrol,Manual,22.74,800,285000,2000
11763,Volkswagen,Polo,7,40000,Diesel,Manual,20.14,1500,600000,2010
8820,Maruti,Swift Dzire,8,60000,Petrol,Manual,19.1,1200,319000,2008
14162,Maruti,Swift Dzire,6,35000,Petrol,Manual,20.85,1200,530000,2008
12656,Skoda,Superb,10,71000,Petrol,Automatic,13.7,1800,465000,2004
10388,Hyundai,i10,9,50000,Petrol,Manual,19.81,1100,230000,2007
5098,Toyota,Innova,5,125000,Diesel,Manual,13.68,2400,1625000,2005
1291,Tata,Safari,9,68240,Diesel,Manual,13.93,3000,450000,1998
9496,Volkswagen,Vento,8,72600,Diesel,Manual,20.54,1600,305000,2010
3648,Honda,Jazz,4,20000,Petrol,Automatic,19.0,1200,695000,2009
4203,Honda,City,12,68759,Petrol,Manual,17.0,1500,350000,1998
9323,Maruti,Wagon R,4,56000,"Others (CNG,LPG)",Manual,26.6,1000,365000,1999
14845,Hyundai,i10,12,80000,Petrol,Manual,20.36,1200,130000,2007
12761,Ford,Figo,11,80000,Petrol,Manual,15.6,1200,250000,2010
14466,Maruti,Swift,2,5000,Petrol,Manual,21.21,1200,550000,2005
1424,Honda,WR-V,4,80000,Diesel,Manual,25.5,1500,800000,2017
9223,Hyundai,i20,8,58000,Diesel,Manual,21.9,1400,295000,2008
13998,Maruti,Swift Dzire,4,46000,Petrol,Automatic,21.21,1200,550000,2008
7516,Datsun,GO,5,11650,Petrol,Manual,19.44,1200,450000,2014
10030,Hyundai,Verna,9,38000,Petrol,Manual,17.1,1600,440000,2006
5790,Mahindra,Bolero,9,120000,Diesel,Manual,15.96,2500,365000,2000
4240,Hyundai,Creta,5,39000,Petrol,Manual,13.0,1600,920000,2015
7632,Maruti,Ciaz,3,19000,Petrol,Automatic,19.12,1400,950000,2014
11761,Hyundai,i20,6,74000,Diesel,Manual,22.54,1400,555000,2008
15274,Maruti,Vitara,4,68000,Diesel,Manual,24.3,1250,975000,2016
11840,Mahindra,XUV500,4,46000,Diesel,Manual,16.0,2200,1100000,2011
10937,Honda,Amaze,8,75000,Diesel,Manual,25.8,1500,350000,2013
10955,Hyundai,Creta,6,40000,Diesel,Automatic,17.01,1600,930000,2015
134,Honda,Jazz,3,18000,Petrol,Manual,18.7,1200,600000,2009
6843,Tata,Hexa,4,60000,Diesel,Manual,17.6,2200,1200000,2017
13280,Hyundai,Verna,2,7000,Diesel,Automatic,19.08,1600,1295000,2006
12733,Honda,City,6,75000,Diesel,Manual,26.0,1500,550000,1998
6394,Mahindra,Bolero,8,90000,Diesel,Manual,15.96,2500,460000,2000
7475,Mahindra,XUV500,8,55000,Diesel,Manual,15.1,2200,749000,2011
12633,Honda,CR-V,14,152358,Petrol,Automatic,10.1,2350,600000,2003
4150,Hyundai,i20,6,72000,Diesel,Manual,21.27,1400,600000,2008
14153,Skoda,Rapid,8,70000,Diesel,Manual,20.5,1600,400000,2011
15248,Maruti,Alto,4,150000,Petrol,Manual,24.7,800,320000,2000
3242,BMW,5,5,51000,Diesel,Automatic,18.12,2000,2975000,2007
3351,Mercedes-Benz,C-Class,10,75000,Diesel,Automatic,14.84,2100,675000,2001
9002,Tata,Safari,3,70000,Diesel,Manual,14.1,2200,700000,1998
10782,Hyundai,Grand,6,46497,Petrol,Manual,18.9,1200,385000,2013
14202,BMW,5,8,43000,Diesel,Automatic,18.12,2000,2600000,2007
615,Maruti,Ciaz,4,70000,Diesel,Manual,26.32,1500,650000,2014
9502,Maruti,Ertiga,8,90000,Diesel,Manual,20.77,1250,450000,2012
8724,Hyundai,i20,4,11000,Petrol,Manual,18.6,1200,740000,2008
1527,Honda,Amaze,7,109000,Diesel,Manual,25.8,1500,450000,2013
9226,Maruti,Vitara,4,52000,Diesel,Manual,24.3,1250,710000,2016
12238,Maruti,Eeco,11,110000,Petrol,Manual,15.37,1200,180000,2010
9246,Hyundai,Verna,6,80000,Diesel,Automatic,19.08,1600,650000,2006
2936,Hyundai,i10,7,59586,Petrol,Manual,19.81,1100,300000,2007
2851,Renault,KWID,5,25600,Petrol,Manual,25.17,800,280000,2015
5579,Ford,Figo,11,161728,Petrol,Manual,15.6,1200,140000,2010
4689,Hyundai,Grand,5,5000,Diesel,Manual,24.0,1100,535000,2013
11734,Datsun,RediGO,4,30000,Petrol,Manual,22.7,800,200000,2016
10832,Mercedes-Benz,C-Class,8,49000,Petrol,Automatic,14.74,2000,1290000,2001
8193,Hyundai,Verna,5,53075,Petrol,Automatic,17.1,1600,675000,2006
9602,Maruti,Baleno,6,30000,Petrol,Manual,21.4,1200,520000,2015
12038,Maruti,Swift,6,82250,Diesel,Manual,28.4,1250,525000,2005
4145,Toyota,Innova,13,119440,Diesel,Manual,12.99,2500,400000,2005
2810,Mercedes-Benz,E-Class,4,35000,Petrol,Automatic,12.0,2000,3945000,1996
15178,Mahindra,XUV500,6,35000,Diesel,Manual,15.1,2200,1080000,2011
3298,Hyundai,Verna,4,45000,Diesel,Manual,22.0,1600,1050000,2006
5967,Maruti,Celerio,8,26000,Petrol,Automatic,23.1,1000,450000,2014
7505,BMW,X1,10,70000,Diesel,Automatic,17.05,2000,1000000,2010
4807,Maruti,Ignis,3,25000,Petrol,Automatic,20.89,1200,580000,2017
2576,Mercedes-Benz,C-Class,13,57000,Petrol,Manual,11.7,1800,425000,2001
10086,Maruti,Ciaz,2,27000,Petrol,Manual,20.73,1400,848000,2014
13165,Maruti,Swift Dzire,11,133000,Diesel,Manual,19.3,1250,340000,2008
632,Honda,City,7,55000,Diesel,Manual,26.0,1500,549000,1998
5850,Ford,Figo,10,73000,Diesel,Manual,20.0,1400,335000,2010
2344,Tata,Tiago,5,90000,Petrol,Manual,23.84,1200,400000,2016
7587,Ford,Ecosport,5,59000,Diesel,Manual,23.0,1500,610000,2013
3560,Maruti,Swift,6,18056,Petrol,Manual,20.4,1200,460000,2005
13659,Maruti,Swift,2,18000,Petrol,Manual,21.21,1200,740000,2005
12786,Maruti,Vitara,4,44000,Diesel,Manual,24.3,1250,950000,2016
13294,Volkswagen,Polo,8,56000,Petrol,Manual,16.2,1200,385000,2010
8676,Ford,Figo,4,44000,Petrol,Manual,18.16,1200,580000,2010
9418,Renault,KWID,2,13931,Petrol,Manual,20.71,800,345000,2015
4967,Mahindra,Bolero,14,110000,Diesel,Manual,13.6,2500,250000,2000
9514,Ford,Figo,8,44000,Diesel,Manual,20.0,1400,235000,2010
5206,Mahindra,Scorpio,9,94181,Diesel,Manual,12.05,2200,600000,2002
9444,BMW,X1,3,25000,Diesel,Automatic,20.68,2000,2500000,2010
6234,Maruti,Alto,8,25000,"Others (CNG,LPG)",Manual,30.46,800,220000,2000
8934,Mahindra,Bolero,3,45000,Diesel,Manual,16.5,1500,620000,2000
15104,Maruti,Swift Dzire,3,33000,Petrol,Manual,22.0,1200,650000,2008
12934,Maruti,Swift,13,80000,Petrol,Manual,16.1,1300,220000,2005
13060,Hyundai,Grand,4,29945,Petrol,Automatic,18.9,1200,625000,2013
11719,Toyota,Innova,4,30000,Diesel,Manual,13.68,2400,1550000,2005
10998,Mercedes-Benz,C-Class,7,87360,Diesel,Automatic,14.84,2100,1165000,2001
3083,Mahindra,Bolero,8,280000,Diesel,Manual,15.96,2500,500000,2000
906,Mahindra,Scorpio,4,56000,Diesel,Manual,15.4,2000,1150000,2002
3684,Maruti,Swift Dzire,3,40000,Diesel,Automatic,28.4,1250,825000,2008
13320,Ford,Ecosport,3,40000,Diesel,Manual,23.0,1500,900000,2013
9629,Mahindra,XUV500,4,65000,Diesel,Automatic,16.0,2000,1175000,2011
14760,Volkswagen,Vento,8,110000,Diesel,Manual,20.54,1600,350000,2010
10657,Hyundai,Verna,6,92380,Diesel,Manual,23.9,1600,585000,2006
6065,Mahindra,Bolero,4,120000,Diesel,Manual,15.96,2500,550000,2000
673,Maruti,Swift Dzire,5,120000,Diesel,Manual,26.59,1250,568000,2008
1361,Mahindra,XUV500,7,51000,Diesel,Manual,15.1,2200,735000,2011
4847,Hyundai,i20,7,64000,Diesel,Manual,22.54,1400,540000,2008
6948,Mahindra,KUV,5,30000,Diesel,Manual,25.32,1200,580000,2016
480,Maruti,Alto,5,42000,"Others (CNG,LPG)",Manual,33.44,800,260000,2000
6077,Maruti,Alto,5,48000,Petrol,Manual,23.95,1000,311000,2000
3554,Tata,Tiago,3,32400,Petrol,Automatic,23.84,1200,500000,2016
6267,Hyundai,Grand,3,20000,Petrol,Manual,18.9,1200,525000,2013
7279,Ford,Ecosport,2,18500,Petrol,Manual,17.0,1500,950000,2013
2739,Mahindra,Scorpio,5,49490,Diesel,Manual,15.4,2200,975000,2002
8345,Toyota,Innova,6,169000,Diesel,Manual,12.99,2500,1200000,2005
2545,Hyundai,Santro,8,29000,Petrol,Manual,17.92,1100,250000,1998
2579,Volkswagen,Polo,6,49000,Petrol,Automatic,17.21,1200,621000,2010
13212,Skoda,Rapid,5,60000,Diesel,Automatic,21.66,1500,850000,2011
12605,Volkswagen,Polo,3,50000,Petrol,Manual,18.78,1000,725000,2010
3680,Maruti,Swift,15,127000,Petrol,Manual,16.1,1200,145000,2005
4587,Renault,KWID,3,9000,Petrol,Automatic,23.01,1000,445000,2015
2107,Volkswagen,Vento,8,51500,Petrol,Automatic,16.93,1200,475000,2010
6759,Honda,City,4,70000,Diesel,Manual,25.6,1500,875000,1998
1625,Hyundai,Grand,7,89000,Diesel,Manual,24.0,1100,425000,2013
8267,Honda,City,3,11000,Petrol,Manual,17.14,1500,1100000,1998
3540,Maruti,Ertiga,4,24000,Petrol,Manual,19.01,1500,825000,2012
9067,Hyundai,i20,8,100000,Diesel,Manual,21.9,1400,320000,2008
1952,Hyundai,Creta,2,25000,Diesel,Manual,20.5,1600,1500000,2015
11899,Maruti,Wagon R,13,67000,Petrol,Manual,14.0,1100,145000,1999
13815,Maruti,Alto,2,13413,Petrol,Automatic,23.95,1000,485000,2000
6954,Volkswagen,Vento,11,41000,Diesel,Manual,20.54,1600,285000,2010
4575,Maruti,Alto,7,35000,Petrol,Manual,22.74,800,250000,2000
1146,Maruti,Wagon R,13,110000,Petrol,Manual,18.9,1100,125000,1999
8702,Maruti,Alto,5,50000,Petrol,Manual,23.95,1000,280000,2000
8742,Mahindra,Bolero,10,160000,Diesel,Manual,13.6,2500,350000,2000
1898,Ford,Endeavour,4,40000,Diesel,Automatic,10.91,3200,2850000,2003
12079,Hyundai,Verna,10,65000,Diesel,Manual,22.32,1600,445000,2006
8904,Toyota,Innova,11,48000,Diesel,Manual,12.8,2500,525000,2005
5600,Datsun,RediGO,5,41987,Petrol,Manual,22.7,800,326000,2016
11579,Hyundai,i20,9,64198,Diesel,Manual,21.9,1400,415000,2008
11943,Hyundai,Verna,8,60000,Diesel,Manual,22.32,1600,475000,2006
5502,Maruti,Baleno,3,74000,Diesel,Manual,27.39,1250,750000,2015
14877,Toyota,Innova,8,95000,Diesel,Manual,12.99,2500,925000,2005
7159,Hyundai,Creta,2,19000,Petrol,Manual,13.0,1600,1075000,2015
2921,Volkswagen,Polo,5,49000,Petrol,Automatic,17.21,1200,650000,2010
14124,Maruti,Swift,9,120000,Diesel,Manual,22.9,1250,360000,2005
13522,BMW,5,7,76000,Diesel,Automatic,18.12,2000,2050000,2007
3780,Mahindra,XUV500,5,42485,Diesel,Manual,16.0,2200,1350000,2011
8522,Maruti,Alto,9,19455,Petrol,Manual,19.7,800,185000,2000
3898,Maruti,Baleno,5,45215,Petrol,Automatic,21.4,1200,698000,2015
12284,Mahindra,Bolero,7,100000,Diesel,Manual,15.96,2500,510000,2000
7220,Maruti,Alto,5,60000,Petrol,Manual,23.95,1000,270000,2000
4996,Mahindra,Scorpio,9,212000,Diesel,Automatic,11.79,2200,450000,2002
14423,Toyota,Innova,4,47000,Diesel,Automatic,11.36,2800,1745000,2005
4332,Toyota,Innova,4,120000,Diesel,Manual,13.68,2400,1560000,2005
9682,Mercedes-Benz,C-Class,9,67000,Petrol,Automatic,11.74,1800,780000,2001
3233,Toyota,Camry,6,73000,Petrol,Automatic,12.98,2500,1550000,2002
12409,Hyundai,Grand,8,77000,Petrol,Manual,18.9,1200,425000,2013
10504,Ford,Ecosport,5,41000,Petrol,Manual,15.9,1500,680000,2013
1023,Hyundai,i20,4,44000,Petrol,Manual,18.6,1200,550000,2008
8394,Maruti,Wagon R,7,36000,Petrol,Manual,21.79,1000,310000,1999
12727,Hyundai,i10,13,124000,Petrol,Manual,19.81,1100,150000,2007
4890,Hyundai,i20,5,50000,Petrol,Manual,18.6,1200,585000,2008
11103,Mahindra,Thar,3,28500,Diesel,Manual,16.55,2500,950000,2010
10607,Hyundai,i10,10,55000,Petrol,Manual,20.36,1200,200000,2007
7341,Mahindra,Bolero,9,100000,Diesel,Manual,15.96,2500,360000,2000
5108,Honda,City,6,75129,Petrol,Manual,17.4,1500,640000,1998
14000,Skoda,Octavia,3,16985,Petrol,Automatic,15.1,1800,2190000,2001
12965,BMW,X1,6,45000,Diesel,Automatic,17.05,2000,1300000,2010
5633,Volkswagen,Polo,7,56000,Diesel,Manual,20.14,1500,385000,2010
1314,Skoda,Rapid,7,59000,Petrol,Automatic,14.3,1600,445000,2011
3260,Ford,Ecosport,7,50250,Petrol,Automatic,16.5,1500,621000,2013
11159,Maruti,Alto,10,57000,"Others (CNG,LPG)",Manual,26.83,800,172000,2000
6648,Renault,Duster,4,50000,Diesel,Manual,19.87,1500,800000,2012
10743,Maruti,Swift Dzire,10,120000,Diesel,Manual,19.3,1250,180000,2008
10364,BMW,7,10,78000,Diesel,Automatic,16.46,3000,1645000,2002
8791,Tata,Safari,11,61000,Diesel,Manual,13.93,2200,195000,1998
15159,Hyundai,Grand,8,71719,Petrol,Manual,18.9,1200,230000,2013
2161,Renault,KWID,4,36000,Petrol,Automatic,24.04,1000,411000,2015
2164,Audi,A6,8,74000,Diesel,Automatic,17.68,2000,1600000,2005
4121,Volkswagen,Vento,10,50000,Diesel,Manual,20.54,1600,400000,2010
8284,Honda,City,5,27000,Petrol,Manual,17.0,1500,775000,1998
8955,Hyundai,i10,5,48000,Petrol,Manual,19.81,1100,399000,2007
6792,Maruti,Baleno,6,90000,Diesel,Manual,27.39,1250,575000,2015
6247,Maruti,Swift Dzire,6,74000,Diesel,Manual,23.4,1250,550000,2008
14632,BMW,5,8,72000,Diesel,Automatic,17.09,2000,2000000,2007
13554,Honda,Jazz,5,14479,Petrol,Manual,18.7,1200,700000,2009
12362,Hyundai,Santro,13,75000,Petrol,Manual,17.92,1100,145000,1998
6105,Mahindra,Bolero,4,50000,Diesel,Manual,16.5,1500,775000,2000
10450,Maruti,Wagon R,5,37485,Petrol,Manual,18.9,1000,365000,1999
14043,Hyundai,i10,8,92000,Petrol,Manual,20.36,1200,395000,2007
13166,Volkswagen,Vento,4,16219,Petrol,Manual,17.69,1000,845000,2010
11977,Maruti,Wagon R,9,68000,"Others (CNG,LPG)",Manual,26.2,1000,315000,1999
15226,Maruti,Wagon R,5,74844,"Others (CNG,LPG)",Manual,33.54,1000,390000,1999
12703,Honda,Amaze,7,35000,Petrol,Automatic,15.5,1200,425000,2013
1071,Hyundai,i20,5,55000,Diesel,Manual,22.54,1400,540000,2008
13282,Honda,City,7,62000,Diesel,Manual,26.0,1500,640000,1998
11746,Toyota,Innova,5,58000,Diesel,Automatic,11.36,2800,1649000,2005
2995,Hyundai,Verna,9,88500,Diesel,Manual,22.32,1600,550000,2006
5836,Honda,City,8,43000,Petrol,Manual,17.8,1500,470000,1998
14253,Honda,City,3,5925,Petrol,Manual,17.4,1500,1200000,1998
1151,Mahindra,Thar,8,49000,Diesel,Manual,16.55,2500,475000,2010
15295,Ford,Ecosport,6,131100,Diesel,Manual,22.77,1500,600000,2013
10499,Hyundai,Verna,9,61000,Diesel,Manual,22.32,1600,375000,2006
4652,Maruti,Alto,3,15000,Petrol,Manual,24.7,800,310000,2000
1885,Toyota,Innova,10,68900,Diesel,Manual,12.8,2500,665000,2005
732,Volkswagen,Vento,10,98000,Petrol,Manual,15.04,1600,360000,2010
5631,Hyundai,Verna,8,74000,Diesel,Manual,22.32,1600,560000,2006
8565,Hyundai,i10,12,54000,Petrol,Manual,19.81,1100,275000,2007
4300,Maruti,Alto,7,56000,Petrol,Manual,22.74,800,265000,2000
2657,Hyundai,Grand,4,20000,Petrol,Manual,18.9,1200,615000,2013
3345,Maruti,Wagon R,14,68128,"Others (CNG,LPG)",Manual,17.3,1100,148000,1999
12414,Maruti,Swift,5,52000,Petrol,Automatic,22.0,1200,650000,2005
3862,Renault,KWID,5,37000,Petrol,Manual,25.17,800,350000,2015
1178,Toyota,Fortuner,6,120000,Diesel,Manual,12.55,3000,1600000,2009
8576,Skoda,Superb,6,39000,Petrol,Manual,13.14,1800,799000,2004
2296,Hyundai,Verna,9,67000,Diesel,Manual,22.32,1600,535000,2006
5530,Tata,Tigor,3,18000,Petrol,Manual,20.3,1200,580000,2017
13130,Maruti,Alto,9,70000,Petrol,Manual,20.92,1000,231000,2000
579,Honda,City,6,50000,Diesel,Manual,25.1,1500,700000,1998
3594,Hyundai,i20,5,50000,Diesel,Manual,22.54,1400,600000,2008
12225,Maruti,Swift Dzire,6,94000,Diesel,Manual,19.3,1250,650000,2008
12347,Toyota,Fortuner,6,126000,Diesel,Manual,13.0,3000,1625000,2009
7418,Maruti,Wagon R,9,53000,Petrol,Manual,21.5,1200,275000,1999
14308,Datsun,GO,5,36583,Petrol,Manual,20.63,1200,240000,2014
1078,Renault,KWID,4,30000,Petrol,Manual,25.17,800,300000,2015
7101,Hyundai,Santro,2,20000,Petrol,Manual,20.3,1100,480000,1998
9328,Maruti,Swift,4,22400,Petrol,Manual,20.4,1200,435000,2005
7925,Renault,Duster,7,133000,Diesel,Manual,20.45,1500,415000,2012
11144,Toyota,Innova,5,46000,Petrol,Automatic,10.75,2700,1700000,2005
14439,Hyundai,Creta,5,46432,Petrol,Manual,15.8,1600,945000,2015
12465,Maruti,Swift,12,63000,Petrol,Manual,16.1,1200,220000,2005
13071,Toyota,Innova,5,61667,Diesel,Automatic,11.36,2800,1895000,2005
12515,Hyundai,i20,6,50000,Diesel,Manual,21.19,1400,590000,2008
5511,Mahindra,Scorpio,11,127000,Diesel,Manual,12.05,2200,400000,2002
4236,Renault,KWID,6,30000,Petrol,Manual,25.17,800,310000,2015
6605,Hyundai,i20,7,40000,Diesel,Manual,22.54,1400,400000,2008
12789,Hyundai,i20,3,5436,Petrol,Manual,18.6,1200,875000,2008
3449,Maruti,Ertiga,5,72447,Diesel,Manual,24.52,1250,850000,2012
10804,Hyundai,Creta,5,40000,Diesel,Automatic,17.01,1600,1050000,2015
4513,Hyundai,i10,10,50000,Petrol,Manual,20.36,1200,300000,2007
12348,Maruti,Celerio,5,29000,Petrol,Manual,23.1,1000,441000,2014
14091,Hyundai,i20,2,10000,Petrol,Manual,18.6,1200,600000,2008
5823,Renault,Duster,5,92370,Diesel,Manual,19.01,1500,650000,2012
7459,Maruti,Swift,6,50000,Diesel,Manual,28.4,1250,475000,2005
8349,Tata,Tigor,4,13230,Petrol,Manual,20.3,1200,520000,2017
10853,Ford,Ecosport,2,17000,Diesel,Manual,22.77,1500,925000,2013
12571,Hyundai,i20,3,40000,Petrol,Automatic,17.4,1200,790000,2008
8559,Honda,Amaze,6,90000,Petrol,Manual,18.0,1200,350000,2013
4841,Mahindra,Bolero,14,120000,Diesel,Manual,13.6,2500,190000,2000
3718,Hyundai,i20,12,96000,Petrol,Manual,17.0,1200,275000,2008
13053,Skoda,Octavia,3,29454,Petrol,Automatic,15.1,1800,2195000,2001
690,Hyundai,i10,10,70000,Petrol,Manual,19.81,1100,250000,2007
6208,Renault,KWID,3,30941,Petrol,Manual,23.01,1000,354000,2015
7869,Maruti,Swift,5,79000,Diesel,Manual,25.2,1250,525000,2005
7565,Hyundai,Grand,5,23300,Petrol,Manual,18.9,1200,395000,2013
8767,Maruti,Alto,4,18000,Petrol,Manual,24.7,800,270000,2000
8409,Maruti,Swift Dzire,5,100000,Diesel,Manual,26.59,1250,450000,2008
10723,Honda,City,11,86245,Petrol,Manual,17.0,1500,305000,1998
11149,Mahindra,XUV500,4,34000,Diesel,Automatic,16.0,2200,1175000,2011
3624,Hyundai,Verna,8,58000,Diesel,Manual,22.32,1600,515000,2006
5909,Hyundai,i10,12,79497,Petrol,Manual,20.36,1200,275000,2007
13894,Hyundai,Creta,5,56000,Diesel,Manual,19.67,1600,875000,2015
15057,Maruti,Swift Dzire,3,20000,Petrol,Manual,21.21,1200,815000,2008
6521,Renault,KWID,4,8500,Petrol,Manual,25.17,800,325000,2015
4237,Mercedes-Benz,GL-Class,3,20000,Diesel,Automatic,17.9,2100,5100000,2010
2324,Hyundai,i20,9,36000,Petrol,Manual,18.5,1200,350000,2008
4018,Hyundai,Creta,3,30000,Petrol,Manual,13.0,1600,1100000,2015
10994,Hyundai,Grand,5,6200,Petrol,Manual,18.9,1200,410000,2013
6506,Audi,A4,10,130000,Diesel,Automatic,16.55,2000,1325000,2008
97,Maruti,Wagon R,5,66000,Petrol,Manual,20.51,1000,325000,1999
11022,Maruti,Wagon R,4,36954,"Others (CNG,LPG)",Manual,26.6,1000,350000,1999
11040,Skoda,Rapid,4,59000,Diesel,Automatic,21.72,1500,735000,2011
15114,Skoda,Rapid,8,90000,Diesel,Manual,20.5,1600,400000,2011
2069,Maruti,Baleno,3,30000,Petrol,Manual,21.4,1200,490000,2015
1926,Toyota,Innova,9,500000,Diesel,Manual,12.99,2500,650000,2005
4062,Maruti,Alto,11,80000,Petrol,Manual,19.7,800,164000,2000
5975,Maruti,Ertiga,4,65000,Diesel,Manual,24.52,1250,950000,2012
6282,Maruti,Swift Dzire,4,90000,Diesel,Manual,28.4,1250,700000,2008
7705,Hyundai,i20,5,28000,Diesel,Manual,21.19,1400,650000,2008
13534,Hyundai,Grand,6,63000,Petrol,Manual,18.9,1200,340000,2013
14986,Maruti,Ignis,4,32000,Diesel,Manual,26.8,1250,545000,2017
10928,Maruti,Baleno,4,58000,Diesel,Manual,27.39,1250,600000,2015
8655,Renault,Duster,5,120000,Diesel,Manual,19.6,1500,700000,2012
9016,Maruti,Swift Dzire,5,60000,Petrol,Manual,20.85,1200,369000,2008
7047,Maruti,Alto,9,76154,Petrol,Manual,19.7,800,275000,2000
2809,Volkswagen,Vento,10,69000,Petrol,Manual,16.09,1600,325000,2010
8965,Honda,City,4,55000,Petrol,Manual,17.8,1500,575000,1998
30,Renault,KWID,4,30000,Petrol,Manual,23.01,1000,340000,2015
4709,Maruti,Swift,4,21000,Petrol,Manual,20.4,1200,495000,2005
1267,Maruti,Swift,2,23414,Petrol,Manual,22.0,1200,530000,2005
14263,Skoda,Rapid,9,78000,Diesel,Manual,20.5,1600,375000,2011
10892,Hyundai,i10,9,65000,Petrol,Manual,20.36,1200,235000,2007
1623,Mercedes-Benz,C-Class,10,58000,Diesel,Automatic,14.94,2100,1090000,2001
8846,Jaguar,XF,7,19000,Diesel,Automatic,16.36,2200,2100000,2009
642,Hyundai,Venue,2,34000,Petrol,Automatic,18.15,1000,1050000,2019
5719,Maruti,Alto,11,27000,Petrol,Manual,19.7,800,220000,2000
7115,Maruti,Swift,4,48148,Petrol,Manual,18.6,1200,520000,2005
9565,Maruti,Eeco,5,29000,"Others (CNG,LPG)",Manual,15.1,1200,295000,2010
13355,Maruti,Alto,5,2000,Petrol,Manual,22.74,800,220000,2000
13379,Renault,KWID,3,12500,Petrol,Automatic,24.04,1000,345000,2015
1746,BMW,X3,2,8620,Diesel,Automatic,18.56,2000,6100000,2007
13106,Maruti,Swift,3,28000,Diesel,Manual,28.4,1250,800000,2005
1893,Honda,Amaze,6,65445,Petrol,Manual,18.0,1200,499000,2013
2976,Mercedes-Benz,E-Class,3,15200,Diesel,Automatic,16.1,1950,4500000,1996
3141,Renault,Duster,4,80000,Diesel,Manual,19.87,1500,525000,2012
12709,Maruti,Baleno,3,70000,Diesel,Manual,27.39,1250,600000,2015
13650,Honda,Jazz,3,22000,Petrol,Automatic,18.2,1200,800000,2009
8731,Maruti,Swift Dzire,1,45000,"Others (CNG,LPG)",Manual,26.55,1200,550000,2008
4749,Maruti,Swift,8,67379,Diesel,Manual,22.9,1250,380000,2005
2954,Maruti,Vitara,4,80000,Diesel,Manual,24.3,1250,830000,2016
7566,Mahindra,XUV500,4,90000,Diesel,Automatic,16.0,2200,1225000,2011
5144,Hyundai,Verna,10,8000,Petrol,Manual,17.01,1600,550000,2006
4074,Hyundai,Grand,3,10000,Petrol,Manual,18.9,1200,515000,2013
12893,Ford,Ecosport,8,88000,Diesel,Manual,22.7,1500,460000,2013
5816,Maruti,Alto,11,70000,Petrol,Manual,19.7,800,150000,2000
3273,Maruti,Alto,12,22000,Petrol,Manual,19.7,800,140000,2000
9906,Maruti,Swift Dzire,4,63452,Diesel,Automatic,28.4,1250,695000,2008
10235,Hyundai,i20,4,32000,Petrol,Manual,18.6,1200,595000,2008
12950,Hyundai,Grand,5,29000,Petrol,Manual,18.9,1200,525000,2013
15196,Ford,Endeavour,4,49000,Diesel,Automatic,10.91,3200,3050000,2003
8192,Mahindra,Bolero,5,64172,Diesel,Manual,16.5,1500,690000,2000
13414,Mahindra,Thar,3,21219,Diesel,Manual,16.55,2500,995000,2010
12261,Mahindra,XUV500,10,74000,Diesel,Manual,15.1,2200,770000,2011
7576,Maruti,Swift,3,30000,Petrol,Manual,21.21,1200,552000,2005
1359,Hyundai,i10,7,61000,Petrol,Manual,19.81,1100,320000,2007
11884,Hyundai,Grand,8,70000,Diesel,Manual,24.0,1100,290000,2013
3833,Datsun,GO,4,58000,Petrol,Manual,20.63,1200,360000,2014
1380,Mahindra,Scorpio,14,100000,Diesel,Manual,11.0,2200,217000,2002
4479,Maruti,Alto,5,60000,Petrol,Manual,22.74,800,275000,2000
3408,Honda,WR-V,3,19000,Petrol,Manual,17.5,1200,825000,2017
5656,Maruti,Swift,7,64000,Diesel,Manual,25.2,1250,625000,2005
15035,Hyundai,i10,13,120000,Petrol,Manual,19.81,1100,105000,2007
10656,Maruti,Swift Dzire,6,55000,Diesel,Manual,28.4,1250,500000,2008
13683,Mahindra,KUV100,3,15000,Diesel,Manual,25.32,1200,500000,2016
13324,Honda,Amaze,8,70400,Petrol,Manual,18.6,1200,415000,2013
13564,Maruti,Ertiga,2,15439,Petrol,Manual,19.01,1500,980000,2012
11714,Renault,KWID,3,15000,Petrol,Manual,23.01,1000,410000,2015
11392,Volkswagen,Vento,6,51000,Diesel,Automatic,21.21,1500,585000,2010
4071,Hyundai,i20,5,62000,Diesel,Manual,22.54,1400,580000,2008
6098,Toyota,Innova,7,162000,Diesel,Manual,12.99,2500,750000,2005
4668,Maruti,Celerio,4,32388,Petrol,Automatic,21.63,1000,470000,2014
7731,Ford,Figo,6,75001,Diesel,Manual,25.83,1500,450000,2010
9867,Maruti,Swift Dzire,5,39000,Petrol,Manual,22.0,1200,495000,2008
7373,Hyundai,i20,5,10487,Petrol,Manual,18.6,1200,449000,2008
7046,Volkswagen,Polo,8,58000,Diesel,Manual,22.07,1200,460000,2010
12774,Maruti,Wagon R,5,45800,Petrol,Automatic,21.79,1000,455000,1999
2684,Maruti,Swift Dzire,4,72000,Diesel,Manual,26.59,1250,720000,2008
6974,Maruti,Vitara,3,31000,Diesel,Automatic,24.3,1250,849000,2016
13337,Maruti,Alto,9,116006,Petrol,Manual,20.92,1000,250000,2000
8158,Honda,Amaze,6,25000,Petrol,Manual,18.0,1200,350000,2013
5163,Maruti,Ignis,3,19000,Petrol,Automatic,20.89,1200,625000,2017
6050,Maruti,Baleno,1,5000,Petrol,Manual,21.01,1200,557000,2015
3001,Maruti,Alto,10,9000,Petrol,Manual,19.7,800,160000,2000
5350,Toyota,Fortuner,9,133342,Diesel,Automatic,11.5,3000,1450000,2009
9618,BMW,X1,9,60000,Diesel,Automatic,17.05,2000,800000,2010
10536,Maruti,Swift,7,87140,Diesel,Manual,25.2,1250,410000,2005
14915,Tata,Nexon,3,23962,Petrol,Automatic,17.0,1200,875000,2017
8891,Honda,Amaze,6,59000,Petrol,Manual,18.0,1200,399000,2013
13461,Maruti,Swift,3,54100,Diesel,Manual,22.9,1250,650000,2005
1436,Toyota,Innova,7,110000,Diesel,Manual,12.99,2500,900000,2005
5058,Audi,A6,5,35000,Diesel,Automatic,18.53,2000,3000000,2005
4307,Honda,Amaze,7,78000,Diesel,Manual,25.8,1500,485000,2013
13996,Maruti,Swift Dzire,5,101000,Diesel,Manual,23.4,1250,580000,2008
5033,Toyota,Fortuner,9,147550,Diesel,Manual,13.0,3000,1400000,2009
9339,Hyundai,i10,8,15000,Petrol,Manual,19.81,1100,289000,2007
6474,Maruti,Vitara,4,34000,Diesel,Manual,24.3,1250,899000,2016
14822,Audi,A6,11,86000,Diesel,Automatic,12.4,2700,1100000,2005
87,Maruti,Baleno,4,25000,Petrol,Manual,21.4,1200,570000,2015
8485,Maruti,Ertiga,4,79000,Diesel,Manual,20.77,1250,850000,2012
9759,Hyundai,i10,9,73500,Petrol,Manual,20.36,1200,240000,2007
537,Hyundai,Verna,9,57000,Petrol,Manual,17.01,1600,425000,2006
12129,Volkswagen,Polo,6,70000,Diesel,Manual,20.14,1500,425000,2010
6630,Hyundai,i20,2,31800,Diesel,Manual,22.54,1400,730000,2008
5025,Hyundai,i20,4,27240,Petrol,Manual,17.19,1200,642000,2008
7652,Maruti,Swift Dzire,7,46001,Diesel,Manual,19.3,1250,465000,2008
2433,Hyundai,i20,6,17999,Petrol,Manual,18.6,1200,591000,2008
1357,Volkswagen,Polo,10,120000,Diesel,Manual,20.14,1500,450000,2010
7571,Hyundai,Grand,6,45000,Petrol,Manual,18.9,1200,399000,2013
14863,Honda,City,5,46000,Diesel,Manual,26.0,1500,650000,1998
3314,Renault,KWID,1,5000,Petrol,Automatic,24.04,1000,400000,2015
11928,Maruti,Swift Dzire,3,30000,Petrol,Manual,21.21,1200,600000,2008
534,Hyundai,i10,12,67000,Petrol,Manual,20.36,1200,210000,2007
8107,Maruti,Wagon R,1,10000,Petrol,Manual,20.52,1200,450000,1999
6410,Volkswagen,Polo,2,47000,Diesel,Manual,20.14,1500,750000,2010
10026,Volkswagen,Polo,3,16000,Petrol,Automatic,17.21,1200,875000,2010
14716,Audi,A6,5,35000,Diesel,Automatic,18.53,2000,3125000,2005
2729,Honda,Jazz,2,7000,Petrol,Automatic,19.0,1200,821000,2009
11456,Maruti,Alto,3,25000,Petrol,Manual,23.95,1000,330000,2000
13543,Hyundai,Verna,3,15000,Petrol,Automatic,17.0,1600,1150000,2006
7579,Maruti,Vitara,4,26426,Diesel,Manual,24.3,1250,900000,2016
1694,Maruti,Swift,6,41000,Petrol,Manual,22.0,1200,515000,2005
8914,Hyundai,i10,7,36976,Petrol,Manual,19.81,1100,259000,2007
15253,Hyundai,i20,3,25000,Diesel,Manual,22.54,1400,750000,2008
7503,Hyundai,i20,4,47000,Diesel,Manual,22.54,1400,600000,2008
9229,Hyundai,Creta,5,36000,Petrol,Manual,13.0,1600,890000,2015
1463,Ford,Endeavour,13,120000,Diesel,Manual,13.1,2500,300000,2003
6133,Tata,Tiago,3,30000,Petrol,Manual,23.84,1200,400000,2016
12455,Maruti,Ertiga,4,38461,"Others (CNG,LPG)",Manual,26.8,1500,790000,2012
12216,Honda,Amaze,6,56000,Diesel,Manual,25.8,1500,474000,2013
10693,Honda,City,7,46000,Diesel,Manual,26.0,1500,469000,1998
5240,Hyundai,Grand,2,20000,Petrol,Automatic,18.9,1200,550000,2013
5663,Hyundai,Creta,5,100000,Diesel,Manual,19.67,1600,1000000,2015
4818,Hyundai,Grand,3,36000,Petrol,Manual,18.9,1200,540000,2013
1572,Honda,CR-V,5,56000,Petrol,Automatic,12.0,2350,1475000,2003
10527,Maruti,Eeco,5,10000,Petrol,Manual,15.37,1200,290000,2010
11311,Maruti,Ertiga,4,21000,Petrol,Manual,16.02,1400,720000,2012
4801,Honda,WR-V,3,33000,Petrol,Manual,17.5,1200,825000,2017
10076,Skoda,Rapid,7,76000,Diesel,Manual,21.14,1500,510000,2011
8673,Maruti,Wagon R,5,32000,Petrol,Manual,18.9,1000,350000,1999
14719,Mahindra,Bolero,10,75000,Diesel,Manual,13.6,2500,350000,2000
11944,Volkswagen,Polo,2,9000,Petrol,Manual,18.78,1000,649000,2010
10092,Mercedes-Benz,GL-Class,7,107000,Diesel,Automatic,12.0,3000,2925000,2010
3747,BMW,3,8,54000,Diesel,Automatic,18.88,2000,1245000,2007
13076,Toyota,Innova,4,36639,Diesel,Automatic,13.68,2400,1650000,2005
3455,Maruti,Swift,10,32000,Petrol,Manual,18.6,1200,350000,2005
11642,Renault,KWID,5,26844,Petrol,Manual,25.17,800,295000,2015
6975,Honda,Amaze,8,47277,Diesel,Manual,25.8,1500,399000,2013
10449,Maruti,Ciaz,4,69999,Diesel,Manual,28.09,1250,650000,2014
13391,Honda,Jazz,5,52062,Petrol,Manual,18.2,1200,675000,2009
1010,Skoda,Rapid,8,50000,Petrol,Automatic,14.3,1600,239000,2011
15218,Honda,Amaze,4,22345,Petrol,Manual,17.8,1200,580000,2013
5894,Hyundai,Verna,4,22000,Petrol,Manual,17.01,1600,875000,2006
4724,Hyundai,i20,2,9000,Petrol,Manual,17.19,1200,675000,2008
3278,Maruti,Ertiga,4,28596,Petrol,Manual,17.5,1400,775000,2012
11893,Honda,Jazz,5,39540,Petrol,Manual,18.7,1200,562000,2009
9385,Mahindra,Scorpio,3,57645,Diesel,Manual,16.36,2200,1250000,2002
13415,Maruti,Swift,2,11320,Petrol,Manual,21.21,1200,700000,2005
2707,Datsun,RediGO,4,20000,Petrol,Manual,22.5,1000,271000,2016
5440,Maruti,Swift Dzire,2,22000,Petrol,Manual,21.21,1200,775000,2008
255,Hyundai,Creta,4,80000,Diesel,Manual,19.67,1600,1100000,2015
14953,Maruti,Celerio,6,40000,Petrol,Automatic,23.1,1000,400000,2014
3175,Maruti,Swift Dzire,6,32000,Petrol,Manual,20.85,1200,590000,2008
4556,Hyundai,Grand,3,15000,Petrol,Automatic,18.9,1200,645000,2013
3127,Hyundai,i20,9,134000,Diesel,Manual,23.0,1400,450000,2008
7568,Ford,Endeavour,6,132000,Diesel,Automatic,11.4,3000,2300000,2003
10748,Maruti,Swift,3,31000,Petrol,Manual,22.0,1200,565000,2005
302,Hyundai,Creta,4,30000,Petrol,Manual,15.8,1600,890000,2015
13599,Renault,KWID,5,64000,Petrol,Manual,25.17,800,300000,2015
7324,Maruti,Swift Dzire,6,26000,Petrol,Manual,20.85,1200,475000,2008
12485,Honda,Amaze,5,27946,Diesel,Manual,24.7,1500,740000,2013
733,Honda,Jazz,5,66000,Petrol,Manual,16.0,1200,530000,2009
3192,Skoda,Superb,5,66000,Petrol,Automatic,14.67,1800,1490000,2004
15334,Maruti,Swift,5,10000,Petrol,Manual,22.0,1200,465000,2005
899,Honda,Amaze,5,13433,Petrol,Manual,17.8,1200,551000,2013
5803,Tata,Tiago,4,28628,Diesel,Manual,27.28,1050,590000,2016
9547,Maruti,Alto,10,22500,Petrol,Manual,19.7,800,120000,2000
5837,Hyundai,Grand,4,59656,Diesel,Manual,24.0,1200,532000,2013
4066,Ford,Ecosport,5,56393,Diesel,Manual,22.77,1500,700000,2013
9355,Maruti,Wagon R,8,52000,Petrol,Manual,18.9,1000,270000,1999
5512,Renault,KWID,3,20000,Petrol,Manual,23.01,1000,340000,2015
11283,Honda,City,6,64000,Diesel,Manual,25.1,1500,631000,1998
1285,Toyota,Innova,3,50000,Diesel,Manual,13.68,2400,1500000,2005
9220,Maruti,Swift,7,112795,Diesel,Manual,25.2,1250,334000,2005
6383,Datsun,RediGO,3,15000,Petrol,Manual,22.5,1000,365000,2016
4439,Hyundai,Grand,3,36717,Petrol,Manual,18.9,1200,510000,2013
15266,Maruti,Ciaz,3,47000,Petrol,Automatic,19.12,1400,760000,2014
2934,Skoda,Superb,5,56000,Diesel,Automatic,18.19,2000,1875000,2004
396,Maruti,Wagon R,5,83000,"Others (CNG,LPG)",Manual,26.6,1000,345000,1999
7175,Datsun,GO,3,9605,Petrol,Manual,19.83,1200,530000,2014
2912,Audi,A4,4,36000,Diesel,Automatic,17.11,2000,2090000,2008
10274,Hyundai,Verna,13,77000,Petrol,Manual,13.9,1600,190000,2006
9753,Maruti,Wagon R,14,30000,Petrol,Manual,18.9,1100,70000,1999
1360,Volkswagen,Vento,8,47000,Petrol,Manual,16.09,1600,390000,2010
14426,Honda,City,8,56000,Petrol,Manual,16.8,1500,495000,1998
15062,Renault,KWID,3,28000,Petrol,Manual,23.01,1000,420000,2015
4204,Volkswagen,Polo,6,87566,Petrol,Manual,15.26,1600,441000,2010
7202,Datsun,GO,4,44000,Petrol,Manual,19.02,1200,255000,2014
1317,Maruti,Swift,8,80000,Diesel,Manual,22.9,1250,350000,2005
6752,Skoda,Superb,10,80000,Petrol,Automatic,9.3,2800,470000,2004
13063,Maruti,Ciaz,4,26000,Petrol,Manual,20.73,1400,740000,2014
6420,Maruti,Baleno,4,50898,Petrol,Manual,21.01,1200,600000,2015
631,Maruti,Alto,5,10000,Petrol,Manual,23.95,1000,315000,2000
6834,Honda,Jazz,6,68757,Diesel,Manual,27.3,1500,640000,2009
2796,Maruti,Baleno,4,40174,Petrol,Manual,21.4,1200,675000,2015
5940,Maruti,Swift,11,107600,Diesel,Manual,17.8,1250,400000,2005
7979,Toyota,Innova,10,90000,Diesel,Manual,12.8,2500,415000,2005
5442,Maruti,Celerio,5,53000,Petrol,Automatic,23.1,1000,455000,2014
14560,Hyundai,i10,5,25000,Petrol,Manual,19.81,1100,395000,2007
12975,Hyundai,Creta,5,70000,Diesel,Automatic,17.01,1600,1150000,2015
3129,BMW,X3,5,66000,Diesel,Automatic,18.56,2000,2750000,2007
12381,Ford,Ecosport,4,40423,Petrol,Automatic,14.7,1500,895000,2013
14448,Ford,Endeavour,3,49000,Diesel,Automatic,10.91,3200,3150000,2003
9717,Toyota,Innova,6,125000,Diesel,Manual,12.8,2500,895000,2005
2987,Hyundai,Verna,8,64308,Diesel,Automatic,18.0,1600,485000,2006
8074,Ford,Ecosport,6,95945,Petrol,Automatic,15.63,1500,500000,2013
14436,Maruti,Wagon R,9,35000,Petrol,Manual,18.9,1000,300000,1999
5616,Mahindra,XUV500,2,100000,Diesel,Manual,15.1,2200,1550000,2011
3501,Honda,Jazz,6,50000,Petrol,Automatic,19.0,1200,575000,2009
1471,Renault,Duster,8,80000,Diesel,Manual,20.46,1500,450000,2012
10512,Maruti,Ertiga,3,20000,Petrol,Manual,19.34,1500,725000,2012
3406,Ford,Figo,5,25000,Petrol,Automatic,17.01,1500,600000,2010
8959,Honda,City,2,21000,Petrol,Manual,17.8,1500,1025000,1998
2427,Hyundai,i20,6,48488,Petrol,Manual,18.6,1200,525000,2008
8220,Maruti,Swift,2,10000,Petrol,Manual,21.21,1200,595000,2005
1433,Maruti,Ertiga,6,110000,Diesel,Manual,20.77,1250,565000,2012
8339,Maruti,Swift,11,75000,Petrol,Manual,16.1,1200,250000,2005
11621,Hyundai,Grand,6,54000,Petrol,Manual,18.9,1200,365000,2013
9692,Honda,City,2,12000,Petrol,Automatic,17.4,1500,1350000,1998
5433,Maruti,Swift,13,120000,Diesel,Manual,17.8,1250,300000,2005
2199,Maruti,Swift Dzire,10,95398,Diesel,Manual,19.3,1250,400000,2008
6110,Maruti,Swift,4,75823,Diesel,Manual,28.4,1250,635000,2005
11961,Honda,City,9,57000,Petrol,Manual,16.8,1500,415000,1998
5445,Maruti,Swift,6,120000,Petrol,Manual,20.4,1200,555000,2005
15360,Jeep,Compass,3,70000,Diesel,Manual,16.3,2000,1750000,2017
14640,Hyundai,Creta,6,40000,Diesel,Manual,21.38,1400,860000,2015
8936,Honda,Amaze,2,47001,Diesel,Manual,25.8,1500,549000,2013
2721,Toyota,Innova,6,117000,Diesel,Manual,12.99,2500,1155000,2005
11663,Hyundai,Creta,6,79825,Diesel,Automatic,17.01,1600,1025000,2015
7833,Toyota,Innova,8,119970,Diesel,Manual,12.99,2500,750000,2005
7641,Toyota,Innova,15,99100,Diesel,Manual,12.8,2500,399000,2005
6184,Hyundai,Grand,5,70000,Diesel,Manual,24.0,1200,500000,2013
4314,Maruti,Baleno,5,48000,Petrol,Automatic,21.4,1200,625000,2015
12203,Maruti,Alto,3,50000,Petrol,Manual,23.95,1000,390000,2000
9740,Ford,Ecosport,5,143000,Diesel,Manual,22.77,1500,525000,2013
11759,Hyundai,i20,5,61000,Petrol,Manual,18.6,1200,635000,2008
3205,Ford,Endeavour,5,89000,Diesel,Automatic,10.91,3200,2395000,2003
3342,Maruti,Wagon R,5,64224,"Others (CNG,LPG)",Manual,33.54,1000,375000,1999
128,Honda,City,5,53000,Petrol,Manual,16.8,1500,770000,1998
2068,Toyota,Camry,5,119851,Petrol,Automatic,12.98,2500,1250000,2002
6040,Maruti,Wagon R,15,75472,Petrol,Manual,14.0,1100,170000,1999
12500,Toyota,Innova,5,90000,Diesel,Automatic,11.36,2800,1750000,2005
1195,Skoda,Rapid,3,40000,Petrol,Automatic,14.84,1600,700000,2011
2599,Mahindra,Bolero,6,150000,Diesel,Manual,15.96,2500,550000,2000
4348,Maruti,Wagon R,4,19000,Petrol,Automatic,20.51,1000,485000,1999
12009,Hyundai,Grand,6,50000,Diesel,Manual,24.0,1100,345000,2013
8415,BMW,5,13,50000,Petrol,Automatic,10.8,2500,790000,2007
7567,Hyundai,i10,9,42000,Petrol,Manual,20.36,1200,229000,2007
10690,Hyundai,Verna,12,55000,Petrol,Manual,13.9,1600,250000,2006
7238,Ford,Figo,9,115000,Diesel,Manual,20.0,1400,350000,2010
9896,Honda,Amaze,7,49000,Petrol,Manual,18.0,1200,395000,2013
4877,Maruti,Eeco,9,72422,Petrol,Manual,15.37,1200,290000,2010
7196,Maruti,Swift Dzire,5,50000,Diesel,Manual,19.3,1250,525000,2008
5557,Maruti,Wagon R,12,113675,Petrol,Manual,14.0,1100,180000,1999
11623,BMW,3,11,95000,Diesel,Automatic,13.2,2000,1040000,2007
12120,Renault,Duster,9,68000,Diesel,Manual,19.01,1500,375000,2012
3167,Hyundai,i20,8,35000,Petrol,Manual,18.6,1200,418000,2008
637,Mahindra,Scorpio,9,32208,Diesel,Manual,14.0,2500,625000,2002
120,Maruti,Swift Dzire,7,35000,Diesel,Manual,23.4,1250,600000,2008
2878,Maruti,Ciaz,6,41000,Petrol,Manual,20.73,1400,600000,2014
5828,Mercedes-Benz,E-Class,10,46001,Diesel,Automatic,14.21,2100,1650000,1996
3119,Honda,Amaze,5,75225,Diesel,Manual,25.8,1500,580000,2013
12056,Hyundai,Verna,3,35512,Diesel,Manual,22.32,1600,885000,2006
11883,Hyundai,i20,4,52896,Petrol,Manual,18.6,1200,555000,2008
2712,Volkswagen,Polo,6,100000,Diesel,Manual,20.14,1500,450000,2010
12551,Tata,Nexon,3,66817,Diesel,Manual,21.5,1500,665000,2017
1589,Datsun,RediGO,2,14322,Petrol,Manual,22.7,800,315000,2016
11924,Hyundai,i20,9,50000,Petrol,Manual,17.0,1200,395000,2008
8816,Toyota,Innova,8,98000,Diesel,Manual,12.8,2500,1000000,2005
2555,Jaguar,XF,5,20837,Diesel,Automatic,19.33,2000,3450000,2009
15002,Maruti,Celerio,4,31000,Petrol,Manual,21.63,1000,499000,2014
11002,Mahindra,XUV500,7,177000,Diesel,Manual,15.1,2200,550000,2011
5400,Maruti,Swift Dzire,3,15000,Petrol,Manual,21.21,1200,650000,2008
6142,Renault,KWID,2,15000,Petrol,Manual,25.17,800,380000,2015
13451,Toyota,Fortuner,1,6300,Diesel,Automatic,12.9,2800,3650000,2009
6347,Honda,City,9,59100,Petrol,Automatic,15.6,1500,575000,1998
8468,Maruti,Alto,12,110000,Petrol,Manual,19.7,800,110000,2000
4047,Maruti,Alto,9,42000,Petrol,Manual,19.7,800,211000,2000
8057,Maruti,Alto,7,40000,Petrol,Manual,22.74,800,250000,2000
11127,Hyundai,Grand,6,45000,Petrol,Automatic,18.9,1200,510000,2013
12169,Maruti,Wagon R,6,35000,Petrol,Manual,20.51,1000,295000,1999
9605,Maruti,Vitara,4,68100,Diesel,Manual,24.3,1250,675000,2016
1637,Honda,Jazz,4,15000,Petrol,Manual,18.7,1200,700000,2009
6313,Renault,KWID,3,9000,Petrol,Automatic,23.01,1000,420000,2015
1514,Ford,Ecosport,4,50000,Diesel,Manual,23.0,1500,650000,2013
3658,Skoda,Rapid,6,47000,Petrol,Manual,15.0,1600,485000,2011
11355,Honda,Amaze,5,52312,Petrol,Manual,17.8,1200,490000,2013
10270,Hyundai,i10,6,25000,Petrol,Manual,19.81,1100,323000,2007
3847,Maruti,Ciaz,5,115000,Diesel,Manual,28.09,1250,655000,2014
3955,Ford,Endeavour,3,25000,Diesel,Automatic,10.91,3200,3000000,2003
448,Hyundai,i20,5,50000,Petrol,Manual,18.6,1200,480000,2008
2364,Maruti,Wagon R,8,63000,"Others (CNG,LPG)",Manual,33.54,1000,351000,1999
3824,Honda,Amaze,6,73000,Petrol,Manual,18.0,1200,450000,2013
9619,Hyundai,Creta,5,52000,Petrol,Manual,13.0,1600,925000,2015
6328,Honda,Jazz,4,31000,Petrol,Automatic,19.0,1200,745000,2009
8780,Hyundai,Verna,1,5000,Petrol,Manual,17.7,1500,816000,2006
14810,Hyundai,Venue,2,9500,Diesel,Manual,23.7,1400,1075000,2019
6784,Hyundai,Verna,7,78000,Diesel,Manual,22.32,1600,670000,2006
8650,Maruti,Ertiga,2,25000,Diesel,Manual,25.47,1250,950000,2012
14794,Volkswagen,Polo,3,36000,Diesel,Manual,20.14,1500,790000,2010
10218,BMW,5,7,41000,Diesel,Automatic,22.48,2000,1890000,2007
6973,Tata,Safari,2,30000,Diesel,Manual,14.1,2200,1270000,1998
276,Honda,Amaze,6,59000,Petrol,Manual,18.0,1200,395000,2013
9595,Ford,Ecosport,7,81360,Diesel,Manual,22.7,1500,451000,2013
12467,Volkswagen,Vento,5,56205,Petrol,Automatic,18.19,1200,650000,2010
15157,Skoda,Rapid,4,123000,Diesel,Automatic,21.72,1500,749000,2011
2563,Honda,Amaze,7,110000,Diesel,Manual,25.8,1500,375000,2013
2841,Honda,Amaze,6,98500,Diesel,Manual,25.8,1500,500000,2013
3509,Skoda,Rapid,5,90000,Diesel,Automatic,21.66,1500,550000,2011
11728,Hyundai,i20,5,17000,Petrol,Manual,17.19,1200,720000,2008
7853,Volkswagen,Polo,7,31993,Diesel,Manual,20.14,1500,349000,2010
10225,Maruti,Ciaz,4,62000,Diesel,Manual,28.09,1250,765000,2014
3265,Hyundai,i20,6,45235,Petrol,Manual,18.6,1200,630000,2008
13365,Ford,Ecosport,4,40000,Diesel,Manual,23.0,1500,885000,2013
11166,Mahindra,Scorpio,6,53000,Diesel,Manual,15.4,2200,925000,2002
7012,Maruti,Swift,3,34000,Diesel,Automatic,28.4,1250,725000,2005
1525,Volkswagen,Vento,10,80000,Diesel,Manual,20.54,1600,350000,2010
9839,Honda,Civic,10,70000,Petrol,Manual,14.8,1800,400000,2006
13102,Toyota,Innova,8,76000,Diesel,Manual,12.99,2500,995000,2005
12190,Hyundai,Creta,4,17550,Diesel,Manual,19.67,1600,1335000,2015
8973,Maruti,Ignis,4,22115,Petrol,Manual,20.89,1200,425000,2017
14666,BMW,3,7,118000,Diesel,Automatic,19.62,2000,2000000,2007
10164,Maruti,Baleno,3,21000,Petrol,Manual,21.4,1200,590000,2015
11597,Hyundai,Verna,8,75842,Diesel,Automatic,22.32,1600,625000,2006
1987,Volkswagen,Polo,3,15000,Petrol,Manual,18.78,1000,595000,2010
60,Ford,Aspire,4,58000,Petrol,Manual,18.16,1200,500000,2015
4820,Renault,KWID,6,19000,Petrol,Manual,20.71,800,335000,2015
2514,Hyundai,i20,3,16000,Petrol,Manual,17.19,1200,750000,2008
3694,Maruti,Vitara,4,62428,Diesel,Manual,24.3,1250,900000,2016
10237,Maruti,Wagon R,6,30000,"Others (CNG,LPG)",Manual,32.52,1000,350000,1999
13095,Ford,Endeavour,4,40000,Diesel,Automatic,10.91,3200,2850000,2003
8885,Datsun,GO,6,45000,Petrol,Manual,19.44,1200,275000,2014
5542,Ford,Aspire,6,70000,Diesel,Manual,25.83,1500,425000,2015
14421,Maruti,Alto,8,60000,Petrol,Manual,20.92,1000,210000,2000
12708,Maruti,Swift Dzire,8,56000,Diesel,Manual,23.4,1250,359000,2008
9420,Hyundai,Santro,13,79000,Petrol,Manual,17.92,1100,125000,1998
2373,Hyundai,i20,5,23000,Petrol,Manual,18.6,1200,575000,2008
3070,Hyundai,i20,11,220000,Petrol,Manual,17.0,1200,204000,2008
3347,Honda,Jazz,5,71400,Diesel,Manual,27.3,1500,630000,2009
12636,Mahindra,Thar,2,5000,Diesel,Manual,16.55,2500,975000,2010
15223,Mercedes-Benz,E-Class,11,140000,Diesel,Automatic,11.5,3000,2200000,1996
6589,Maruti,Swift Dzire,5,38000,Diesel,Manual,23.4,1250,625000,2008
3035,Renault,KWID,3,15235,Petrol,Manual,23.01,1000,410000,2015
4473,Hyundai,i20,3,38000,Petrol,Manual,18.6,1200,650000,2008
9343,Maruti,Vitara,3,29000,Diesel,Automatic,24.3,1250,890000,2016
4555,Hyundai,i20,8,47000,Petrol,Manual,17.0,1200,475000,2008
6878,Hyundai,i20,5,32959,Diesel,Manual,22.54,1400,681000,2008
6454,Mahindra,Scorpio,5,86613,Diesel,Manual,15.4,2200,1275000,2002
11998,Hyundai,i10,10,82000,Petrol,Manual,20.36,1200,375000,2007
4892,Maruti,Wagon R,8,35000,Petrol,Manual,18.9,1000,250000,1999
10355,Hyundai,Verna,8,60000,Diesel,Manual,22.32,1600,460000,2006
4388,Maruti,Alto,2,21900,Petrol,Manual,24.7,800,360000,2000
1598,Tata,Tiago,2,15000,Petrol,Manual,23.84,1200,530000,2016
2391,Maruti,Ciaz,4,40000,Diesel,Manual,28.09,1250,810000,2014
7448,Hyundai,i20,3,25000,Petrol,Manual,18.6,1200,645000,2008
12749,Maruti,Alto,10,7000,Petrol,Manual,19.7,800,150000,2000
12019,Maruti,Wagon R,17,48500,Petrol,Manual,18.9,1000,110000,1999
1459,Maruti,Swift,3,14000,Petrol,Manual,22.0,1200,590000,2005
3015,Mercedes-Benz,E-Class,10,40000,Diesel,Automatic,14.21,2100,1050000,1996
8607,Toyota,Innova,6,38500,Diesel,Manual,12.99,2500,1250000,2005
6915,Honda,City,7,63339,Diesel,Manual,26.0,1500,675000,1998
6239,Maruti,Celerio,3,25000,Petrol,Manual,23.1,1000,460000,2014
4984,Renault,Duster,5,123000,Diesel,Manual,19.64,1500,650000,2012
11406,Maruti,Swift Dzire,7,71000,Diesel,Manual,23.4,1250,385000,2008
14817,Maruti,Swift Dzire,6,70000,Diesel,Manual,26.59,1250,500000,2008
1873,Hyundai,Grand,5,20000,Petrol,Manual,18.9,1200,510000,2013
1386,Ford,Ecosport,6,110000,Diesel,Manual,22.77,1500,600000,2013
8072,Maruti,Swift Dzire,5,52000,Diesel,Manual,19.3,1250,680000,2008
6224,Maruti,Baleno,3,33000,Petrol,Manual,21.01,1200,730000,2015
9720,Maruti,Baleno,3,48000,Diesel,Manual,27.39,1250,599000,2015
9960,Maruti,Wagon R,3,55000,"Others (CNG,LPG)",Manual,33.54,1000,380000,1999
4157,Maruti,Swift,4,70000,Diesel,Manual,25.2,1250,630000,2005
14182,Honda,Amaze,2,15787,Petrol,Manual,18.0,1200,650000,2013
5403,Ford,Figo,11,170000,Diesel,Manual,20.0,1400,235000,2010
5101,Volkswagen,Vento,6,49728,Diesel,Manual,20.34,1500,625000,2010
1487,Maruti,Alto,11,35760,Petrol,Manual,23.95,1000,205000,2000
1663,Hyundai,Elantra,6,59000,Diesel,Manual,22.7,1600,875000,2004
7230,Hyundai,Grand,6,42715,Petrol,Manual,18.9,1200,410000,2013
1540,Honda,City,11,70000,Petrol,Manual,17.0,1500,370000,1998
11827,Maruti,Alto,6,77000,Petrol,Manual,23.95,1000,245000,2000
5824,Maruti,Swift Dzire,5,90503,Diesel,Manual,23.4,1250,725000,2008
10530,Maruti,Alto,8,39000,Petrol,Manual,20.92,1000,225000,2000
4421,Volkswagen,Vento,5,55000,Diesel,Automatic,22.15,1500,950000,2010
8351,Maruti,Swift,8,80000,Diesel,Manual,22.9,1250,315000,2005
9210,Renault,Duster,8,65000,Diesel,Manual,19.01,1500,390000,2012
11222,Volkswagen,Vento,5,17000,Petrol,Manual,16.09,1600,650000,2010
13768,Mahindra,XUV500,7,220000,Diesel,Manual,15.1,2200,800000,2011
13122,Hyundai,Santro,11,74000,Petrol,Manual,17.92,1100,265000,1998
5545,Maruti,Baleno,5,38000,Petrol,Manual,21.4,1200,580000,2015
205,Mahindra,Scorpio,14,110000,Diesel,Manual,13.5,2200,280000,2002
10523,Maruti,Alto,14,35000,Petrol,Manual,19.7,800,100000,2000
12141,Ford,Ecosport,5,35000,Petrol,Manual,15.85,1500,670000,2013
8147,Tata,Hexa,4,78000,Diesel,Manual,17.6,2200,1300000,2017
1614,Honda,Civic,2,11000,Petrol,Automatic,16.5,1800,2000000,2006
11353,Maruti,Wagon R,3,29000,Petrol,Manual,21.79,1000,365000,1999
3601,Hyundai,i20,8,55713,Petrol,Manual,17.0,1200,350000,2008
5706,Jeep,Compass,3,20000,Petrol,Manual,16.0,1400,1472000,2017
12634,Honda,City,7,80633,Diesel,Manual,26.0,1500,575000,1998
1667,Skoda,Rapid,9,85000,Diesel,Manual,20.5,1600,350000,2011
4821,Honda,Amaze,1,10000,Petrol,Manual,18.6,1200,680000,2013
12942,BMW,X3,7,65000,Diesel,Automatic,16.09,2000,2025000,2007
4073,BMW,3,5,96500,Diesel,Automatic,19.59,2000,2500000,2007
12114,Jeep,Compass,2,30000,Petrol,Automatic,16.0,1400,1600000,2017
8103,Maruti,Wagon R,2,15000,Petrol,Manual,20.52,1200,510000,1999
10923,Renault,KWID,4,36000,Petrol,Manual,25.17,800,320000,2015
8711,Hyundai,Verna,2,9915,Diesel,Automatic,22.0,1600,1590000,2006
5833,Maruti,Ertiga,8,30000,Petrol,Manual,16.02,1400,400000,2012
4747,Renault,KWID,4,10000,Petrol,Manual,23.01,1000,400000,2015
8498,Toyota,Innova,12,150000,Diesel,Manual,12.8,2500,505000,2005
10319,Hyundai,Grand,6,112000,Diesel,Manual,24.0,1100,350000,2013
8802,Volkswagen,Polo,6,28500,Diesel,Manual,20.14,1500,435000,2010
11781,Maruti,Swift Dzire,6,88562,Diesel,Manual,23.4,1250,520000,2008
7738,Hyundai,i20,5,91000,Diesel,Manual,22.54,1400,560000,2008
14860,Hyundai,i20,3,32300,Diesel,Manual,21.19,1400,800000,2008
13705,BMW,3,9,76186,Petrol,Automatic,12.05,2000,1500000,2007
15155,Hyundai,i10,8,35000,Petrol,Manual,20.36,1200,400000,2007
334,Hyundai,Grand,5,34000,Petrol,Manual,18.9,1200,550000,2013
1375,Tata,Harrier,2,15200,Diesel,Manual,17.0,2000,1550000,2019
5273,Maruti,Vitara,5,20000,Diesel,Manual,24.3,1250,1000000,2016
9207,Hyundai,i20,8,48000,Diesel,Manual,21.9,1400,349000,2008
8995,Maruti,Vitara,5,80000,Diesel,Manual,24.3,1250,650000,2016
651,Maruti,Baleno,3,10000,Petrol,Automatic,21.4,1200,800000,2015
6036,Hyundai,Verna,5,49349,Diesel,Manual,24.8,1400,720000,2006
1501,Hyundai,Creta,5,70000,Diesel,Manual,19.67,1600,950000,2015
13127,Tata,Nexon,4,95000,Diesel,Manual,21.5,1500,825000,2017
6156,Maruti,Swift,4,45000,Petrol,Manual,16.1,1200,568000,2005
11140,Maruti,Eeco,6,37000,Petrol,Manual,15.37,1200,265000,2010
2653,Maruti,Ertiga,7,51890,"Others (CNG,LPG)",Manual,17.5,1400,595000,2012
12707,Maruti,Swift Dzire,5,28117,Petrol,Manual,20.85,1200,615000,2008
13943,Maruti,Ciaz,3,90000,Diesel,Manual,28.09,1250,850000,2014
4581,Hyundai,i10,14,97000,Petrol,Manual,20.36,1200,245000,2007
6279,Hyundai,i10,11,64616,Petrol,Manual,20.36,1200,310000,2007
4133,Maruti,Alto,3,25000,Petrol,Automatic,23.95,1000,410000,2000
11375,Maruti,Alto,2,5863,Petrol,Manual,23.95,1000,375000,2000
12111,Mahindra,XUV500,3,20306,Diesel,Automatic,15.1,2200,1899000,2011
10174,BMW,5,5,97000,Diesel,Automatic,18.12,2000,2300000,2007
10254,Toyota,Fortuner,12,260000,Diesel,Manual,11.5,3000,723000,2009
2313,Mahindra,Scorpio,4,35000,Diesel,Automatic,15.4,2200,1135000,2002
5232,Maruti,Ciaz,6,60000,Diesel,Manual,28.09,1250,650000,2014
12074,Maruti,Celerio,6,51118,Petrol,Automatic,23.1,1000,450000,2014
1557,Hyundai,i20,7,74000,Petrol,Manual,17.0,1200,575000,2008
7832,Hyundai,Creta,4,60000,Diesel,Manual,21.38,1400,900000,2015
5473,Maruti,Swift,13,86000,Diesel,Manual,17.8,1250,280000,2005
3626,Maruti,Eeco,6,61000,"Others (CNG,LPG)",Manual,20.88,1200,390000,2010
2225,Maruti,Ignis,2,9343,Petrol,Automatic,20.89,1200,600000,2017
13795,Hyundai,i10,10,83347,Petrol,Manual,20.36,1200,385000,2007
1388,Audi,A4,4,49000,Petrol,Automatic,17.84,1400,2650000,2008
1066,Toyota,Innova,7,54800,Diesel,Manual,12.99,2500,851000,2005
12194,Maruti,Ciaz,5,47000,Diesel,Manual,28.09,1250,725000,2014
13369,Hyundai,i10,10,42000,Petrol,Manual,20.36,1200,230000,2007
11533,Hyundai,Venue,1,10000,Diesel,Manual,23.7,1400,1039000,2019
5730,Mahindra,KUV100,1,35000,Diesel,Manual,25.32,1200,786000,2016
12098,Hyundai,Verna,9,42981,Diesel,Automatic,22.32,1600,495000,2006
14454,Maruti,Wagon R,3,77000,"Others (CNG,LPG)",Manual,26.6,1000,485000,1999
13691,Tata,Harrier,2,12750,Diesel,Manual,17.0,2000,1750000,2019
4392,Maruti,Vitara,3,12000,Diesel,Manual,24.3,1250,925000,2016
11251,Maruti,Wagon R,6,51000,"Others (CNG,LPG)",Manual,26.2,1000,300000,1999
2726,Maruti,Alto,7,56332,Petrol,Manual,23.95,1000,285000,2000
7306,Maruti,Swift Dzire,3,18000,Petrol,Manual,20.85,1200,650000,2008
14579,Jaguar,XF,5,28000,Diesel,Automatic,19.33,2000,2950000,2009
3579,Maruti,Vitara,3,61000,Diesel,Manual,24.3,1250,1025000,2016
233,Volkswagen,Polo,10,98000,Diesel,Manual,22.07,1200,200000,2010
715,Tata,Tigor,4,25000,Diesel,Manual,24.7,1050,600000,2017
9676,Hyundai,Creta,6,65000,Diesel,Automatic,17.6,1600,835000,2015
6600,Hyundai,Creta,4,60369,Diesel,Automatic,17.01,1600,1350000,2015
1838,Maruti,Wagon R,8,83000,Petrol,Manual,18.9,1000,335000,1999
12054,Ford,Figo,5,55000,Diesel,Manual,25.83,1500,575000,2010
11648,Toyota,Innova,5,56000,Diesel,Manual,13.68,2400,1625000,2005
3932,Hyundai,Elantra,8,60000,Diesel,Automatic,19.5,1600,750000,2004
5044,Hyundai,i10,9,36834,Petrol,Manual,20.36,1200,365000,2007
10407,Maruti,Baleno,4,20000,Petrol,Automatic,19.56,1200,700000,2015
4857,Maruti,Wagon R,3,2000,Petrol,Manual,20.51,1000,450000,1999
12093,Mahindra,XUV500,9,73615,Diesel,Manual,15.1,2200,625000,2011
5002,Renault,Duster,6,30000,Diesel,Manual,20.45,1500,800000,2012
13085,Volkswagen,Polo,6,63000,Diesel,Manual,20.14,1500,650000,2010
5048,Hyundai,i20,7,60000,Diesel,Manual,22.54,1400,450000,2008
7861,Hyundai,i20,3,72500,Diesel,Manual,21.19,1400,650000,2008
14626,Renault,KWID,4,36628,Petrol,Manual,23.01,1000,420000,2015
12112,Hyundai,i10,9,43940,Petrol,Manual,19.81,1100,245000,2007
12132,Mahindra,XUV500,5,99110,Diesel,Automatic,16.0,2200,1180000,2011
6484,Maruti,Baleno,4,40000,Petrol,Manual,21.4,1200,575000,2015
14800,Hyundai,i10,11,40685,Petrol,Manual,20.36,1200,270000,2007
12649,Honda,City,10,130000,Petrol,Manual,17.0,1500,350000,1998
1555,Honda,Amaze,7,25000,Petrol,Manual,18.0,1200,560000,2013
5113,Maruti,Swift Dzire,6,49162,Petrol,Manual,22.0,1200,495000,2008
13321,Volkswagen,Vento,3,9965,Petrol,Manual,16.09,1600,915000,2010
4360,Mahindra,Bolero,6,89635,Diesel,Manual,13.6,2500,410000,2000
14654,Maruti,Ciaz,6,130000,Diesel,Manual,28.09,1250,750000,2014
11431,Hyundai,i20,6,70000,Diesel,Manual,22.54,1400,700000,2008
9280,Hyundai,i20,7,110000,Petrol,Manual,18.6,1200,400000,2008
8216,Hyundai,i10,13,70000,Petrol,Manual,19.81,1100,239000,2007
11391,Ford,Endeavour,9,85000,Diesel,Manual,10.9,2500,575000,2003
6248,Mahindra,XUV500,4,76000,Diesel,Manual,16.0,2200,1190000,2011
11807,Maruti,Ciaz,5,40000,Petrol,Manual,20.73,1400,650000,2014
9118,Hyundai,i10,11,100000,Petrol,Manual,20.36,1200,180000,2007
10544,Maruti,Ciaz,2,9000,Petrol,Manual,21.56,1500,855000,2014
8897,Hyundai,Creta,3,105692,Diesel,Manual,19.67,1600,1350000,2015
9972,Hyundai,i10,11,80000,Petrol,Manual,19.81,1100,240000,2007
5063,Honda,Civic,2,13989,Petrol,Automatic,16.5,1800,2150000,2006
10870,Maruti,Swift,8,26000,Diesel,Manual,28.4,1250,365000,2005
5764,Maruti,Alto,5,31488,Petrol,Manual,24.7,800,300000,2000
9748,Hyundai,Grand,2,16415,Petrol,Manual,18.9,1200,515000,2013
11826,Honda,City,6,50000,Diesel,Manual,26.0,1500,750000,1998
1862,Maruti,Swift Dzire,3,29000,Petrol,Automatic,18.5,1200,630000,2008
1070,BMW,5,10,85000,Diesel,Automatic,18.48,2000,999000,2007
2125,Volkswagen,Polo,4,13500,Petrol,Manual,18.78,1200,520000,2010
14008,Renault,Duster,8,47163,Diesel,Manual,19.01,1500,625000,2012
11350,Hyundai,i10,10,91002,Petrol,Manual,19.81,1100,205000,2007
3312,Tata,Nexon,3,16000,Diesel,Manual,21.5,1500,835000,2017
15092,Mahindra,Scorpio,10,120000,Diesel,Manual,12.05,2200,480000,2002
13821,Mahindra,XUV500,9,120442,Diesel,Manual,15.1,2200,825000,2011
6694,Maruti,Baleno,3,35000,Petrol,Manual,21.4,1200,680000,2015
746,Maruti,Swift,5,37000,Petrol,Manual,18.6,1200,495000,2005
7827,Hyundai,i20,3,35000,Diesel,Manual,22.54,1400,650000,2008
7940,Maruti,Vitara,5,52000,Diesel,Manual,24.3,1250,635000,2016
12563,Volkswagen,Vento,10,74000,Diesel,Manual,20.54,1600,415000,2010
3225,Volkswagen,Vento,6,37782,Petrol,Automatic,16.93,1200,555000,2010
15020,Volkswagen,Vento,3,26300,Diesel,Manual,22.27,1500,1100000,2010
11810,Renault,KWID,4,13800,Petrol,Manual,23.01,1000,360000,2015
12521,Maruti,Swift Dzire,5,50000,Petrol,Manual,20.85,1200,489000,2008
14526,Maruti,Swift Dzire,4,40000,Petrol,Manual,20.85,1200,580000,2008
7092,Maruti,Swift,6,89000,Diesel,Manual,25.2,1250,565000,2005
13759,Mahindra,XUV500,3,46000,Diesel,Manual,15.1,2200,1775000,2011
6691,Toyota,Innova,3,116084,Diesel,Automatic,11.36,2800,2150000,2005
13055,Honda,City,4,19000,Petrol,Manual,17.8,1500,850000,1998
2168,Toyota,Innova,5,65000,Diesel,Manual,13.68,2400,1700000,2005
10788,Maruti,Swift Dzire,3,20000,Petrol,Automatic,22.0,1200,725000,2008
854,Maruti,Vitara,5,70000,Diesel,Manual,24.3,1250,680000,2016
4429,Hyundai,i20,4,33000,Petrol,Manual,18.6,1200,695000,2008
12614,Volkswagen,Vento,8,45000,Petrol,Automatic,14.4,1600,465000,2010
1213,Maruti,Alto,13,97000,Petrol,Manual,19.7,800,95000,2000
1194,Maruti,Celerio,2,50000,Petrol,Manual,21.63,1000,500000,2014
4130,Hyundai,Creta,4,66000,Petrol,Manual,13.0,1600,1149000,2015
9255,Honda,City,7,53000,Petrol,Manual,17.8,1500,625000,1998
13298,Maruti,Alto,8,90000,"Others (CNG,LPG)",Manual,30.46,800,185000,2000
13864,Ford,Figo,7,42000,Diesel,Manual,20.0,1400,460000,2010
2183,Hyundai,i10,13,45000,Petrol,Manual,19.81,1100,210000,2007
14959,Maruti,Alto,7,30000,Petrol,Manual,23.95,1000,250000,2000
10818,Hyundai,Verna,10,29800,Diesel,Manual,16.2,1500,225000,2006
7764,Ford,Figo,9,49754,Diesel,Manual,20.0,1400,169000,2010
6651,Tata,Harrier,2,68000,Diesel,Manual,17.0,2000,1550000,2019
14867,Hyundai,Elantra,3,40000,Petrol,Automatic,14.62,2000,1600000,2004
15131,Maruti,Baleno,4,25000,Petrol,Manual,21.4,1200,550000,2015
4404,Maruti,Baleno,4,20000,Petrol,Manual,21.01,1200,770000,2015
8082,Maruti,Swift,8,39569,Diesel,Manual,28.4,1250,289000,2005
13959,Hyundai,Verna,10,78333,Diesel,Manual,16.2,1500,450000,2006
1678,Maruti,Ertiga,3,62000,Petrol,Manual,19.34,1500,815000,2012
9522,Honda,City,4,50000,Petrol,Manual,17.4,1500,765000,1998
3934,Hyundai,Creta,4,34800,Petrol,Manual,13.0,1600,1150000,2015
456,Maruti,Swift,6,30000,Petrol,Manual,20.4,1200,370000,2005
2892,Maruti,Ignis,4,34000,Petrol,Manual,20.89,1200,449000,2017
7619,Hyundai,i20,3,12500,Diesel,Manual,21.19,1400,780000,2008
6914,Maruti,Swift Dzire,9,60000,Petrol,Manual,17.5,1300,350000,2008
7903,Volkswagen,Vento,4,65000,Diesel,Manual,22.27,1500,570000,2010
15345,Renault,KWID,6,35000,Petrol,Manual,25.17,800,265000,2015
8359,Ford,Figo,9,23207,Petrol,Manual,15.6,1200,220000,2010
13551,Hyundai,Grand,3,8468,Petrol,Manual,18.9,1200,685000,2013
10727,Ford,Ecosport,8,89005,Diesel,Manual,22.7,1500,450000,2013
9290,Maruti,Swift,2,20000,Diesel,Manual,28.4,1250,675000,2005
509,Maruti,Alto,10,11266,Petrol,Manual,20.92,1000,235000,2000
4273,Maruti,Wagon R,12,64000,"Others (CNG,LPG)",Manual,17.3,1100,160000,1999
9921,Mahindra,Scorpio,5,64312,Diesel,Manual,15.4,2200,825000,2002
4843,Hyundai,Verna,7,67500,Diesel,Manual,22.32,1600,685000,2006
5962,Maruti,Ignis,4,54300,Petrol,Manual,20.89,1200,525000,2017
5591,Tata,Nexon,1,5000,Petrol,Automatic,17.0,1200,1000000,2017
5461,Tata,Safari,8,120000,Diesel,Manual,14.0,2200,420000,1998
6090,Skoda,Rapid,9,66000,Diesel,Manual,20.5,1600,450000,2011
6591,Hyundai,Creta,3,49000,Diesel,Manual,20.5,1600,1390000,2015
2038,Toyota,Innova,5,62000,Diesel,Automatic,11.36,2800,1600000,2005
8776,Toyota,Innova,4,30000,Diesel,Manual,13.68,2400,1950000,2005
1950,Volkswagen,Polo,6,65817,Diesel,Manual,20.14,1500,580000,2010
10059,Hyundai,Venue,2,26000,Petrol,Automatic,18.15,1000,1095000,2019
7815,Hyundai,i20,3,20000,Petrol,Manual,18.6,1200,650000,2008
9677,Ford,Ecosport,2,16000,Petrol,Manual,17.0,1500,925000,2013
8080,Hyundai,Grand,6,52312,Diesel,Manual,24.0,1100,415000,2013
639,Maruti,Swift,7,90000,Diesel,Manual,25.2,1250,350000,2005
7394,Hyundai,i10,11,50000,Petrol,Manual,20.36,1200,210000,2007
7283,Mahindra,Bolero,9,200000,Diesel,Manual,13.6,2500,400000,2000
10807,Honda,Amaze,7,87200,Petrol,Manual,18.0,1200,385000,2013
1076,Toyota,Innova,6,60200,Diesel,Manual,12.99,2500,820000,2005
12307,Mahindra,XUV500,7,80000,Diesel,Manual,15.1,2200,850000,2011
12502,Hyundai,i20,4,60000,Petrol,Manual,18.6,1200,595000,2008
8022,BMW,3,4,52000,Diesel,Automatic,19.59,2000,3300000,2007
7554,Honda,WR-V,1,5000,Petrol,Manual,17.5,1200,924000,2017
10111,Ford,Figo,6,62752,Diesel,Manual,20.0,1400,323000,2010
12372,Toyota,Fortuner,7,150000,Diesel,Automatic,11.5,3000,1700000,2009
5304,Maruti,Swift Dzire,4,48518,Diesel,Manual,19.3,1250,725000,2008
8578,Honda,City,6,50000,Petrol,Automatic,18.0,1500,595000,1998
14345,Ford,Figo,9,80000,Diesel,Manual,20.0,1400,240000,2010
14786,Maruti,Swift Dzire,5,50000,Diesel,Manual,26.59,1250,655000,2008
10112,Hyundai,i10,9,47000,Petrol,Manual,19.81,1100,290000,2007
7549,Mahindra,XUV500,9,135000,Diesel,Manual,15.1,2200,525000,2011
7232,Hyundai,i20,5,100000,Diesel,Manual,22.54,1400,550000,2008
11877,Audi,A4,10,68000,Petrol,Automatic,10.8,2000,1350000,2008
7033,Datsun,RediGO,4,21696,Petrol,Manual,22.7,800,290000,2016
11803,Honda,Jazz,5,103000,Diesel,Manual,27.3,1500,625000,2009
6373,Honda,City,10,80000,Petrol,Manual,17.0,1500,350000,1998
6157,Hyundai,i20,11,60000,Petrol,Manual,17.0,1200,350000,2008
10980,Ford,Ecosport,2,19338,Petrol,Manual,15.9,1500,985000,2013
4323,Jeep,Compass,2,13500,Diesel,Manual,17.1,2000,1750000,2017
5340,Maruti,Swift,7,6500,Diesel,Manual,22.9,1250,600000,2005
5275,Hyundai,i10,12,61171,Petrol,Manual,20.36,1200,290000,2007
2483,Volkswagen,Vento,7,56000,Petrol,Automatic,16.93,1200,610000,2010
14979,Audi,A6,7,73000,Diesel,Automatic,17.68,2000,1750000,2005
13586,Skoda,Rapid,7,50000,Diesel,Automatic,21.66,1500,580000,2011
4500,Hyundai,i20,7,100000,Diesel,Manual,22.54,1400,450000,2008
1701,Renault,Duster,8,75704,Diesel,Manual,19.87,1500,590000,2012
2182,Maruti,Baleno,5,37072,Petrol,Manual,21.4,1200,615000,2015
14715,Maruti,Wagon R,10,90000,"Others (CNG,LPG)",Manual,26.2,1000,280000,1999
14078,Maruti,Swift,5,29123,Diesel,Manual,25.2,1250,570000,2005
922,Volkswagen,Polo,8,90000,Diesel,Manual,22.07,1200,250000,2010
9833,Maruti,Swift Dzire,7,45000,Petrol,Manual,19.1,1200,420000,2008
12576,Maruti,Alto,12,35000,Petrol,Manual,19.7,800,220000,2000
8053,Maruti,Wagon R,5,58000,Petrol,Manual,20.51,1000,350000,1999
3097,Tata,Tigor,3,9500,Petrol,Automatic,20.3,1200,575000,2017
9951,Maruti,Baleno,4,14000,Petrol,Manual,21.4,1200,637000,2015
13889,Skoda,Superb,11,59000,Petrol,Automatic,13.7,1800,449000,2004
4616,Maruti,Swift,6,101000,Diesel,Manual,28.4,1250,565000,2005
8881,Volkswagen,Polo,4,18000,Petrol,Automatic,17.21,1200,830000,2010
2214,Maruti,Swift Dzire,10,75220,Diesel,Manual,19.3,1250,390000,2008
3166,Hyundai,i10,8,38100,Petrol,Manual,20.36,1200,340000,2007
3591,Maruti,Ertiga,5,80000,Diesel,Manual,24.52,1250,800000,2012
10819,Tata,Tigor,2,40000,Diesel,Manual,24.7,1050,529000,2017
8379,Tata,Safari,8,60000,Diesel,Manual,11.57,2200,350000,1998
8383,Maruti,Alto,3,15000,Petrol,Manual,24.7,800,265000,2000
923,Tata,Tiago,4,22000,Diesel,Manual,27.28,1050,475000,2016
6254,Maruti,Alto,2,12000,Petrol,Manual,22.05,800,285000,2000
14921,Renault,Duster,6,66000,Diesel,Manual,20.46,1500,625000,2012
3775,Hyundai,Grand,8,61000,Diesel,Manual,24.0,1100,425000,2013
9933,Maruti,Vitara,3,29000,Diesel,Automatic,24.3,1250,895000,2016
7201,Honda,City,7,100000,Petrol,Manual,17.4,1500,600000,1998
6814,Maruti,Alto,3,38000,Petrol,Manual,22.74,800,325000,2000
15046,Volkswagen,Vento,2,62000,Petrol,Manual,16.09,1600,780000,2010
11220,Maruti,Ertiga,7,57000,Petrol,Manual,16.02,1400,525000,2012
5956,Maruti,Alto,11,80000,Petrol,Manual,19.7,800,170000,2000
12944,Mahindra,Marazzo,2,50000,Diesel,Manual,17.3,1500,1450000,2018
13809,Honda,City,7,57762,Petrol,Manual,17.4,1500,550000,1998
3030,Hyundai,Creta,4,77000,Diesel,Manual,21.38,1400,1100000,2015
4231,Tata,Safari,6,147000,Diesel,Manual,14.0,2200,800000,1998
5780,Maruti,Swift Dzire,5,42000,Petrol,Manual,20.85,1200,560000,2008
10794,Hyundai,Grand,4,37079,Petrol,Manual,18.9,1200,540000,2013
9751,Hyundai,Grand,5,63000,Petrol,Manual,18.9,1200,450000,2013
13800,Maruti,Alto,5,77658,"Others (CNG,LPG)",Manual,33.44,800,325000,2000
13205,Maruti,Ertiga,4,50000,Diesel,Manual,24.52,1250,800000,2012
3678,Maruti,Swift Dzire,9,56200,Diesel,Manual,23.4,1250,485000,2008
5157,Audi,A4,11,70000,Petrol,Automatic,10.8,2000,1200000,2008
12289,Audi,A4,7,64000,Diesel,Automatic,17.11,2000,1545000,2008
7751,Renault,Duster,5,60000,Diesel,Manual,19.87,1500,900000,2012
9317,Volkswagen,Polo,8,61000,Diesel,Manual,22.07,1200,278000,2010
7636,Maruti,Ignis,1,10000,Petrol,Manual,20.89,1200,535000,2017
2523,Ford,Figo,8,46000,Diesel,Manual,20.0,1400,294000,2010
13124,Hyundai,Venue,1,6500,Petrol,Manual,18.27,1000,949000,2019
7601,Maruti,Swift Dzire,5,50000,Petrol,Manual,20.85,1200,460000,2008
444,Skoda,Superb,11,100000,Petrol,Manual,13.14,1800,235000,2004
9391,Honda,Amaze,8,38872,Petrol,Manual,18.6,1200,365000,2013
11248,Maruti,Swift Dzire,6,53000,Diesel,Manual,26.59,1250,460000,2008
10823,Audi,A6,10,55000,Petrol,Automatic,10.4,2800,1340000,2005
6430,Hyundai,i20,3,21000,Petrol,Manual,18.6,1200,795000,2008
13679,Maruti,Swift Dzire,7,59500,Diesel,Manual,23.4,1250,560000,2008
194,Maruti,Wagon R,6,92537,Petrol,Manual,20.51,1000,272000,1999
3403,Datsun,RediGO,3,16500,Petrol,Manual,22.7,800,290000,2016
4659,Hyundai,i10,12,59740,Petrol,Manual,20.36,1200,230000,2007
589,Volkswagen,Vento,6,53837,Petrol,Automatic,16.93,1200,575000,2010
6191,Hyundai,i10,13,60000,Petrol,Automatic,19.2,1200,350000,2007
9973,Honda,City,7,88000,Diesel,Manual,26.0,1500,556000,1998
1446,Maruti,Swift Dzire,8,78000,Petrol,Manual,19.1,1200,385000,2008
11139,Hyundai,Verna,7,70000,Diesel,Automatic,22.32,1600,585000,2006
1504,Ford,Aspire,5,35000,Petrol,Manual,18.16,1200,369000,2015
4283,Hyundai,i10,11,52221,Petrol,Manual,20.36,1200,320000,2007
2544,Honda,WR-V,3,40000,Diesel,Manual,25.5,1500,1000000,2017
11831,Ford,Figo,10,71000,Diesel,Manual,25.83,1500,240000,2010
6758,Renault,Duster,7,85000,Diesel,Manual,19.01,1500,575000,2012
8200,Hyundai,Grand,3,10000,Petrol,Manual,18.9,1200,450000,2013
3045,Renault,KWID,4,20966,Petrol,Manual,25.17,800,349000,2015
7834,Jaguar,XF,9,73000,Diesel,Automatic,14.74,3000,1299000,2009
3168,Honda,WR-V,3,30892,Diesel,Manual,25.5,1500,975000,2017
5015,Maruti,Swift Dzire,3,48000,Petrol,Automatic,21.21,1200,765000,2008
11385,Maruti,Swift,6,90000,Diesel,Manual,28.4,1250,435000,2005
3604,Hyundai,Grand,4,18500,Petrol,Automatic,18.9,1200,635000,2013
11202,Hyundai,Verna,9,72193,Diesel,Manual,22.32,1600,415000,2006
3762,Renault,KWID,5,21000,Petrol,Manual,22.3,800,300000,2015
8421,Maruti,Swift Dzire,4,21000,Diesel,Manual,28.4,1250,650000,2008
5820,Audi,A4,10,95000,Petrol,Automatic,15.64,1800,1000000,2008
3211,Renault,KWID,4,15000,Petrol,Manual,25.17,800,350000,2015
1075,Renault,Duster,3,77000,Diesel,Manual,19.87,1500,730000,2012
249,Volkswagen,Polo,11,350000,Petrol,Manual,16.47,1200,173000,2010
2638,Toyota,Innova,9,120000,Diesel,Manual,12.8,2500,800000,2005
1723,Audi,A4,11,67000,Petrol,Automatic,10.8,2000,845000,2008
7622,Skoda,Rapid,8,71000,Diesel,Manual,20.5,1600,270000,2011
13268,Maruti,Ertiga,7,35000,Petrol,Manual,17.5,1400,585000,2012
7296,Maruti,Vitara,2,40000,Diesel,Manual,24.3,1250,900000,2016
7960,Ford,Ecosport,6,30000,Petrol,Manual,15.9,1500,670000,2013
14745,Maruti,Ertiga,6,35020,Diesel,Manual,24.2,1500,740000,2012
12139,Mahindra,Marazzo,3,100000,Diesel,Manual,17.3,1500,680000,2018
1171,Ford,Ecosport,3,16000,Petrol,Manual,17.0,1500,875000,2013
802,Honda,Amaze,2,25000,Petrol,Manual,18.6,1200,640000,2013
7577,Maruti,Wagon R,5,29836,Petrol,Manual,20.51,1000,425000,1999
12158,Renault,Duster,8,120000,Diesel,Manual,19.01,1500,350000,2012
6740,Hyundai,Grand,4,12784,Petrol,Automatic,18.9,1200,610000,2013
303,Hyundai,Verna,9,61000,Diesel,Manual,22.32,1600,420000,2006
7730,Hyundai,Grand,8,50000,Petrol,Manual,18.9,1200,300000,2013
6595,Hyundai,i20,8,96000,Diesel,Manual,21.9,1400,450000,2008
14478,Renault,Duster,8,75000,Diesel,Manual,19.6,1500,550000,2012
10475,Maruti,Ertiga,7,60000,Petrol,Manual,16.02,1400,495000,2012
7569,Skoda,Superb,11,39256,Petrol,Automatic,13.7,1800,369000,2004
1652,Ford,Ecosport,5,70000,Diesel,Manual,22.77,1500,650000,2013
12653,Skoda,Octavia,5,30000,Petrol,Automatic,14.7,1800,1050000,2001
11028,Hyundai,Grand,4,50021,Petrol,Manual,18.9,1200,470000,2013
8718,Maruti,Swift Dzire,10,70000,Petrol,Manual,17.5,1200,300000,2008
8357,Renault,Duster,4,100000,Diesel,Manual,19.87,1500,700000,2012
6800,Volkswagen,Polo,9,80000,Diesel,Manual,22.07,1200,300000,2010
8519,Skoda,Octavia,3,52700,Diesel,Automatic,19.5,2000,2350000,2001
15215,Volkswagen,Vento,6,52000,Petrol,Manual,15.04,1600,510000,2010
13064,Volkswagen,Polo,5,29000,Petrol,Automatic,17.21,1200,795000,2010
2021,Volkswagen,Polo,7,51200,Diesel,Manual,22.07,1200,535000,2010
2676,Maruti,Ciaz,5,67518,Diesel,Manual,28.09,1250,755000,2014
8041,Maruti,Swift,8,84000,Diesel,Manual,22.9,1250,350000,2005
10448,Hyundai,Creta,6,48000,Diesel,Manual,19.67,1600,875000,2015
7317,Maruti,Alto,8,38600,Petrol,Manual,20.92,1000,229000,2000
5324,Mahindra,KUV,5,25000,Petrol,Manual,18.15,1200,400000,2016
2908,Renault,KWID,4,35500,Petrol,Manual,25.17,800,295000,2015
14920,Maruti,Celerio,6,15000,Petrol,Manual,23.1,1000,475000,2014
2957,Volkswagen,Polo,6,46000,Petrol,Manual,16.47,1200,491000,2010
13619,Maruti,Vitara,4,31343,Diesel,Manual,24.3,1250,925000,2016
3385,Mahindra,Bolero,9,100000,Diesel,Manual,15.96,2500,400000,2000
3971,Renault,Duster,5,44213,Diesel,Manual,19.6,1500,745000,2012
210,Mahindra,Thar,3,25000,Diesel,Manual,16.55,2500,870000,2010
9631,Maruti,Swift,7,70000,Diesel,Manual,25.2,1250,365000,2005
5120,Hyundai,i20,6,90000,Diesel,Manual,22.54,1400,625000,2008
1193,Maruti,Swift Dzire,6,36000,Diesel,Manual,23.4,1250,545000,2008
3450,BMW,5,6,67000,Diesel,Automatic,14.69,3000,2650000,2007
14492,BMW,3,10,41000,Diesel,Automatic,16.07,2000,1700000,2007
11935,Maruti,Ciaz,6,42000,Petrol,Manual,20.73,1400,550000,2014
7703,Hyundai,i20,4,54000,Petrol,Manual,18.6,1200,550000,2008
10263,Toyota,Innova,8,70000,Diesel,Manual,12.99,2500,690000,2005
14997,Hyundai,Grand,7,73000,Diesel,Manual,24.0,1100,335000,2013
944,Maruti,Vitara,4,40000,Diesel,Manual,24.3,1250,720000,2016
453,Hyundai,Verna,2,15000,Petrol,Manual,17.0,1600,1030000,2006
11622,Toyota,Fortuner,4,56000,Diesel,Automatic,12.9,2800,2599000,2009
2201,Honda,City,6,51000,Petrol,Manual,17.4,1500,625000,1998
5353,Maruti,Swift Dzire,3,30000,Diesel,Manual,28.4,1250,750000,2008
13111,Tata,Nexon,3,43000,Diesel,Manual,21.5,1500,895000,2017
8142,Maruti,Swift,7,54000,Petrol,Manual,18.6,1200,411000,2005
2241,Hyundai,i20,5,85000,Diesel,Manual,22.54,1400,550000,2008
1182,Hyundai,i10,10,80000,Petrol,Manual,20.36,1200,225000,2007
12072,Maruti,Alto,4,100000,Petrol,Manual,24.7,800,310000,2000
11425,Mahindra,Scorpio,5,44000,Diesel,Manual,15.4,2000,1000000,2002
7811,Maruti,Wagon R,16,40000,Petrol,Manual,18.9,1000,75000,1999
12736,Maruti,Swift,4,37000,Petrol,Manual,20.4,1200,565000,2005
10253,Honda,City,4,32000,Petrol,Manual,17.4,1500,745000,1998
7693,Maruti,Ciaz,3,19000,Diesel,Manual,26.82,1500,750000,2014
8757,Volkswagen,Vento,8,55000,Petrol,Manual,15.04,1600,335000,2010
4480,Maruti,Ertiga,6,72000,Diesel,Manual,24.52,1250,700000,2012
11594,Mahindra,XUV500,3,17750,Diesel,Automatic,16.0,2200,1675000,2011
5788,Hyundai,i20,7,81000,Diesel,Manual,22.54,1400,475000,2008
13426,Skoda,Superb,4,8000,Petrol,Automatic,14.67,1800,2375000,2004
6409,Toyota,Innova,11,92626,Petrol,Manual,12.4,2000,440000,2005
15356,Ford,Ecosport,6,46000,Petrol,Manual,15.85,1500,700000,2013
13611,Mahindra,KUV,4,35000,Petrol,Manual,18.15,1200,350000,2016
7122,Hyundai,i20,7,72536,Petrol,Manual,17.0,1200,480000,2008
9500,Hyundai,Creta,4,110000,Diesel,Manual,19.67,1600,1050000,2015
5003,Maruti,Eeco,2,25000,Petrol,Manual,15.37,1200,370000,2010
4268,Hyundai,Verna,9,91462,Diesel,Automatic,19.08,1600,580000,2006
1411,Maruti,Baleno,3,15000,Petrol,Manual,21.4,1200,585000,2015
6057,BMW,5,10,89000,Diesel,Automatic,16.2,3000,2000000,2007
14200,Maruti,Celerio,7,29000,Petrol,Automatic,23.1,1000,449000,2014
12332,Maruti,Swift Dzire,10,89000,Diesel,Manual,19.3,1250,360000,2008
561,Honda,City,12,75000,Petrol,Manual,16.9,1500,340000,1998
13260,Maruti,Swift,9,92000,Diesel,Manual,22.9,1250,525000,2005
2379,BMW,5,8,25500,Diesel,Automatic,16.73,3000,2395000,2007
550,Maruti,Swift Dzire,9,120000,Diesel,Manual,19.3,1250,350000,2008
8875,Skoda,Octavia,4,31111,Diesel,Automatic,19.5,2000,1399000,2001
1886,Maruti,Ciaz,4,27400,Petrol,Manual,20.73,1400,655000,2014
11134,Maruti,Baleno,2,3000,Petrol,Manual,21.01,1200,640000,2015
2658,Mercedes-Benz,C-Class,4,24323,Diesel,Automatic,14.84,2100,3375000,2001
11401,BMW,3,10,24000,Diesel,Automatic,16.07,2000,875000,2007
5413,Hyundai,Santro,11,35000,"Others (CNG,LPG)",Manual,11.88,1100,265000,1998
8025,Maruti,Alto,8,33682,Petrol,Manual,22.74,800,235000,2000
11907,Honda,Amaze,8,28000,Petrol,Manual,18.0,1200,350000,2013
7660,Maruti,Wagon R,8,48000,Petrol,Manual,20.51,1000,250000,1999
8813,Volkswagen,Polo,5,9700,Diesel,Manual,20.14,1500,450000,2010
2736,Renault,Duster,7,120000,Petrol,Manual,13.24,1600,545000,2012
2002,BMW,5,7,41265,Diesel,Automatic,18.12,2000,2799000,2007
301,Mahindra,Scorpio,3,39000,Diesel,Manual,16.36,2200,1290000,2002
412,Hyundai,Verna,15,148000,Diesel,Manual,16.8,1500,155000,2006
12014,Honda,WR-V,4,15200,Petrol,Manual,17.5,1200,781000,2017
3288,Hyundai,i10,11,35000,Petrol,Manual,20.36,1200,235000,2007
4958,Mahindra,Marazzo,1,20000,Diesel,Manual,17.3,1500,950000,2018
13430,Maruti,Wagon R,11,81133,Petrol,Manual,18.9,1100,245000,1999
161,Mahindra,Bolero,15,120000,Diesel,Manual,13.6,2500,150000,2000
6962,Hyundai,i20,3,39000,Diesel,Manual,22.54,1400,625000,2008
670,Honda,City,5,70333,Petrol,Manual,17.8,1500,700000,1998
5434,Maruti,Swift Dzire,5,50000,Diesel,Manual,26.59,1250,600000,2008
4111,Hyundai,Grand,6,70000,Diesel,Manual,24.0,1100,380000,2013
5643,Ford,Aspire,3,12000,Diesel,Manual,25.83,1500,750000,2015
5966,Maruti,Vitara,3,45000,Diesel,Manual,24.3,1250,950000,2016
15305,Volkswagen,Polo,7,63000,Petrol,Automatic,17.2,1200,675000,2010
14434,Hyundai,Creta,5,60000,Diesel,Manual,19.67,1600,880000,2015
12842,Renault,KWID,4,35000,Petrol,Automatic,24.04,1000,435000,2015
11328,Hyundai,Creta,4,70000,Diesel,Automatic,17.01,1600,1030000,2015
10498,Honda,City,8,90000,Petrol,Manual,16.8,1500,392000,1998
6818,Maruti,Swift Dzire,3,25000,Petrol,Manual,22.0,1200,650000,2008
8163,Mahindra,Scorpio,5,112000,Diesel,Manual,15.4,2200,900000,2002
1980,Hyundai,Grand,3,15914,Petrol,Manual,18.9,1200,510000,2013
6753,Honda,WR-V,4,48000,Diesel,Manual,23.7,1500,785000,2017
11116,Honda,Amaze,8,48080,Diesel,Manual,25.8,1500,305000,2013
2326,Hyundai,Elantra,3,34000,Petrol,Automatic,14.62,2000,1375000,2004
3773,Hyundai,i20,6,112300,Petrol,Manual,18.6,1200,535000,2008
9125,Mahindra,XUV500,2,10000,Diesel,Manual,15.1,2200,1700000,2011
1044,Maruti,Ertiga,5,52000,Diesel,Manual,24.2,1500,675000,2012
9531,Maruti,Ciaz,6,90000,Diesel,Manual,26.21,1250,500000,2014
7561,Maruti,Baleno,4,36000,Petrol,Manual,21.4,1200,575000,2015
4605,Hyundai,i20,8,38000,Petrol,Manual,20.35,1200,485000,2008
2585,Toyota,Fortuner,4,70000,Diesel,Manual,14.24,2800,2550000,2009
6877,Mahindra,Bolero,1,30000,Diesel,Manual,16.5,1500,790000,2000
4119,Maruti,Ciaz,2,10000,Petrol,Manual,21.56,1500,995000,2014
5733,Maruti,Swift Dzire,13,84500,Petrol,Manual,17.5,1200,200000,2008
13729,Maruti,Celerio,7,41248,Petrol,Automatic,23.1,1000,420000,2014
6983,Volkswagen,Polo,6,23569,Petrol,Manual,16.2,1200,425000,2010
4949,Mahindra,XUV500,9,87500,Diesel,Manual,15.1,2200,600000,2011
7739,Renault,KWID,4,70000,Petrol,Manual,25.17,800,270000,2015
14831,Ford,Figo,8,46584,Petrol,Manual,15.6,1200,325000,2010
12710,Datsun,GO,5,120000,Petrol,Manual,20.62,1200,200000,2014
7563,Datsun,RediGO,3,25000,Petrol,Manual,22.7,800,250000,2016
5580,Mahindra,Thar,3,15000,Diesel,Manual,16.55,2500,950000,2010
4925,Honda,Amaze,3,68000,Diesel,Manual,24.7,1500,540000,2013
694,Renault,Duster,6,150000,Diesel,Manual,20.45,1500,550000,2012
9996,Volkswagen,Polo,8,53000,Diesel,Manual,22.07,1200,299000,2010
3148,Toyota,Fortuner,11,240000,Diesel,Manual,11.5,3000,890000,2009
1001,Ford,Figo,9,80000,Diesel,Manual,20.0,1400,173000,2010
14706,Maruti,Swift,7,14800,Petrol,Manual,21.21,1200,495000,2005
14826,Hyundai,Verna,4,32200,Petrol,Automatic,17.1,1600,945000,2006
1116,Maruti,Alto,8,70000,Petrol,Manual,20.92,1000,220000,2000
6289,Hyundai,Verna,7,40000,Petrol,Manual,17.01,1600,625000,2006
344,Maruti,Alto,16,5000,Petrol,Manual,19.7,800,95000,2000
6805,Maruti,Swift,8,70400,Petrol,Manual,22.0,1200,425000,2005
8737,Hyundai,i20,6,87000,Petrol,Manual,18.6,1200,475000,2008
14006,Maruti,Celerio,7,25000,Petrol,Automatic,23.1,1000,298000,2014
5578,Hyundai,Grand,7,100000,Petrol,Manual,18.9,1200,350000,2013
9842,Volkswagen,Polo,6,65869,Petrol,Manual,16.2,1200,465000,2010
3457,Hyundai,i20,8,14258,Petrol,Manual,18.6,1200,445000,2008
9311,Hyundai,i20,4,17805,Petrol,Manual,18.6,1200,660000,2008
8023,Maruti,Swift,3,10000,Petrol,Manual,22.0,1200,640000,2005
7254,Hyundai,i20,5,60000,Petrol,Manual,18.6,1200,515000,2008
5080,Hyundai,Grand,6,23787,Petrol,Manual,18.9,1200,515000,2013
417,Toyota,Innova,5,40000,Diesel,Manual,13.68,2400,1380000,2005
6042,Maruti,Baleno,1,10000,Petrol,Automatic,19.56,1200,825000,2015
1297,Skoda,Superb,5,20000,Petrol,Manual,14.12,1800,1500000,2004
4907,Hyundai,i10,11,56000,Petrol,Manual,20.36,1200,375000,2007
12896,Mahindra,XUV500,6,50000,Diesel,Manual,15.1,2200,800000,2011
11874,Mahindra,XUV500,3,39000,Diesel,Manual,15.1,2200,1775000,2011
5099,Hyundai,i20,4,57000,Petrol,Manual,18.6,1200,690000,2008
422,Maruti,Alto,5,45000,"Others (CNG,LPG)",Manual,30.46,800,350000,2000
1345,BMW,X1,5,50000,Diesel,Automatic,20.68,2000,2250000,2010
7621,Hyundai,i20,6,80000,Petrol,Manual,18.6,1200,520000,2008
14844,Maruti,Vitara,4,45000,Diesel,Manual,24.3,1250,945000,2016
7074,Hyundai,i10,6,15000,"Others (CNG,LPG)",Manual,19.2,1100,420000,2007
7218,Jeep,Compass,4,52000,Diesel,Manual,16.3,2000,1549000,2017
9664,Maruti,Swift,5,65000,Petrol,Manual,18.6,1200,465000,2005
2435,Maruti,Wagon R,5,30000,"Others (CNG,LPG)",Manual,26.2,1000,375000,1999
14670,Maruti,Baleno,2,7801,Petrol,Manual,21.01,1200,800000,2015
9497,Maruti,Baleno,3,15000,Petrol,Automatic,21.4,1200,700000,2015
10340,Toyota,Camry,5,60000,Petrol,Automatic,19.16,2500,1950000,2002
3470,Skoda,Rapid,9,67000,Diesel,Manual,20.5,1600,325000,2011
3983,Maruti,Swift,4,40000,Diesel,Manual,25.2,1250,650000,2005
7915,BMW,3,6,41000,Diesel,Automatic,19.59,2000,1999000,2007
9410,Hyundai,Grand,4,35000,"Others (CNG,LPG)",Manual,18.9,1200,430000,2013
8998,Maruti,Ertiga,6,80000,Diesel,Manual,20.77,1250,625000,2012
8691,Ford,Ecosport,7,72341,Diesel,Manual,22.77,1500,510000,2013
10754,Hyundai,i20,2,4800,Petrol,Manual,18.6,1200,660000,2008
9062,Ford,Figo,7,58187,Diesel,Manual,20.0,1400,265000,2010
4744,Hyundai,Santro,1,1780,Petrol,Manual,20.3,1100,520000,1998
11686,Honda,City,6,55000,Petrol,Manual,16.8,1500,785000,1998
10039,Hyundai,i10,8,70000,Petrol,Manual,20.36,1200,225000,2007
7077,Hyundai,Santro,12,70521,"Others (CNG,LPG)",Manual,13.45,1100,175000,1998
889,Hyundai,i10,11,28400,Petrol,Manual,20.36,1200,300000,2007
5570,Ford,Ecosport,3,25000,Diesel,Manual,23.0,1500,850000,2013
10464,Honda,Jazz,5,66000,Petrol,Manual,18.7,1200,510000,2009
10522,Renault,Duster,4,85000,Diesel,Automatic,19.87,1500,690000,2012
14945,Mercedes-Benz,S-Class,9,63000,Petrol,Automatic,13.0,3000,1999000,1994
3443,Hyundai,Verna,12,70000,Diesel,Manual,16.8,1500,255000,2006
8553,Maruti,Alto,11,48679,Petrol,Manual,19.7,800,130000,2000
15061,Renault,KWID,4,12500,Petrol,Automatic,24.04,1000,445000,2015
14691,Maruti,Ciaz,6,41348,Diesel,Manual,26.21,1250,650000,2014
12071,Hyundai,Grand,6,52627,Diesel,Manual,24.0,1100,370000,2013
9570,Hyundai,Grand,4,37500,Petrol,Manual,25.0,1200,485000,2013
15189,Audi,A6,3,5333,Petrol,Automatic,13.53,2000,4595000,2005
1204,Hyundai,Verna,3,15000,Diesel,Manual,22.0,1600,1240000,2006
3424,Toyota,Innova,10,135000,Diesel,Manual,12.99,2500,650000,2005
12001,Maruti,Ertiga,7,55392,"Others (CNG,LPG)",Manual,22.8,1400,650000,2012
12758,Honda,City,9,64498,Petrol,Automatic,15.6,1500,450000,1998
4808,Maruti,Wagon R,4,50000,Petrol,Manual,20.51,1000,380000,1999
11704,Honda,City,3,16000,Petrol,Manual,17.4,1500,925000,1998
6602,Hyundai,i20,5,25000,Petrol,Manual,18.6,1200,585000,2008
10007,Tata,Hexa,4,110000,Diesel,Manual,17.6,2200,950000,2017
9688,Maruti,Baleno,2,10000,Petrol,Automatic,19.56,1200,781000,2015
1549,Audi,A6,7,64000,Diesel,Automatic,17.68,2000,1700000,2005
13830,Honda,City,5,50000,Diesel,Manual,26.0,1500,825000,1998
5777,Honda,Amaze,7,105000,Diesel,Manual,25.8,1500,420000,2013
553,Hyundai,Grand,2,36000,Petrol,Manual,18.9,1200,495000,2013
5534,Hyundai,i20,2,50000,Diesel,Manual,22.54,1400,820000,2008
2389,Renault,Duster,7,61125,Diesel,Manual,19.64,1500,550000,2012
11354,Maruti,Alto,6,19668,Petrol,Manual,23.95,1000,300000,2000
2897,Maruti,Vitara,5,55275,Diesel,Manual,24.3,1250,825000,2016
11148,Volkswagen,Polo,7,62200,Diesel,Manual,22.07,1200,350000,2010
13908,Toyota,Innova,2,20000,Diesel,Automatic,13.68,2400,1835000,2005
1905,Maruti,Swift,6,110000,Diesel,Manual,25.2,1250,500000,2005
12602,Ford,Figo,10,82000,Diesel,Manual,20.0,1400,290000,2010
661,Ford,Ecosport,6,61000,Petrol,Manual,15.8,1500,525000,2013
11197,Toyota,Innova,2,21000,Diesel,Manual,13.68,2400,1685000,2005
15082,Mahindra,XUV500,6,64000,Diesel,Manual,16.0,2000,945000,2011
10287,Audi,A4,7,60000,Diesel,Automatic,17.11,2000,1275000,2008
14563,Tata,Tiago,2,16000,Petrol,Manual,23.84,1200,539000,2016
11615,Volkswagen,Polo,5,820000,Petrol,Automatic,17.21,1200,695000,2010
7835,Honda,City,4,48030,Diesel,Manual,25.6,1500,1270000,1998
1461,Maruti,Wagon R,5,120000,Petrol,Manual,20.51,1000,290000,1999
3442,Hyundai,Grand,3,9800,Diesel,Manual,24.0,1200,685000,2013
7328,Honda,Civic,10,180000,Petrol,Manual,14.8,1800,350000,2006
7790,Maruti,Ertiga,8,90000,Diesel,Manual,20.77,1250,660000,2012
14948,Hyundai,i20,6,58000,Diesel,Manual,22.54,1400,490000,2008
7552,Maruti,Swift Dzire,4,25000,Petrol,Manual,21.21,1200,650000,2008
7106,Maruti,Swift Dzire,6,120000,Diesel,Manual,26.59,1250,450000,2008
12859,Hyundai,i10,5,35000,Petrol,Manual,19.81,1100,350000,2007
12741,Maruti,Baleno,4,26000,Petrol,Manual,21.4,1200,725000,2015
14641,Ford,Ecosport,6,55524,Diesel,Manual,22.77,1500,745000,2013
13580,Maruti,Ertiga,2,15000,Petrol,Manual,19.34,1500,920000,2012
3151,Maruti,Celerio,6,36000,Petrol,Automatic,23.1,1000,430000,2014
1092,Hyundai,i20,7,110000,Petrol,Manual,18.5,1200,450000,2008
1364,Mahindra,XUV500,6,110000,Diesel,Manual,16.0,2000,950000,2011
11476,Volkswagen,Polo,5,38060,Petrol,Automatic,17.21,1200,675000,2010
5029,Toyota,Innova,8,150000,Diesel,Manual,12.8,2500,1190000,2005
2471,Honda,City,3,15000,Diesel,Manual,25.6,1500,975000,1998
5466,Honda,City,6,120000,Petrol,Automatic,18.0,1500,660000,1998
2899,Mahindra,Bolero,1,40000,Diesel,Manual,16.5,1500,750000,2000
12518,Maruti,Ertiga,9,100000,Diesel,Manual,20.77,1250,525000,2012
9466,Toyota,Innova,4,65000,Diesel,Automatic,11.36,2800,1550000,2005
12296,Mahindra,Scorpio,4,91000,Diesel,Manual,15.4,2000,915000,2002
12616,Maruti,Celerio,4,20000,"Others (CNG,LPG)",Manual,31.79,1000,475000,2014
12262,Hyundai,Verna,2,20000,Petrol,Manual,17.0,1600,995000,2006
57,Hyundai,Verna,8,47876,Diesel,Manual,25.0,1500,551000,2006
3441,Maruti,Ciaz,5,58400,Diesel,Manual,28.09,1250,728000,2014
2331,Hyundai,Grand,6,25000,Petrol,Manual,18.9,1200,475000,2013
1984,Honda,City,5,57116,Petrol,Manual,17.4,1500,665000,1998
3923,Maruti,Alto,3,37000,Petrol,Manual,24.7,800,349000,2000
11309,Honda,City,14,80000,Petrol,Manual,17.7,1500,115000,1998
8046,Hyundai,i20,4,70000,Diesel,Manual,22.54,1400,600000,2008
7491,Tata,Harrier,2,20000,Diesel,Manual,17.0,2000,1700000,2019
12846,Skoda,Octavia,3,55000,Diesel,Automatic,19.5,2000,2000000,2001
7781,Toyota,Innova,7,210000,Diesel,Manual,12.99,2500,600000,2005
8043,Hyundai,Verna,9,60000,Diesel,Manual,22.32,1600,445000,2006
13767,Maruti,Celerio,5,30000,Petrol,Automatic,23.1,1000,450000,2014
3894,Mahindra,Thar,2,16000,Diesel,Manual,16.55,2500,970000,2010
11988,Toyota,Fortuner,3,96644,Diesel,Automatic,15.04,2800,3175000,2009
3051,Hyundai,Verna,8,59000,Diesel,Manual,23.5,1400,490000,2006
158,Maruti,Celerio,1,8700,Petrol,Manual,21.63,1000,505000,2014
7720,Maruti,Eeco,2,25000,Petrol,Manual,15.37,1200,385000,2010
5187,Hyundai,i10,9,65253,Petrol,Manual,20.36,1200,380000,2007
9585,Mahindra,Scorpio,5,30000,Diesel,Manual,15.4,2200,1000000,2002
5349,Renault,Duster,7,53190,Diesel,Manual,19.01,1500,560000,2012
14496,Mahindra,XUV500,8,58000,Diesel,Manual,15.1,2200,550000,2011
4151,Maruti,Alto,14,86156,Petrol,Manual,19.7,800,185000,2000
14248,Hyundai,i20,12,85000,Petrol,Manual,17.0,1200,275000,2008
3464,Toyota,Innova,5,76000,Diesel,Manual,12.99,2500,1250000,2005
11887,Maruti,Swift Dzire,7,81000,Diesel,Manual,28.4,1250,439000,2008
5510,Maruti,Alto,2,20387,Petrol,Manual,22.05,800,335000,2000
370,Maruti,Vitara,1,1000,Petrol,Manual,17.03,1500,800000,2016
11785,Ford,Ecosport,7,58000,Diesel,Manual,22.7,1500,600000,2013
13455,Hyundai,i10,11,45000,Petrol,Manual,19.81,1100,155000,2007
4649,Maruti,Swift Dzire,6,62000,Petrol,Manual,20.85,1200,595000,2008
12436,Maruti,Ciaz,2,34500,Petrol,Manual,21.56,1500,921000,2014
698,Audi,A4,7,56000,Diesel,Automatic,16.55,2000,1550000,2008
7227,Hyundai,Grand,3,48000,Diesel,Manual,24.0,1200,625000,2013
13787,Ford,Ecosport,6,36203,Diesel,Manual,22.77,1500,725000,2013
3874,Renault,Duster,6,70000,Diesel,Manual,19.64,1500,775000,2012
4893,Honda,Jazz,6,40569,Petrol,Manual,18.7,1200,495000,2009
5920,Maruti,Swift,10,70000,Diesel,Manual,22.9,1250,400000,2005
12388,Renault,KWID,3,21000,Petrol,Automatic,24.04,1000,450000,2015
10166,Maruti,Ciaz,6,37000,Petrol,Manual,20.73,1400,575000,2014
10633,Ford,Ecosport,6,70727,Petrol,Automatic,16.5,1500,605000,2013
299,Maruti,Wagon R,15,70000,Petrol,Manual,18.9,1000,200000,1999
8457,Hyundai,Verna,9,85000,Diesel,Manual,22.32,1600,450000,2006
10207,Hyundai,Santro,3,13447,Petrol,Automatic,20.3,1100,490000,1998
5179,Mercedes-Benz,C-Class,4,24500,Diesel,Automatic,14.84,2100,2950000,2001
9333,Maruti,Swift Dzire,5,39100,Petrol,Manual,20.85,1200,470000,2008
8502,Hyundai,i20,8,57692,Diesel,Manual,21.27,1400,450000,2008
4498,Maruti,Swift,5,67000,Petrol,Manual,16.1,1200,470000,2005
8528,Honda,Jazz,6,64300,Petrol,Manual,18.7,1200,560000,2009
7097,Maruti,Swift Dzire,2,27000,Petrol,Manual,22.0,1200,550000,2008
9936,Toyota,Innova,5,18000,Petrol,Manual,11.25,2700,1475000,2005
7384,Ford,Figo,5,35000,Petrol,Manual,18.16,1200,500000,2010
12510,Maruti,Baleno,4,70000,Petrol,Manual,21.4,1200,620000,2015
7070,Hyundai,i10,9,56468,Petrol,Manual,20.36,1200,268000,2007
14859,Toyota,Innova,2,38000,Diesel,Manual,13.68,2400,1700000,2005
7126,Toyota,Innova,3,70000,Diesel,Manual,13.68,2400,1850000,2005
8592,Mercedes-Benz,C-Class,6,24000,Diesel,Automatic,15.8,2100,4200000,2001
14910,Hyundai,Creta,4,90000,Petrol,Manual,15.29,1600,1180000,2015
3047,Toyota,Innova,3,27000,Diesel,Automatic,11.36,2800,1850000,2005
5128,Mahindra,XUV500,4,62000,Diesel,Manual,16.0,2000,1375000,2011
14765,Hyundai,i20,6,56490,Diesel,Manual,22.54,1400,525000,2008
11357,Mercedes-Benz,GL-Class,5,50000,Diesel,Automatic,11.3,3000,4255000,2010
8637,BMW,5,11,93800,Diesel,Automatic,16.73,3000,1450000,2007
13116,Toyota,Innova,7,78000,Diesel,Manual,12.99,2500,965000,2005
3823,Maruti,Alto,4,3600,Petrol,Manual,24.7,800,318000,2000
7545,Mahindra,Thar,3,20000,Diesel,Manual,16.55,2500,900000,2010
13520,Honda,City,7,30000,Petrol,Automatic,18.0,1500,825000,1998
4543,Hyundai,Verna,4,50000,Diesel,Automatic,22.32,1600,880000,2006
11227,Honda,City,7,54000,Diesel,Manual,26.0,1500,495000,1998
12379,Hyundai,Verna,6,70000,Petrol,Manual,17.01,1600,525000,2006
3813,Maruti,Eeco,2,25000,Petrol,Manual,15.37,1200,411000,2010
14432,Honda,City,4,27000,Petrol,Manual,17.8,1500,875000,1998
10673,Mahindra,Scorpio,9,74841,Diesel,Manual,15.4,2500,440000,2002
13508,BMW,5,5,24000,Diesel,Automatic,18.12,2000,3800000,2007
5376,Toyota,Innova,4,80000,Diesel,Manual,13.68,2400,1780000,2005
7430,Tata,Tiago,5,29200,Diesel,Manual,27.28,1050,320000,2016
4721,Hyundai,i10,12,56700,Petrol,Manual,20.36,1200,245000,2007
483,Tata,Nexon,2,6000,Petrol,Manual,17.0,1200,750000,2017
4787,Toyota,Fortuner,3,60000,Diesel,Manual,14.24,2800,2700000,2009
7557,Maruti,Celerio,4,33000,Petrol,Automatic,21.63,1000,480000,2014
495,Hyundai,i20,8,70000,Petrol,Manual,18.5,1200,400000,2008
3761,Hyundai,Grand,4,17500,Petrol,Manual,18.9,1200,500000,2013
12374,Maruti,Swift Dzire,13,50000,Diesel,Manual,19.3,1250,300000,2008
520,Maruti,Swift,1,10000,Petrol,Manual,21.21,1200,615000,2005
5398,Maruti,Alto,9,75000,Petrol,Manual,19.7,800,245000,2000
8879,Maruti,Swift Dzire,8,70000,Diesel,Manual,23.4,1250,340000,2008
9680,Hyundai,Creta,3,60000,Diesel,Manual,22.1,1400,875000,2015
4293,Mahindra,Bolero,6,61440,Diesel,Manual,15.96,2500,650000,2000
10488,Toyota,Fortuner,9,82000,Diesel,Manual,13.0,3000,1100000,2009
12325,Renault,Duster,1,150000,Diesel,Automatic,19.87,1500,600000,2012
15140,Volkswagen,Vento,4,80000,Diesel,Manual,20.64,1500,900000,2010
11457,Honda,Amaze,3,27000,Petrol,Manual,17.8,1200,675000,2013
5446,Honda,City,4,35000,Diesel,Manual,26.0,1500,900000,1998
5032,Mahindra,XUV500,5,80000,Diesel,Automatic,16.0,2200,1050000,2011
3244,Mercedes-Benz,C-Class,9,76500,Diesel,Automatic,14.84,2100,1490000,2001
10829,Hyundai,Santro,8,55000,Petrol,Manual,17.92,1100,225000,1998
9079,Maruti,Alto,2,10000,Petrol,Manual,23.95,1000,360000,2000
3514,Maruti,Wagon R,9,51000,Petrol,Manual,18.9,1000,200000,1999
6722,Hyundai,i20,7,15700,Petrol,Manual,18.6,1200,550000,2008
12030,Maruti,Wagon R,13,44000,Petrol,Manual,18.9,1100,165000,1999
5685,Honda,Civic,12,86000,Petrol,Manual,13.5,1800,225000,2006
5978,Hyundai,Verna,9,97000,Diesel,Automatic,22.32,1600,480000,2006
6022,Maruti,Alto,7,60000,Petrol,Manual,23.95,1000,295000,2000
183,Honda,City,7,63000,Diesel,Manual,26.0,1500,475000,1998
7887,Renault,Duster,6,42000,Diesel,Manual,19.01,1500,550000,2012
14393,Skoda,Octavia,3,29000,Diesel,Automatic,19.5,2000,2175000,2001
3587,Mahindra,KUV,5,30000,Diesel,Manual,25.32,1200,475000,2016
9969,Honda,City,6,75000,Diesel,Manual,26.0,1500,550000,1998
11817,BMW,5,3,65000,Diesel,Automatic,22.48,2000,3950000,2007
14026,Mahindra,Scorpio,8,71000,Diesel,Manual,14.0,2500,519000,2002
11475,Hyundai,Grand,4,48000,Diesel,Manual,24.0,1100,395000,2013
9961,Maruti,Wagon R,5,61193,Petrol,Manual,18.9,1000,365000,1999
7167,Hyundai,Verna,3,33000,Diesel,Manual,22.0,1600,1090000,2006
13909,Maruti,Wagon R,9,65000,Petrol,Manual,18.9,1000,276000,1999
4182,Maruti,Celerio,7,39000,Petrol,Automatic,23.1,1000,465000,2014
6874,Hyundai,i20,9,100000,Diesel,Manual,23.0,1400,450000,2008
2907,Maruti,Alto,5,49000,Petrol,Manual,22.74,800,300000,2000
1554,Mahindra,Scorpio,10,88000,Diesel,Manual,13.5,2200,499000,2002
9818,Mercedes-Benz,E-Class,7,42005,Diesel,Automatic,13.0,2100,1575000,1996
7468,Maruti,Alto,5,20000,Petrol,Manual,22.74,800,235000,2000
4470,Tata,Safari,8,80000,Diesel,Manual,14.0,2200,750000,1998
9235,Hyundai,Creta,5,33000,Petrol,Manual,15.8,1600,900000,2015
8694,Honda,WR-V,4,30000,Diesel,Manual,25.5,1500,750000,2017
15242,Honda,City,14,77000,Petrol,Manual,16.9,1500,300000,1998
11697,Datsun,GO,3,10177,Petrol,Manual,20.62,1200,349000,2014
5256,BMW,3,4,36000,Diesel,Automatic,21.76,2000,3100000,2007
4776,BMW,5,9,85000,Diesel,Automatic,18.48,2000,1525000,2007
6130,Maruti,Alto,9,79433,Petrol,Manual,23.95,1000,273000,2000
13458,Maruti,Swift Dzire,3,30000,Petrol,Manual,22.0,1200,740000,2008
3176,Maruti,Swift Dzire,13,78000,Petrol,Manual,17.5,1300,250000,2008
4832,Hyundai,Verna,3,30000,Petrol,Manual,17.0,1600,850000,2006
8669,Maruti,Alto,6,38568,Petrol,Manual,22.74,800,225000,2000
6034,Maruti,Wagon R,4,35000,Petrol,Manual,21.79,1000,450000,1999
6623,Hyundai,Grand,7,50000,Petrol,Manual,18.9,1200,350000,2013
3300,Audi,A4,9,75000,Diesel,Automatic,14.94,3000,1250000,2008
11267,Ford,Figo,6,61000,Petrol,Manual,18.16,1200,350000,2010
3034,Hyundai,i20,6,12000,Petrol,Manual,18.6,1200,625000,2008
14638,Ford,Figo,10,35000,Petrol,Manual,15.6,1200,175000,2010
824,Maruti,Vitara,4,39000,Diesel,Manual,24.3,1250,750000,2016
2158,Skoda,Rapid,5,66000,Diesel,Automatic,21.66,1500,750000,2011
3048,Skoda,Octavia,7,59864,Diesel,Manual,18.7,1900,1100000,2001
7932,Maruti,Eeco,8,40000,Petrol,Manual,15.37,1200,162000,2010
3830,BMW,X5,9,95000,Diesel,Automatic,11.0,3000,2150000,2007
13039,Renault,Duster,5,140000,Diesel,Manual,19.87,1500,680000,2012
295,Mahindra,Scorpio,11,67900,Diesel,Manual,12.05,2200,300000,2002
3528,Ford,Ecosport,8,69141,Diesel,Manual,22.7,1500,525000,2013
9241,Maruti,Swift,7,29052,Petrol,Manual,22.0,1200,385000,2005
14408,Hyundai,i20,6,94532,Diesel,Manual,22.54,1400,685000,2008
1912,Maruti,Swift Dzire,3,35000,Diesel,Manual,28.4,1250,800000,2008
2295,Hyundai,Grand,4,29000,Petrol,Manual,18.9,1200,521000,2013
7773,Hyundai,i10,6,70000,Petrol,Manual,19.81,1100,260000,2007
7511,Volkswagen,Polo,8,123000,Petrol,Manual,16.47,1200,230000,2010
3805,Toyota,Innova,11,105000,Petrol,Manual,12.4,2000,675000,2005
12073,Tata,Nexon,2,24000,Diesel,Manual,21.5,1500,900000,2017
9187,Hyundai,Grand,7,56000,Diesel,Manual,24.0,1100,325000,2013
3276,Honda,City,5,32302,Petrol,Automatic,18.0,1500,875000,1998
9123,Maruti,Alto,14,120000,Petrol,Manual,19.7,800,90000,2000
10661,Maruti,Ciaz,4,25000,Petrol,Automatic,20.28,1500,740000,2014
3423,Hyundai,i10,11,72000,Petrol,Manual,20.36,1200,211000,2007
14499,Hyundai,i20,6,27000,Petrol,Manual,17.19,1200,502000,2008
9670,Ford,Ecosport,5,37000,Petrol,Manual,15.85,1500,675000,2013
3102,Maruti,Swift Dzire,10,80000,Diesel,Manual,19.3,1250,360000,2008
13472,Ford,Aspire,5,130000,Diesel,Manual,25.83,1500,507000,2015
1396,Hyundai,Santro,3,5000,Petrol,Manual,20.3,1100,500000,1998
12324,Audi,A6,9,70000,Diesel,Automatic,17.68,2000,1600000,2005
5947,Ford,Ecosport,4,43000,Petrol,Automatic,14.7,1500,730000,2013
523,Maruti,Swift Dzire,2,14000,Diesel,Manual,19.3,1250,725000,2008
5456,Tata,Tiago,4,57000,Petrol,Manual,23.84,1200,421000,2016
8330,Ford,Figo,8,80000,Diesel,Manual,20.0,1400,200000,2010
1503,Ford,Figo,8,62256,Diesel,Manual,20.0,1400,300000,2010
101,Maruti,Swift,7,28000,Petrol,Manual,16.1,1200,435000,2005
13135,Hyundai,Verna,3,26000,Petrol,Automatic,17.0,1600,1040000,2006
13474,Renault,KWID,2,23000,Petrol,Manual,25.17,800,425000,2015
4833,Hyundai,i20,7,75000,Diesel,Manual,23.0,1400,600000,2008
8344,Maruti,Ertiga,2,7000,Petrol,Manual,19.34,1500,850000,2012
3791,Jaguar,XF,10,45000,Diesel,Automatic,14.74,3000,2800000,2009
12646,Ford,Figo,9,48000,Petrol,Manual,15.6,1200,295000,2010
9971,Maruti,Swift Dzire,9,78000,Diesel,Manual,19.3,1250,325000,2008
13363,Hyundai,i20,2,15000,Diesel,Manual,22.54,1400,975000,2008
7337,Hyundai,i20,4,35000,Petrol,Manual,18.5,1200,545000,2008
6957,Honda,Jazz,11,42000,Petrol,Manual,16.0,1200,280000,2009
15049,Maruti,Vitara,2,16000,Diesel,Manual,24.3,1250,825000,2016
5601,Hyundai,Creta,6,76000,Diesel,Manual,19.67,1600,1025000,2015
15285,Hyundai,Grand,5,19000,Petrol,Manual,18.9,1200,465000,2013
1700,Mahindra,XUV500,7,43943,Diesel,Manual,15.1,2200,775000,2011
9481,Mercedes-Benz,S-Class,12,51000,Petrol,Automatic,10.13,3500,1350000,1994
13271,Maruti,Ertiga,6,78368,Diesel,Manual,20.77,1250,785000,2012
8065,Mercedes-Benz,C-Class,10,10948,Diesel,Automatic,14.84,2100,1350000,2001
9776,Honda,Civic,11,45000,Petrol,Manual,14.8,1800,310000,2006
14068,Maruti,Alto,6,22000,Petrol,Manual,22.74,800,285000,2000
2647,Hyundai,Grand,7,49000,Petrol,Manual,18.9,1200,459000,2013
8960,Mahindra,Bolero,9,68000,Diesel,Manual,13.6,2500,445000,2000
14870,Hyundai,Verna,10,54000,Petrol,Manual,17.1,1600,451000,2006
6516,BMW,X1,7,65180,Diesel,Automatic,15.06,2000,1345000,2010
5301,Maruti,Wagon R,5,33949,Petrol,Manual,18.9,1000,385000,1999
6897,Mahindra,Scorpio,3,38500,Diesel,Manual,16.36,2200,1520000,2002
338,Datsun,GO,4,15000,Petrol,Manual,19.44,1200,469000,2014
4415,Hyundai,Creta,4,53000,Diesel,Manual,21.38,1400,1100000,2015
5758,Hyundai,Grand,6,55000,Petrol,Manual,18.9,1200,445000,2013
6013,Hyundai,Grand,3,43000,Diesel,Manual,24.0,1200,370000,2013
13737,Mahindra,Bolero,12,139000,Diesel,Manual,13.6,2500,385000,2000
9202,Maruti,Ciaz,6,62000,Diesel,Manual,28.09,1250,537000,2014
6379,BMW,X1,3,12000,Diesel,Automatic,20.68,2000,3300000,2010
3544,Maruti,Celerio,5,14286,Petrol,Manual,23.1,1000,395000,2014
7898,Volkswagen,Vento,7,71000,Diesel,Manual,20.34,1500,480000,2010
465,Hyundai,Verna,8,80000,Diesel,Manual,22.32,1600,540000,2006
6695,Hyundai,i20,5,50000,Petrol,Manual,18.6,1200,550000,2008
4040,Mahindra,Bolero,9,75000,Diesel,Manual,15.96,2500,435000,2000
1553,Maruti,Baleno,4,6700,Petrol,Manual,21.4,1200,650000,2015
491,Hyundai,Grand,7,80000,Diesel,Manual,24.0,1100,300000,2013
6078,Hyundai,Grand,6,79225,Diesel,Manual,24.0,1100,469000,2013
12421,Mercedes-Benz,GL-Class,4,11500,Petrol,Automatic,11.5,3000,7595000,2010
9085,Maruti,Celerio,5,35000,Petrol,Manual,23.1,1000,385000,2014
3498,Toyota,Innova,7,86606,Diesel,Manual,12.99,2500,995000,2005
7064,Hyundai,i10,12,57000,Petrol,Manual,19.81,1100,180000,2007
6103,Hyundai,Verna,4,39000,Petrol,Automatic,17.01,1600,790000,2006
2420,Hyundai,i20,10,71000,Diesel,Manual,22.54,1400,329000,2008
7710,Hyundai,Verna,3,19211,Petrol,Manual,19.1,1400,795000,2006
6343,Maruti,Swift,3,13000,Petrol,Manual,22.0,1200,585000,2005
766,Maruti,Alto,5,25000,Petrol,Manual,23.95,1000,350000,2000
6664,Datsun,RediGO,2,4646,Petrol,Manual,22.7,800,350000,2016
4714,Maruti,Vitara,4,64500,Diesel,Manual,24.3,1250,850000,2016
5281,Mercedes-Benz,GL-Class,5,30000,Petrol,Automatic,11.5,2000,3800000,2010
3471,Maruti,Ciaz,6,53698,Diesel,Manual,28.09,1250,675000,2014
10094,Maruti,Wagon R,9,72300,Petrol,Manual,21.79,1000,249000,1999
15158,Ford,Ecosport,1,90000,Diesel,Manual,21.7,1500,525000,2013
2637,BMW,X1,8,56000,Diesel,Automatic,17.05,2000,1280000,2010
13392,Ford,Ecosport,7,56017,Diesel,Manual,22.7,1500,685000,2013
9181,Maruti,Swift,2,6500,Petrol,Manual,21.21,1200,480000,2005
3513,Honda,City,6,40864,Petrol,Manual,17.4,1500,579000,1998
4745,Maruti,Swift,9,123000,Diesel,Manual,22.9,1250,475000,2005
425,BMW,X1,7,24000,Diesel,Automatic,17.05,2000,1675000,2010
591,Maruti,Swift,8,32000,Petrol,Manual,18.6,1200,475000,2005
7363,Tata,Nexon,4,20000,Petrol,Manual,17.0,1200,550000,2017
2621,Hyundai,i20,3,20000,Petrol,Automatic,17.4,1200,795000,2008
372,Mahindra,XUV500,6,170000,Diesel,Manual,16.0,2200,825000,2011
6011,Renault,Duster,6,80000,Diesel,Manual,20.45,1500,630000,2012
3405,Mahindra,XUV500,9,90000,Diesel,Manual,15.1,2200,611000,2011
5505,Hyundai,i20,5,48000,Diesel,Manual,21.9,1400,625000,2008
14052,Ford,Figo,8,45500,Diesel,Manual,20.0,1400,375000,2010
2015,Maruti,Baleno,3,9600,Petrol,Automatic,19.56,1200,825000,2015
394,Honda,Amaze,8,208000,Diesel,Manual,25.8,1500,300000,2013
12462,Hyundai,i20,10,78000,Diesel,Manual,21.9,1400,450000,2008
2500,Hyundai,i10,10,82000,Petrol,Manual,20.36,1200,320000,2007
1253,Tata,Nexon,3,40000,Diesel,Automatic,21.5,1500,1000000,2017
12801,BMW,5,3,23000,Diesel,Automatic,18.59,3000,5150000,2007
3779,Hyundai,Venue,1,4000,Petrol,Automatic,18.15,1000,1185000,2019
5168,Hyundai,Creta,5,45000,Diesel,Automatic,17.01,1600,1170000,2015
11620,Honda,WR-V,2,30000,Petrol,Manual,17.5,1200,865000,2017
15059,Maruti,Baleno,2,14000,Petrol,Automatic,19.56,1200,875000,2015
9262,Mahindra,XUV500,6,63000,Diesel,Manual,15.1,2200,810000,2011
3458,Renault,KWID,4,17000,Petrol,Automatic,24.04,1000,385000,2015
11649,Honda,City,3,29000,Petrol,Manual,17.4,1500,850000,1998
8134,Honda,City,6,53000,Diesel,Manual,26.0,1500,535000,1998
7578,Maruti,Eeco,1,5512,Petrol,Manual,15.37,1200,465000,2010
13413,Hyundai,i20,7,70000,Diesel,Manual,22.54,1400,695000,2008
2918,Hyundai,i20,7,31847,Petrol,Manual,18.5,1200,485000,2008
14231,Maruti,Swift,6,127000,Diesel,Manual,28.4,1250,585000,2005
11423,Honda,City,2,10000,Petrol,Automatic,17.4,1500,1350000,1998
2043,Hyundai,Verna,10,54000,Diesel,Manual,22.32,1600,435000,2006
643,Tata,Tiago,5,17500,Diesel,Manual,27.28,1050,400000,2016
441,Maruti,Swift,9,60000,Diesel,Manual,22.9,1250,400000,2005
8659,Hyundai,Grand,8,79115,Diesel,Manual,24.0,1100,320000,2013
9169,Hyundai,i20,6,42101,Petrol,Manual,18.6,1200,480000,2008
11677,Datsun,GO,3,35000,Petrol,Manual,19.44,1200,410000,2014
2797,Honda,City,4,70000,Petrol,Automatic,18.0,1500,870000,1998
7732,Hyundai,i20,6,20000,Petrol,Manual,18.6,1200,450000,2008
6168,Ford,Ecosport,8,110000,Diesel,Manual,22.7,1500,549000,2013
15175,Maruti,Baleno,5,50000,Petrol,Automatic,21.4,1200,650000,2015
3585,Audi,A4,9,68370,Diesel,Automatic,17.11,2000,1345000,2008
4102,Maruti,Baleno,3,28563,Petrol,Manual,21.4,1200,550000,2015
10676,Honda,Amaze,4,30073,Petrol,Manual,18.0,1200,475000,2013
3144,Hyundai,Grand,5,5301,Petrol,Automatic,18.9,1200,585000,2013
12422,Hyundai,Creta,6,148000,Diesel,Manual,19.67,1600,950000,2015
2992,Honda,City,6,48623,Petrol,Manual,17.8,1500,670000,1998
734,BMW,X1,4,30000,Diesel,Automatic,20.68,2000,2700000,2010
7197,Hyundai,Creta,5,50000,Diesel,Manual,19.67,1600,750000,2015
3057,Honda,Amaze,6,21000,Petrol,Manual,18.0,1200,435000,2013
1693,Hyundai,i20,10,25590,Petrol,Manual,17.0,1200,319000,2008
1849,Mercedes-Benz,E-Class,7,70001,Diesel,Automatic,13.0,2100,2025000,1996
2377,Renault,KWID,5,25000,Petrol,Manual,25.17,800,270000,2015
6716,Mercedes-Benz,E-Class,11,82000,Diesel,Automatic,11.5,3000,1850000,1996
13182,Maruti,Celerio,6,50000,Petrol,Manual,23.1,1000,350000,2014
9180,Maruti,Baleno,4,33000,Petrol,Automatic,19.56,1200,690000,2015
4521,Renault,KWID,2,26500,Petrol,Manual,23.01,1000,353000,2015
1473,Tata,Tigor,4,25000,Petrol,Manual,20.3,1200,500000,2017
15156,Hyundai,Santro,10,64000,Petrol,Manual,17.92,1100,275000,1998
6596,Mahindra,KUV,4,40000,Petrol,Manual,18.15,1200,350000,2016
4553,Ford,Freestyle,2,8600,Petrol,Manual,19.0,1200,780000,2018
12590,Skoda,Octavia,6,39900,Petrol,Automatic,14.7,1800,935000,2001
5010,Maruti,Alto,5,25000,Petrol,Automatic,23.95,1000,415000,2000
1265,Maruti,Swift Dzire,3,5000,Petrol,Automatic,21.21,1200,700000,2008
5213,Mahindra,Scorpio,4,55000,Diesel,Manual,16.36,2200,1450000,2002
10356,Honda,City,5,85000,Diesel,Manual,26.0,1500,900000,1998
13832,Hyundai,i20,5,50000,Petrol,Manual,18.6,1200,530000,2008
1247,Maruti,Alto,7,75001,Petrol,Manual,19.7,800,175000,2000
594,Toyota,Innova,8,52000,Diesel,Manual,12.99,2500,625000,2005
7639,Hyundai,Grand,6,29000,Petrol,Manual,18.9,1200,385000,2013
5295,Maruti,Ciaz,6,120000,Diesel,Manual,26.21,1250,530000,2014
4868,Maruti,Alto,10,50000,Petrol,Manual,20.92,1000,230000,2000
1485,Hyundai,i20,3,50000,Petrol,Manual,18.6,1200,625000,2008
883,Maruti,Ciaz,6,49000,Diesel,Manual,28.09,1250,565000,2014
173,Maruti,Baleno,4,100000,Petrol,Manual,21.4,1200,600000,2015
901,Hyundai,Santro,2,5000,Petrol,Manual,20.3,1100,410000,1998
1181,Maruti,Alto,17,80000,Petrol,Manual,19.7,800,77000,2000
4560,Maruti,Wagon R,7,18000,Petrol,Manual,18.9,1000,450000,1999
10903,Honda,City,4,72000,Diesel,Manual,25.1,1500,850000,1998
4029,Hyundai,Venue,2,15000,Petrol,Manual,18.27,1000,958000,2019
14161,Hyundai,i20,1,20000,Petrol,Automatic,19.65,1200,700000,2008
6294,Honda,City,6,34235,Petrol,Manual,17.8,1500,600000,1998
11751,Maruti,Eeco,11,106000,"Others (CNG,LPG)",Manual,20.88,1200,230000,2010
4364,BMW,3,9,158000,Diesel,Automatic,16.07,2000,1250000,2007
6905,Tata,Tiago,5,70000,Petrol,Manual,23.84,1200,285000,2016
8982,Mahindra,Scorpio,5,36908,Diesel,Manual,15.4,2000,600000,2002
14482,Toyota,Innova,8,80000,Diesel,Manual,12.99,2500,1300000,2005
12587,Hyundai,Grand,3,10000,Petrol,Manual,18.9,1200,475000,2013
1742,Maruti,Ertiga,9,73000,Diesel,Manual,20.77,1250,589000,2012
6963,Hyundai,Santro,14,40000,Petrol,Manual,17.92,1100,95000,1998
10416,Honda,City,4,22001,Petrol,Manual,17.4,1500,775000,1998
11037,Honda,City,7,42000,Diesel,Manual,25.1,1500,625000,1998
4928,Maruti,Swift Dzire,4,60852,Diesel,Manual,19.3,1250,725000,2008
12439,Audi,A6,7,56000,Diesel,Automatic,17.68,2000,1650000,2005
1643,Skoda,Rapid,7,74571,Diesel,Manual,20.5,1600,475000,2011
8951,Maruti,Swift Dzire,5,40000,Petrol,Manual,20.85,1200,500000,2008
13914,Renault,KWID,5,15000,Petrol,Manual,25.17,800,299000,2015
21,Maruti,Alto,8,25000,Petrol,Manual,20.92,1000,230000,2000
9264,Maruti,Baleno,5,31600,Petrol,Manual,21.4,1200,532000,2015
6438,Maruti,Alto,2,6944,Petrol,Manual,23.95,1000,465000,2000
14727,Maruti,Vitara,4,61000,Diesel,Manual,24.3,1250,945000,2016
14975,Honda,Amaze,5,56964,Diesel,Manual,25.8,1500,525000,2013
14381,Jeep,Compass,4,44000,Diesel,Manual,16.3,2000,1599000,2017
5394,Maruti,Baleno,5,70000,Petrol,Manual,21.4,1200,450000,2015
11006,Ford,Endeavour,9,58000,Diesel,Automatic,11.4,3000,750000,2003
12146,Maruti,Vitara,3,22000,Diesel,Manual,24.3,1250,890000,2016
4976,Maruti,Swift,6,87020,Petrol,Manual,21.21,1200,550000,2005
10313,Hyundai,i20,2,5000,Petrol,Manual,18.6,1200,624000,2008
5364,Ford,Figo,8,65000,Diesel,Manual,20.0,1400,325000,2010
3489,Honda,City,5,27266,Petrol,Manual,17.4,1500,685000,1998
3109,Ford,Ecosport,7,63000,Petrol,Manual,18.88,1000,535000,2013
13200,Ford,Ecosport,6,100000,Diesel,Manual,22.77,1500,700000,2013
15076,Maruti,Celerio,3,47000,Petrol,Automatic,21.63,1000,525000,2014
15025,Mercedes-Benz,C-Class,7,35000,Diesel,Automatic,11.78,2100,1795000,2001
8471,Toyota,Innova,6,82000,Diesel,Manual,12.99,2500,946000,2005
12273,Jaguar,XF,6,50000,Diesel,Automatic,16.36,2200,3000000,2009
9027,Ford,Ecosport,7,82100,Diesel,Manual,23.0,1500,590000,2013
11333,Toyota,Fortuner,2,20212,Diesel,Manual,14.24,2800,3000000,2009
1327,Maruti,Swift,6,38000,Diesel,Manual,25.2,1250,530000,2005
7034,Hyundai,Santro,13,25000,Petrol,Manual,17.92,1100,119000,1998
9722,Mercedes-Benz,S-Class,3,4000,Petrol,Automatic,7.81,4700,13000000,1994
4058,Volkswagen,Polo,7,79000,Diesel,Manual,22.07,1200,440000,2010
6205,Volkswagen,Polo,11,70000,Diesel,Manual,19.7,1600,235000,2010
10171,Hyundai,Grand,4,15000,Petrol,Automatic,18.9,1200,495000,2013
15355,Ford,Figo,10,90000,Diesel,Manual,20.0,1400,200000,2010
11128,Mahindra,Thar,7,43000,Diesel,Manual,16.55,2500,470000,2010
9199,Toyota,Innova,8,81000,Diesel,Manual,12.99,2500,645000,2005
10245,Honda,City,4,43000,Petrol,Manual,17.8,1500,725000,1998
4155,Maruti,Swift,7,100000,Diesel,Manual,25.2,1250,400000,2005
10790,Hyundai,Elantra,7,62000,Diesel,Automatic,14.62,1500,690000,2004
9101,Maruti,Swift,3,26000,Petrol,Manual,22.0,1200,550000,2005
4002,Maruti,Swift Dzire,6,68000,Diesel,Manual,23.4,1250,495000,2008
445,Mercedes-Benz,C-Class,10,160000,Diesel,Automatic,14.84,2100,700000,2001
4979,Maruti,Alto,9,32103,Petrol,Manual,20.92,1000,245000,2000
877,Hyundai,Grand,3,15000,Petrol,Manual,18.9,1200,525000,2013
13761,Maruti,Swift,6,31000,Diesel,Manual,28.4,1250,521000,2005
6287,Mahindra,KUV,5,38000,Petrol,Manual,18.15,1200,555000,2016
10617,Toyota,Fortuner,7,143000,Diesel,Manual,13.0,3000,1300000,2009
11419,Maruti,Alto,5,40000,Petrol,Manual,22.74,800,260000,2000
1949,Maruti,Ertiga,4,65000,"Others (CNG,LPG)",Manual,26.08,1500,740000,2012
7585,Maruti,Wagon R,11,80566,Petrol,Manual,18.9,1000,250000,1999
14976,Mahindra,Scorpio,3,57000,Diesel,Manual,15.4,2000,1035000,2002
6035,Maruti,Baleno,5,45000,Petrol,Manual,21.4,1200,610000,2015
7778,Mahindra,KUV,5,96330,Diesel,Manual,25.32,1200,475000,2016
7602,Hyundai,i20,5,78000,Diesel,Manual,21.9,1400,560000,2008
6461,Maruti,Alto,13,40000,Petrol,Manual,19.7,800,140000,2000
13844,Volkswagen,Vento,8,100000,Diesel,Manual,20.34,1500,525000,2010
2160,Honda,City,7,54027,Diesel,Manual,26.0,1500,545000,1998
4366,Maruti,Swift Dzire,6,58000,Diesel,Manual,19.3,1250,550000,2008
11726,Ford,Figo,10,150000,Diesel,Manual,20.0,1400,250000,2010
8943,Maruti,Swift Dzire,4,70000,Diesel,Manual,28.4,1250,648000,2008
5111,Maruti,Swift,7,70000,Diesel,Manual,25.2,1250,350000,2005
5153,Hyundai,i10,12,42000,Petrol,Manual,19.81,1100,180000,2007
6004,Hyundai,i20,8,191542,Diesel,Manual,21.9,1400,300000,2008
8115,Renault,KWID,4,30000,Petrol,Manual,25.17,800,300000,2015
14250,Maruti,Eeco,1,8200,Petrol,Manual,16.11,1200,410000,2010
9107,Hyundai,Grand,3,26800,Petrol,Automatic,18.9,1200,575000,2013
596,Mahindra,KUV,5,78000,Diesel,Manual,25.32,1200,425000,2016
14656,Volkswagen,Polo,9,55252,Diesel,Manual,22.07,1200,375000,2010
8005,Hyundai,i20,6,50000,Petrol,Manual,18.6,1200,425000,2008
9724,Maruti,Baleno,4,25000,Petrol,Manual,21.01,1200,625000,2015
3359,Skoda,Rapid,9,74000,Diesel,Manual,20.5,1600,385000,2011
10797,Maruti,Vitara,2,20500,Diesel,Manual,24.3,1250,915000,2016
6504,Maruti,Swift,5,58000,Diesel,Automatic,28.4,1250,595000,2005
10855,Maruti,Alto,8,38000,Petrol,Manual,22.74,800,190000,2000
9100,Hyundai,i10,11,35000,Petrol,Manual,20.36,1200,199000,2007
11650,Hyundai,Grand,4,38465,Diesel,Manual,24.0,1200,500000,2013
5939,Hyundai,Verna,14,82000,Petrol,Manual,13.9,1600,245000,2006
8727,Maruti,Swift Dzire,3,70000,Diesel,Manual,28.4,1250,690000,2008
2597,Renault,KWID,3,10000,Petrol,Manual,23.01,1000,350000,2015
14340,Mahindra,KUV100,3,30000,Diesel,Manual,25.32,1200,500000,2016
8438,Volkswagen,Polo,8,68000,Petrol,Manual,16.47,1200,359000,2010
13898,Maruti,Ignis,2,7500,Petrol,Automatic,20.89,1200,625000,2017
13013,Maruti,Vitara,3,20180,Diesel,Automatic,24.3,1250,975000,2016
6665,Hyundai,Grand,5,27550,Petrol,Manual,18.9,1200,475000,2013
4095,Maruti,Ertiga,5,27000,Petrol,Manual,19.01,1500,695000,2012
3570,Hyundai,i20,8,37900,Diesel,Manual,21.9,1400,435000,2008
8320,Hyundai,Creta,2,15000,Diesel,Automatic,17.6,1600,1300000,2015
451,Maruti,Alto,10,50000,Petrol,Manual,20.92,1000,250000,2000
32,Hyundai,Santro,12,80000,Petrol,Manual,17.92,1100,125000,1998
13822,Maruti,Wagon R,6,25000,"Others (CNG,LPG)",Manual,26.2,1000,385000,1999
8442,Honda,City,5,60060,Petrol,Manual,17.8,1500,675000,1998
11366,Ford,Freestyle,3,40000,Petrol,Manual,19.0,1200,600000,2018
1004,Honda,Amaze,5,35118,Petrol,Manual,17.8,1200,475000,2013
3977,Honda,Amaze,5,59000,Diesel,Manual,25.8,1500,565000,2013
8949,Maruti,Eeco,2,15000,Petrol,Manual,15.37,1200,322000,2010
6950,Honda,City,7,233000,Diesel,Manual,25.1,1500,500000,1998
11958,Maruti,Swift,13,100000,Diesel,Manual,17.8,1250,210000,2005
15060,Maruti,Swift,7,12000,Diesel,Manual,28.4,1250,595000,2005
10497,Volkswagen,Polo,5,93096,Petrol,Manual,16.2,1200,500000,2010
11657,Maruti,Wagon R,5,36044,"Others (CNG,LPG)",Manual,26.6,1000,415000,1999
4032,Maruti,Eeco,3,33000,Petrol,Manual,16.11,1200,350000,2010
5129,Maruti,Alto,9,69254,Petrol,Manual,20.92,1000,230000,2000
3659,Honda,City,14,77433,Petrol,Manual,12.8,1500,220000,1998
3968,Hyundai,i20,3,5000,Petrol,Manual,18.6,1200,750000,2008
13242,Hyundai,i10,11,70000,Petrol,Manual,19.81,1100,170000,2007
11199,Renault,Duster,8,90923,Diesel,Manual,19.87,1500,425000,2012
12323,Audi,A6,6,68000,Diesel,Automatic,18.53,2000,2550000,2005
12268,Honda,Amaze,8,34294,Diesel,Manual,25.8,1500,425000,2013
13742,Maruti,Celerio,3,22000,Petrol,Manual,23.1,1000,450000,2014
6163,Hyundai,Verna,5,95321,Diesel,Manual,23.9,1600,675000,2006
14582,Skoda,Rapid,7,142000,Petrol,Manual,15.0,1600,570000,2011
13169,Maruti,Baleno,5,90000,Diesel,Manual,27.39,1250,590000,2015
15032,Honda,Jazz,6,67000,Petrol,Manual,18.7,1200,525000,2009
3545,Hyundai,i20,3,40000,Diesel,Manual,21.9,1400,739000,2008
3618,Hyundai,i10,6,12450,Petrol,Manual,20.36,1200,395000,2007
3162,Toyota,Fortuner,4,90000,Diesel,Manual,13.0,3000,2600000,2009
15211,Skoda,Superb,4,34890,Petrol,Manual,13.14,1800,1885000,2004
12601,Honda,City,15,120000,Petrol,Manual,17.7,1500,200000,1998
808,Maruti,Swift,13,75900,Petrol,Manual,16.1,1300,240000,2005
14611,Maruti,Swift,12,98206,Diesel,Manual,17.8,1250,335000,2005
319,Honda,City,4,32226,Petrol,Manual,17.8,1500,755000,1998
7623,Honda,Amaze,8,48000,Diesel,Manual,25.8,1500,350000,2013
5636,Maruti,Baleno,4,33620,Petrol,Manual,21.4,1200,632000,2015
2965,Tata,Safari,8,63000,Diesel,Manual,13.93,2200,450000,1998
12723,Hyundai,Verna,9,44906,Petrol,Manual,17.01,1600,580000,2006
6890,Maruti,Swift Dzire,3,100000,Petrol,Manual,19.0,1200,375000,2008
10384,Honda,Jazz,4,525000,Petrol,Manual,18.7,1200,525000,2009
8488,Maruti,Baleno,4,120000,Petrol,Manual,21.1,1000,500000,2015
10374,Tata,Nexon,3,35000,Petrol,Manual,17.0,1200,700000,2017
10547,Honda,City,3,40000,Petrol,Automatic,18.4,1500,1150000,1998
10180,Maruti,Ciaz,4,480000,Diesel,Manual,28.09,1250,725000,2014
4716,Mahindra,XUV500,7,110000,Diesel,Manual,15.1,2200,750000,2011
13180,Mercedes-Benz,C-Class,9,50000,Diesel,Automatic,19.71,2100,1180000,2001
6604,Mahindra,Bolero,9,35000,Diesel,Manual,15.96,2500,450000,2000
8587,Hyundai,Verna,6,27900,Petrol,Manual,17.43,1400,480000,2006
13228,Mercedes-Benz,S-Class,14,47200,Petrol,Automatic,10.13,3500,625000,1994
785,Maruti,Swift Dzire,8,65000,Diesel,Manual,23.4,1250,480000,2008
11418,Ford,Ecosport,5,57000,Petrol,Manual,17.0,1500,635000,2013
3855,Tata,Tiago,4,80000,Petrol,Manual,23.84,1200,420000,2016
2578,Hyundai,i10,11,70000,Petrol,Manual,19.81,1100,199000,2007
7099,BMW,3,8,38132,Diesel,Automatic,18.88,2000,1399000,2007
14629,Skoda,Superb,7,59000,Diesel,Automatic,17.2,2000,1250000,2004
14503,Maruti,Baleno,5,40000,Petrol,Manual,21.4,1200,550000,2015
12006,Honda,Amaze,3,43772,Diesel,Manual,25.8,1500,860000,2013
5953,Renault,Duster,8,70000,Diesel,Manual,19.01,1500,400000,2012
14149,Honda,City,11,25000,Petrol,Automatic,16.8,1500,600000,1998
7924,Ford,Ecosport,2,20000,Petrol,Manual,17.0,1500,905000,2013
13778,Maruti,Ertiga,3,25000,"Others (CNG,LPG)",Manual,17.5,1400,795000,2012
5167,Honda,City,7,80000,Diesel,Manual,26.0,1500,450000,1998
6431,Maruti,Swift,7,24000,Diesel,Manual,25.2,1250,600000,2005
10024,Mahindra,XUV500,5,44890,Diesel,Automatic,16.0,2000,975000,2011
7997,Hyundai,Creta,5,52000,Diesel,Manual,21.38,1400,935000,2015
15185,Volkswagen,Polo,6,39000,Petrol,Automatic,17.21,1200,650000,2010
8478,Volkswagen,Polo,8,32000,Diesel,Manual,22.07,1200,300000,2010
3821,Hyundai,i10,5,67817,Petrol,Manual,20.36,1200,465000,2007
6264,Mercedes-Benz,C-Class,9,65000,Diesel,Automatic,14.94,2100,2100000,2001
14925,Skoda,Rapid,9,100000,Petrol,Manual,15.0,1600,300000,2011
5694,Renault,KWID,3,34000,Petrol,Manual,23.01,1000,460000,2015
8263,Honda,WR-V,3,15299,Diesel,Manual,25.5,1500,800000,2017
3013,Maruti,Swift,15,55000,Petrol,Manual,16.1,1200,145000,2005
1102,Maruti,Swift Dzire,3,60000,Diesel,Manual,28.4,1250,740000,2008
13635,Ford,Figo,10,76500,Diesel,Manual,20.0,1400,235000,2010
5943,Maruti,Wagon R,7,25932,Petrol,Manual,21.79,1000,382000,1999
4547,BMW,X5,7,39000,Diesel,Automatic,15.3,3000,3995000,2007
11580,Ford,Figo,10,57342,Petrol,Manual,15.6,1200,250000,2010
11104,Hyundai,i10,9,55329,Petrol,Manual,20.36,1200,260000,2007
10491,Hyundai,Grand,6,36000,Petrol,Manual,18.9,1200,405000,2013
5220,Toyota,Fortuner,4,56700,Diesel,Automatic,12.9,2800,3100000,2009
9156,Hyundai,i20,6,60000,Diesel,Manual,22.54,1400,422000,2008
14219,Hyundai,Elantra,9,90000,Diesel,Manual,22.7,1600,950000,2004
3960,Maruti,Swift,9,60000,Diesel,Manual,22.9,1250,390000,2005
13493,Maruti,Ciaz,4,110000,Diesel,Manual,28.09,1250,600000,2014
8491,Hyundai,i10,8,50000,Petrol,Manual,20.36,1200,285000,2007
6166,Maruti,Vitara,3,23900,Diesel,Manual,24.3,1250,1000000,2016
7131,Maruti,Swift,9,66001,Diesel,Manual,22.9,1250,275000,2005
3852,Maruti,Swift Dzire,9,43500,Diesel,Manual,19.3,1250,420000,2008
5958,Renault,Duster,8,153000,Diesel,Manual,19.01,1500,550000,2012
9564,Hyundai,Grand,7,56000,Diesel,Manual,24.0,1100,325000,2013
6953,Hyundai,Grand,6,39000,Petrol,Manual,18.9,1200,410000,2013
3401,Volkswagen,Polo,6,54985,Petrol,Manual,16.2,1200,480000,2010
3559,Toyota,Innova,8,105487,Diesel,Manual,12.99,2500,835000,2005
11072,BMW,7,13,56000,Petrol,Automatic,8.45,3000,890000,2002
5669,Honda,Jazz,5,62510,Petrol,Manual,18.7,1200,520000,2009
5314,Toyota,Innova,10,100000,"Others (CNG,LPG)",Manual,12.4,2000,380000,2005
10100,Maruti,Swift Dzire,10,86000,Diesel,Manual,19.3,1250,275000,2008
11453,Honda,Amaze,7,58000,Petrol,Automatic,15.5,1200,445000,2013
15312,Renault,Duster,8,80000,Diesel,Manual,19.64,1500,367000,2012
2583,Honda,Jazz,5,60000,Diesel,Manual,27.3,1500,575000,2009
1982,Maruti,Eeco,6,60200,"Others (CNG,LPG)",Manual,21.94,1200,385000,2010
9242,Maruti,Baleno,4,38000,Petrol,Manual,21.4,1200,615000,2015
4444,Skoda,Superb,12,114447,Petrol,Manual,13.14,1800,450000,2004
4576,Hyundai,i20,8,63786,Diesel,Manual,21.9,1400,510000,2008
13713,Toyota,Innova,8,161823,Diesel,Manual,12.99,2500,790000,2005
4845,Maruti,Swift,6,178000,Diesel,Manual,25.2,1250,530000,2005
8063,Mahindra,XUV500,6,70000,Diesel,Manual,16.0,2000,850000,2011
209,Maruti,Swift Dzire,6,40000,Diesel,Manual,26.59,1250,530000,2008
7792,Maruti,Swift Dzire,6,36908,Diesel,Manual,28.4,1250,500000,2008
106,Maruti,Alto,10,30000,Petrol,Manual,20.92,1000,251000,2000
5191,Maruti,Ertiga,7,127731,Diesel,Manual,20.77,1250,665000,2012
4974,Maruti,Vitara,3,48000,Diesel,Manual,24.3,1250,855000,2016
5707,Hyundai,Santro,7,55000,Petrol,Manual,17.92,1100,350000,1998
11672,Maruti,Celerio,5,87187,Diesel,Manual,27.62,800,399000,2014
5485,Maruti,Alto,6,40000,Petrol,Manual,22.74,800,280000,2000
11694,Skoda,Rapid,6,58900,Diesel,Automatic,21.66,1500,715000,2011
7819,Tata,Safari,8,50000,Diesel,Manual,14.0,2200,800000,1998
11721,Maruti,Swift Dzire,4,79315,Diesel,Manual,28.4,1250,720000,2008
10811,Maruti,Eeco,2,25000,"Others (CNG,LPG)",Manual,21.94,1200,370000,2010
938,Maruti,Wagon R,9,100000,Petrol,Manual,18.9,1000,225000,1999
10184,Maruti,Ciaz,6,63000,Diesel,Manual,28.09,1250,595000,2014
939,Maruti,Baleno,1,1500,Petrol,Manual,21.01,1200,624000,2015
12670,BMW,3,9,91000,Diesel,Automatic,18.88,2000,1100000,2007
4259,Ford,Ecosport,6,60172,Petrol,Automatic,16.5,1500,800000,2013
507,Honda,WR-V,2,25000,Petrol,Manual,17.5,1200,906000,2017
6551,Mahindra,Scorpio,5,137138,Diesel,Manual,15.4,2500,710000,2002
5369,Hyundai,i20,6,70000,Diesel,Manual,22.54,1400,545000,2008
5103,Hyundai,i10,6,25000,Petrol,Manual,19.81,1100,385000,2007
6734,Hyundai,Verna,9,148000,Diesel,Manual,22.32,1600,400000,2006
3096,BMW,7,3,50000,Diesel,Automatic,16.77,3000,8500000,2002
11070,Toyota,Innova,2,8000,Diesel,Manual,13.68,2400,1835000,2005
4915,Maruti,Wagon R,12,113343,Petrol,Manual,18.9,1100,178000,1999
11970,Honda,Amaze,5,53000,Diesel,Manual,25.8,1500,450000,2013
11667,Maruti,Ertiga,6,81000,"Others (CNG,LPG)",Manual,22.8,1400,640000,2012
15205,Toyota,Innova,2,6500,Diesel,Manual,13.68,2400,2150000,2005
5723,Hyundai,i20,9,60000,Diesel,Manual,21.9,1400,360000,2008
3871,Tata,Safari,13,60000,Diesel,Manual,11.57,2200,190000,1998
15277,Maruti,Swift,6,31200,Petrol,Manual,20.4,1200,400000,2005
597,Datsun,GO,5,58000,Petrol,Manual,19.44,1200,460000,2014
6150,Ford,Figo,6,44566,Diesel,Manual,25.83,1500,580000,2010
3146,Tata,Tigor,3,90000,Petrol,Manual,20.3,1200,400000,2017
6964,Maruti,Vitara,4,40000,Diesel,Manual,24.3,1250,810000,2016
7689,Hyundai,i20,5,30000,Petrol,Manual,17.19,1200,525000,2008
13981,Mahindra,Bolero,3,30000,Diesel,Manual,15.96,2500,750000,2000
4402,Honda,City,6,58972,Diesel,Manual,26.0,1500,690000,1998
2734,Hyundai,Elantra,3,18000,Petrol,Automatic,14.62,2000,1550000,2004
5114,Maruti,Swift Dzire,8,200000,Diesel,Manual,23.4,1250,370000,2008
8093,Honda,City,6,65000,Diesel,Manual,26.0,1500,500000,1998
6233,Honda,Amaze,6,56000,Diesel,Manual,25.8,1500,510000,2013
7944,Honda,Amaze,2,11000,Petrol,Automatic,19.0,1200,835000,2013
14535,Maruti,Swift Dzire,9,37801,Petrol,Manual,17.5,1300,500000,2008
13733,Renault,KWID,5,40500,Petrol,Manual,25.17,800,310000,2015
13756,Hyundai,Grand,3,5000,Petrol,Manual,18.9,1200,640000,2013
6459,Hyundai,i20,11,90000,Petrol,Manual,17.0,1200,320000,2008
3153,Hyundai,Elantra,4,53958,Diesel,Automatic,18.23,1600,1370000,2004
229,Hyundai,Verna,8,113000,Diesel,Manual,22.32,1600,480000,2006
4461,Maruti,Ciaz,5,66000,Diesel,Manual,28.09,1250,725000,2014
5020,Maruti,Alto,2,32895,Petrol,Manual,22.05,800,300000,2000
10071,Renault,Duster,6,81645,Diesel,Manual,19.01,1500,650000,2012
14680,Hyundai,Santro,10,49000,Petrol,Manual,17.92,1100,195000,1998
6047,Maruti,Swift,3,46000,Diesel,Manual,28.4,1250,825000,2005
8432,Hyundai,Verna,8,120000,Diesel,Manual,22.32,1600,375000,2006
10728,Audi,A4,5,40000,Diesel,Automatic,17.11,2000,1850000,2008
5678,Tata,Tiago,3,7000,Petrol,Manual,23.84,1200,490000,2016
2503,Maruti,Alto,6,19074,Petrol,Manual,22.74,800,275000,2000
15091,Mahindra,Bolero,7,30000,Diesel,Manual,15.96,2500,575000,2000
10320,Hyundai,i10,10,62000,Petrol,Manual,20.36,1200,199000,2007
133,Renault,Duster,6,48000,Diesel,Manual,19.87,1500,600000,2012
10685,Hyundai,Grand,4,50000,Diesel,Manual,24.0,1200,440000,2013
5561,Hyundai,Verna,7,68000,Diesel,Automatic,19.08,1600,690000,2006
3557,Maruti,Wagon R,11,48300,Petrol,Manual,18.9,1000,240000,1999
7470,Hyundai,Verna,7,35000,Petrol,Manual,17.01,1600,550000,2006
4701,Hyundai,Verna,6,115958,Diesel,Manual,22.32,1600,550000,2006
11605,Maruti,Ertiga,7,53247,"Others (CNG,LPG)",Manual,22.8,1400,599000,2012
4028,Honda,City,5,95066,Petrol,Manual,17.4,1500,580000,1998
15078,Jeep,Compass,2,32280,Diesel,Manual,17.1,2000,1875000,2017
10511,Hyundai,Grand,8,83000,Diesel,Manual,24.0,1100,315000,2013
5680,Maruti,Baleno,4,71000,Diesel,Manual,27.39,1250,650000,2015
11315,Hyundai,Grand,7,30589,Petrol,Manual,18.9,1200,385000,2013
12367,Honda,Amaze,3,17716,Diesel,Automatic,23.8,1500,880000,2013
5348,Maruti,Swift Dzire,2,15000,Petrol,Automatic,21.21,1200,690000,2008
4926,Ford,Figo,2,31000,Petrol,Manual,18.16,1200,525000,2010
14114,Toyota,Innova,4,45000,Diesel,Manual,13.68,2400,2025000,2005
7426,Toyota,Fortuner,6,60000,Diesel,Manual,13.0,3000,1600000,2009
3876,Hyundai,i10,9,15000,Petrol,Manual,20.36,1200,400000,2007
12390,Hyundai,Grand,4,56000,Petrol,Manual,18.9,1200,565000,2013
10389,BMW,3,9,60000,Diesel,Automatic,16.07,2000,1250000,2007
3682,Maruti,Wagon R,7,35000,Petrol,Manual,20.51,1000,370000,1999
4754,Honda,WR-V,3,19000,Petrol,Manual,17.5,1200,835000,2017
14223,Ford,Ecosport,6,55375,Diesel,Manual,22.77,1500,800000,2013
14753,Honda,City,15,89000,Petrol,Manual,17.7,1500,135000,1998
10025,Hyundai,i20,6,57700,Petrol,Manual,18.6,1200,504000,2008
1399,Renault,Duster,5,40000,Diesel,Manual,19.64,1500,780000,2012
11031,Audi,A4,8,48000,Petrol,Automatic,17.84,1400,1450000,2008
4923,Maruti,Swift Dzire,3,6500,Petrol,Automatic,21.21,1200,725000,2008
980,Maruti,Swift,3,15000,Diesel,Manual,28.4,1250,675000,2005
1047,Maruti,Wagon R,5,26000,Petrol,Manual,18.9,1000,375000,1999
8234,Maruti,Alto,2,8000,Petrol,Manual,22.05,800,335000,2000
7451,Maruti,Swift,9,40000,Petrol,Manual,18.6,1200,320000,2005
9730,Maruti,Swift Dzire,4,25000,Petrol,Automatic,22.0,1200,610000,2008
2650,BMW,5,8,55000,Diesel,Automatic,18.48,2000,1500000,2007
13109,Hyundai,i20,6,47000,Petrol,Manual,18.5,1200,540000,2008
12369,Toyota,Innova,3,38000,Diesel,Manual,13.68,2400,1775000,2005
7297,Maruti,Swift,5,110000,Diesel,Manual,25.2,1250,500000,2005
3055,Hyundai,Santro,2,4800,Petrol,Manual,20.3,1100,530000,1998
12064,Hyundai,i20,4,54000,Petrol,Manual,18.6,1200,730000,2008
1638,Maruti,Eeco,8,55000,Petrol,Manual,15.37,1200,335000,2010
12505,Hyundai,i10,11,70000,Petrol,Manual,19.81,1100,170000,2007
2177,Hyundai,i20,6,55199,Petrol,Manual,18.6,1200,545000,2008
10519,Toyota,Fortuner,6,91000,Diesel,Manual,13.0,3000,1550000,2009
14083,Honda,Civic,13,66000,Petrol,Automatic,12.9,1800,290000,2006
5720,Honda,Jazz,5,72000,Petrol,Manual,18.2,1200,525000,2009
9735,Honda,Amaze,7,71000,Diesel,Manual,25.8,1500,350000,2013
11736,Mahindra,Thar,5,49000,Diesel,Manual,16.55,2500,750000,2010
12183,Skoda,Superb,8,63500,Diesel,Automatic,17.2,2000,731000,2004
8113,Maruti,Wagon R,5,34500,Petrol,Manual,20.51,1000,375000,1999
11965,Honda,City,7,68900,Diesel,Manual,25.1,1500,655000,1998
4664,Hyundai,Verna,3,40000,Diesel,Manual,22.0,1600,975000,2006
2354,Toyota,Innova,10,118000,Diesel,Manual,12.8,2500,721000,2005
9249,Honda,City,9,47000,Petrol,Manual,17.0,1500,420000,1998
2128,Mahindra,KUV,4,20000,Petrol,Manual,18.15,1200,450000,2016
2322,Jeep,Compass,4,17485,Petrol,Automatic,16.0,1400,1512000,2017
4977,Mahindra,Scorpio,11,95000,Diesel,Automatic,11.79,2200,500000,2002
9639,Mahindra,XUV500,8,50000,Diesel,Manual,15.1,2200,600000,2011
9106,Maruti,Swift,2,17600,Petrol,Manual,21.21,1200,590000,2005
7160,Honda,Amaze,7,46000,Petrol,Manual,18.0,1200,480000,2013
6362,Hyundai,i20,5,81984,Diesel,Manual,23.0,1400,650000,2008
10763,Skoda,Rapid,8,75000,Diesel,Manual,20.5,1600,350000,2011
3859,Hyundai,Creta,1,15000,Diesel,Manual,22.1,1400,1350000,2015
5016,Maruti,Swift Dzire,7,36658,Diesel,Manual,23.4,1250,590000,2008
13319,Hyundai,i20,4,50000,Petrol,Manual,18.6,1200,655000,2008
1390,Maruti,Baleno,4,35000,Petrol,Manual,21.4,1200,625000,2015
3605,Maruti,Vitara,5,51000,Diesel,Manual,24.3,1250,825000,2016
10982,BMW,7,8,89000,Diesel,Automatic,14.49,3000,1999000,2002
7434,Maruti,Swift Dzire,9,120000,Diesel,Manual,19.3,1250,450000,2008
2883,Mercedes-Benz,E-Class,6,32000,Diesel,Automatic,13.0,2100,2350000,1996
2141,Hyundai,i10,8,27562,Petrol,Automatic,16.95,1200,360000,2007
8340,Ford,Aspire,3,15850,Diesel,Manual,26.1,1500,690000,2015
14148,Hyundai,Santro,2,10000,Petrol,Manual,20.3,1100,460000,1998
10813,Hyundai,i20,4,37999,Petrol,Manual,18.6,1200,540000,2008
10348,Hyundai,i10,10,61000,Petrol,Automatic,16.95,1200,260000,2007
7294,Mahindra,XUV500,9,130000,Diesel,Manual,15.1,2200,850000,2011
7808,Hyundai,i20,6,20000,Petrol,Manual,18.6,1200,486000,2008
14601,Maruti,Swift,5,100000,Diesel,Manual,25.2,1250,600000,2005
5553,Maruti,Swift,6,48000,Petrol,Manual,16.1,1300,480000,2005
11073,Honda,City,16,68000,Petrol,Manual,13.0,1500,65000,1998
11908,Maruti,Wagon R,8,33000,Petrol,Manual,18.9,1000,313000,1999
4353,Honda,Amaze,2,4387,Petrol,Manual,17.8,1200,685000,2013
7395,Tata,Safari,5,100000,Diesel,Manual,14.1,2200,750000,1998
12494,Hyundai,i20,5,41000,Petrol,Manual,18.6,1200,525000,2008
7178,Toyota,Fortuner,9,120000,Diesel,Manual,12.55,3000,1400000,2009
14404,Maruti,Swift,5,46000,Petrol,Manual,20.4,1200,380000,2005
7009,Ford,Aspire,4,25000,Diesel,Manual,25.83,1500,615000,2015
14063,Renault,KWID,4,60000,Petrol,Automatic,24.04,1000,380000,2015
14104,Maruti,Celerio,5,71000,Diesel,Manual,27.62,800,499000,2014
4067,Mercedes-Benz,E-Class,8,140000,Diesel,Automatic,14.21,2100,1500000,1996
6972,Ford,Ecosport,4,115000,Diesel,Manual,23.0,1500,650000,2013
9826,Ford,Ecosport,6,42000,Petrol,Automatic,14.7,1500,650000,2013
8492,Maruti,Swift Dzire,4,70000,Diesel,Manual,28.4,1250,600000,2008
10136,Tata,Safari,13,110000,Diesel,Manual,11.57,2200,250000,1998
11948,Renault,Duster,8,90000,Diesel,Manual,19.01,1500,550000,2012
11559,Ford,Figo,10,43493,Petrol,Manual,15.6,1200,199000,2010
4768,Ford,Ecosport,4,120000,Diesel,Manual,22.77,1500,680000,2013
13350,Maruti,Vitara,4,90000,Diesel,Manual,24.3,1250,850000,2016
6670,Hyundai,i20,6,72000,Diesel,Manual,22.54,1400,650000,2008
8920,Tata,Tiago,3,27120,Petrol,Manual,23.84,1200,460000,2016
8239,Maruti,Swift,7,80000,Diesel,Manual,25.2,1250,400000,2005
4725,Hyundai,Grand,5,64300,Diesel,Manual,24.0,1100,425000,2013
9610,BMW,5,13,59869,Petrol,Automatic,10.6,3000,550000,2007
976,Hyundai,Santro,13,69000,Petrol,Manual,17.92,1100,125000,1998
14127,Hyundai,i10,5,40000,Petrol,Manual,19.81,1100,350000,2007
2317,BMW,X1,8,180000,Diesel,Automatic,19.62,2000,945000,2010
14119,Volkswagen,Polo,7,50000,Diesel,Manual,20.14,1500,400000,2010
3958,Maruti,Swift,3,20000,Petrol,Manual,22.0,1200,610000,2005
12061,Toyota,Innova,12,126950,Diesel,Manual,12.8,2500,775000,2005
2801,Maruti,Vitara,3,35000,Diesel,Automatic,24.3,1250,1100000,2016
7461,Maruti,Baleno,3,35000,Petrol,Manual,21.4,1200,540000,2015
14713,Honda,Amaze,3,60000,Diesel,Manual,25.8,1500,667000,2013
4302,Maruti,Alto,7,60000,Petrol,Manual,23.95,1000,315000,2000
11866,Maruti,Swift Dzire,4,60000,Diesel,Automatic,28.4,1250,690000,2008
1738,Renault,KWID,3,36000,Petrol,Automatic,24.04,1000,395000,2015
1456,Hyundai,Verna,4,72000,Diesel,Manual,24.0,1400,698000,2006
13509,Maruti,Eeco,2,7557,Petrol,Manual,16.11,1200,450000,2010
7821,Honda,Amaze,5,47000,Petrol,Automatic,18.1,1200,550000,2013
7114,Mahindra,XUV500,6,60000,Diesel,Manual,15.1,2200,660000,2011
7476,Hyundai,Verna,3,110000,Diesel,Manual,22.0,1600,900000,2006
2713,Toyota,Innova,5,53380,Diesel,Automatic,13.68,2400,1650000,2005
6606,Hyundai,i20,4,23000,Petrol,Manual,18.6,1200,620000,2008
9944,Hyundai,i10,12,49100,Petrol,Manual,20.36,1200,180000,2007
14782,Maruti,Swift Dzire,8,80000,Diesel,Manual,23.4,1250,400000,2008
13873,Maruti,Alto,10,68000,Petrol,Manual,20.92,1000,265000,2000
13655,Jaguar,XF,6,49000,Diesel,Automatic,16.36,2200,2650000,2009
2557,Jeep,Compass,4,35000,Diesel,Manual,17.1,2000,1600000,2017
9458,Hyundai,Grand,7,55000,Diesel,Manual,24.0,1100,325000,2013
7374,Skoda,Rapid,7,349000,Diesel,Manual,21.14,1500,349000,2011
4114,Renault,KWID,3,5694,Petrol,Manual,25.17,800,380000,2015
4947,Renault,KWID,5,54701,Petrol,Manual,23.01,1000,260000,2015
4153,Volkswagen,Vento,10,56238,Diesel,Manual,20.54,1600,415000,2010
4700,Hyundai,i10,11,48216,Petrol,Manual,20.36,1200,350000,2007
14879,BMW,X1,2,15000,Diesel,Automatic,20.68,2000,3250000,2010
296,Mahindra,Scorpio,6,40000,Diesel,Manual,15.4,2000,1051000,2002
9544,Tata,Nexon,3,9000,Petrol,Automatic,17.0,1200,895000,2017
13161,Tata,Nexon,3,31000,Diesel,Automatic,21.5,1500,845000,2017
13226,Maruti,Ciaz,4,40000,Diesel,Manual,28.09,1250,800000,2014
10739,Skoda,Superb,8,65000,Petrol,Manual,13.14,1800,499000,2004
4618,Hyundai,Grand,3,20000,Petrol,Manual,18.9,1200,625000,2013
9878,Maruti,Baleno,3,39000,Petrol,Manual,21.4,1200,600000,2015
719,Mahindra,Scorpio,6,93469,Diesel,Manual,15.4,2200,890000,2002
8969,Hyundai,i20,8,35000,Petrol,Manual,17.0,1200,325000,2008
9361,Maruti,Ciaz,5,69000,Diesel,Manual,28.09,1250,650000,2014
10866,Maruti,Alto,8,68450,Petrol,Manual,22.74,800,245000,2000
650,Hyundai,Grand,3,10000,Petrol,Manual,18.9,1200,510000,2013
13074,BMW,5,3,16000,Diesel,Automatic,18.59,3000,5800000,2007
8685,Volkswagen,Polo,6,110000,Diesel,Manual,19.91,1500,615000,2010
362,Audi,A6,3,24000,Diesel,Automatic,17.68,2000,3490000,2005
9087,Hyundai,i10,10,30000,Petrol,Manual,20.36,1200,350000,2007
6151,Honda,WR-V,4,59934,Diesel,Manual,25.5,1500,850000,2017
6859,Skoda,Rapid,2,35000,Diesel,Manual,21.13,1500,950000,2011
12457,Honda,City,4,15735,Petrol,Manual,17.4,1500,925000,1998
1462,Toyota,Innova,7,50000,Diesel,Manual,12.99,2500,875000,2005
5696,Ford,Ecosport,5,43000,Petrol,Automatic,15.63,1500,750000,2013
10548,Mahindra,Scorpio,7,90000,Diesel,Manual,12.05,2200,480000,2002
3389,Maruti,Swift Dzire,9,70000,Petrol,Manual,17.5,1300,370000,2008
8968,Toyota,Innova,6,165000,Diesel,Manual,12.99,2500,830000,2005
12506,Honda,WR-V,3,68368,Diesel,Manual,25.5,1500,1010000,2017
9136,Maruti,Swift Dzire,9,66581,Petrol,Automatic,17.4,1200,395000,2008
9094,Hyundai,Creta,4,15000,Petrol,Manual,15.29,1600,840000,2015
11717,Maruti,Wagon R,5,65000,"Others (CNG,LPG)",Manual,26.6,1000,315000,1999
13473,Maruti,Alto,4,11614,Petrol,Manual,23.95,1000,350000,2000
6934,Ford,Endeavour,11,80000,Diesel,Automatic,11.4,3000,750000,2003
12525,BMW,3,8,60000,Diesel,Automatic,16.07,2000,1300000,2007
12765,Maruti,Swift,1,5000,Petrol,Manual,21.21,1200,610000,2005
14759,Maruti,Alto,9,25000,Petrol,Manual,20.92,1000,270000,2000
1710,Maruti,Vitara,4,54452,Diesel,Manual,24.3,1250,850000,2016
11760,Maruti,Swift Dzire,9,70000,Diesel,Manual,19.3,1250,505000,2008
1684,Hyundai,i20,10,115000,Petrol,Manual,18.5,1200,325000,2008
1956,Hyundai,i20,5,75000,Petrol,Manual,18.6,1200,525000,2008
4568,Maruti,Swift Dzire,6,75137,Diesel,Manual,26.59,1250,475000,2008
10885,Renault,KWID,5,12000,Petrol,Manual,25.17,800,275000,2015
12232,Renault,Duster,5,56400,Diesel,Manual,19.87,1500,650000,2012
3893,Mahindra,Bolero,9,75000,Diesel,Manual,15.96,2500,435000,2000
10956,Mahindra,Scorpio,11,120000,Diesel,Manual,14.0,2500,200000,2002
10945,Maruti,Swift Dzire,3,70000,Diesel,Automatic,28.4,1250,725000,2008
146,Honda,City,11,86000,Petrol,Manual,17.0,1500,335000,1998
8928,Maruti,Alto,12,68000,Petrol,Manual,19.7,800,130000,2000
14298,Maruti,Ertiga,7,46000,Petrol,Manual,19.01,1500,595000,2012
9569,Renault,Duster,8,51235,Diesel,Manual,19.01,1500,415000,2012
3028,Maruti,Swift Dzire,6,43206,Petrol,Manual,20.85,1200,480000,2008
9970,Ford,Ecosport,6,73521,Diesel,Manual,21.7,1500,532000,2013
2305,Honda,Amaze,6,44000,Diesel,Manual,25.8,1500,600000,2013
14500,Audi,A6,10,68000,Diesel,Automatic,17.68,2000,1600000,2005
10675,Mercedes-Benz,E-Class,8,70000,Diesel,Automatic,10.0,2150,1025000,1996
614,Honda,Amaze,6,41604,Petrol,Manual,18.0,1200,400000,2013
8527,Hyundai,i20,5,70800,Diesel,Manual,22.54,1400,650000,2008
7000,Volkswagen,Polo,6,47000,Diesel,Manual,20.14,1500,450000,2010
12999,Maruti,Ciaz,6,50000,Petrol,Manual,20.73,1400,700000,2014
14848,Toyota,Fortuner,3,65000,Diesel,Automatic,12.9,2800,2800000,2009
11916,Maruti,Alto,18,90000,Petrol,Manual,19.7,800,75000,2000
15276,Maruti,Alto,6,25000,Petrol,Manual,23.95,1000,360000,2000
5244,Ford,Figo,11,82000,Diesel,Manual,20.0,1400,211000,2010
10219,Mercedes-Benz,C-Class,10,54000,Diesel,Automatic,14.94,2100,750000,2001
1942,Maruti,Alto,13,30000,Petrol,Manual,19.7,800,175000,2000
2240,Maruti,Swift,3,35000,Petrol,Automatic,21.21,1200,600000,2005
4956,Renault,KWID,5,58000,Petrol,Manual,23.01,1000,345000,2015
13773,Honda,City,10,85000,Petrol,Manual,17.0,1500,530000,1998
10398,Maruti,Baleno,5,60201,Petrol,Manual,21.01,1200,490000,2015
7018,BMW,X5,5,85000,Diesel,Automatic,15.97,3000,3600000,2007
10594,BMW,5,6,65000,Diesel,Automatic,18.12,2000,2300000,2007
10858,Maruti,Wagon R,8,61154,Petrol,Manual,20.51,1000,255000,1999
8300,Honda,City,6,46046,Petrol,Manual,17.4,1500,625000,1998
8169,Honda,City,6,38200,Petrol,Manual,17.4,1500,589000,1998
5582,Maruti,Wagon R,4,82000,Petrol,Manual,18.9,1000,410000,1999
7529,Maruti,Swift Dzire,5,80000,Diesel,Manual,26.59,1250,550000,2008
1762,Toyota,Innova,7,69000,Diesel,Manual,12.8,2500,1120000,2005
5175,Hyundai,i20,9,76950,Diesel,Manual,21.9,1400,450000,2008
8100,Renault,KWID,1,25000,Petrol,Manual,23.01,1000,300000,2015
15132,Ford,Figo,8,63000,Diesel,Manual,20.0,1400,345000,2010
9445,Audi,A6,5,20010,Diesel,Automatic,18.53,2000,2800000,2005
14748,Maruti,Wagon R,12,20000,Petrol,Manual,18.9,1100,200000,1999
2174,Honda,WR-V,4,27724,Petrol,Manual,17.5,1200,750000,2017
7030,Hyundai,Creta,2,15000,Petrol,Manual,15.8,1600,1200000,2015
6049,Toyota,Innova,12,220000,Diesel,Manual,12.8,2500,500000,2005
13777,Hyundai,i10,13,51000,Petrol,Manual,19.81,1100,175000,2007
11705,Maruti,Swift,6,82000,Petrol,Manual,16.1,1200,480000,2005
1486,Tata,Tiago,2,3000,Petrol,Manual,23.84,1200,550000,2016
11255,Maruti,Alto,12,73000,Petrol,Manual,19.7,800,135000,2000
14539,Maruti,Ertiga,8,120000,Diesel,Manual,20.77,1250,600000,2012
1647,Mercedes-Benz,E-Class,10,66000,Diesel,Automatic,14.21,2100,925000,1996
7606,Toyota,Fortuner,3,60000,Diesel,Automatic,12.9,2800,3000000,2009
6187,Mahindra,KUV,5,87500,Diesel,Manual,25.32,1200,350000,2016
14096,BMW,5,9,32000,Diesel,Automatic,18.48,2000,1600000,2007
2540,Mahindra,KUV100,4,12950,Petrol,Manual,18.15,1200,399000,2016
13412,Toyota,Innova,5,56875,Diesel,Manual,13.68,2400,1850000,2005
8945,Maruti,Swift,6,25000,Petrol,Manual,20.4,1200,460000,2005
4084,Honda,Amaze,7,67000,Diesel,Manual,25.8,1500,475000,2013
12725,Mahindra,Bolero,5,60240,Diesel,Manual,15.96,2500,665000,2000
8009,Mahindra,XUV500,3,40000,Diesel,Manual,15.1,2200,1500000,2011
1120,Maruti,Baleno,2,5808,Petrol,Manual,21.01,1200,750000,2015
14570,Honda,Amaze,6,77000,Diesel,Manual,25.8,1500,465000,2013
11221,Maruti,Vitara,4,61000,Diesel,Manual,24.3,1250,654000,2016
10968,Hyundai,Grand,5,45000,Petrol,Manual,18.9,1200,420000,2013
1634,Toyota,Camry,11,47000,Petrol,Manual,13.4,2400,475000,2002
6180,Hyundai,i20,3,20773,Petrol,Manual,18.6,1200,700000,2008
3924,Volkswagen,Vento,6,56000,Petrol,Automatic,18.19,1200,750000,2010
206,Audi,A4,5,55000,Petrol,Automatic,17.84,1400,1851000,2008
4632,Datsun,RediGO,3,40000,Petrol,Manual,22.5,1000,350000,2016
5533,Ford,Freestyle,3,24000,Diesel,Manual,24.4,1500,750000,2018
12811,Volkswagen,Vento,9,98078,Diesel,Manual,20.54,1600,451000,2010
9599,Hyundai,i20,9,42000,Diesel,Manual,21.9,1400,275000,2008
6128,Tata,Harrier,2,13000,Diesel,Manual,17.0,2000,1700000,2019
7397,Mahindra,Bolero,4,59170,Diesel,Manual,16.5,1500,595000,2000
4104,Maruti,Alto,3,35000,Petrol,Manual,23.95,1000,350000,2000
13151,Hyundai,Verna,11,100000,Petrol,Manual,16.2,1600,300000,2006
14358,Maruti,Alto,15,80000,Petrol,Manual,19.7,800,100000,2000
3072,Honda,Amaze,8,57239,Petrol,Manual,18.0,1200,425000,2013
4316,Hyundai,Verna,4,40500,Diesel,Manual,22.0,1600,845000,2006
1904,Toyota,Innova,11,191876,Diesel,Manual,12.8,2500,670000,2005
13589,Hyundai,i20,5,49000,Petrol,Manual,18.6,1200,695000,2008
10888,Honda,City,4,45000,Petrol,Automatic,18.0,1500,990000,1998
8940,Hyundai,Grand,6,69000,Petrol,Automatic,18.9,1200,475000,2013
13343,Toyota,Innova,6,71000,Diesel,Manual,12.99,2500,1275000,2005
2550,Volkswagen,Vento,10,164000,Diesel,Manual,20.54,1600,350000,2010
11980,Hyundai,Verna,3,30000,Petrol,Manual,17.0,1600,915000,2006
8408,Renault,Duster,9,130000,Diesel,Manual,20.46,1500,440000,2012
8805,Maruti,Wagon R,9,60000,Petrol,Manual,18.9,1000,235000,1999
4117,Renault,KWID,3,9200,Petrol,Manual,23.01,1000,450000,2015
2279,Volkswagen,Polo,7,27363,Petrol,Automatic,17.21,1200,618000,2010
2719,Toyota,Innova,6,114000,Diesel,Manual,12.99,2500,1275000,2005
12007,Maruti,Baleno,5,55368,Diesel,Manual,27.39,1250,690000,2015
10742,Toyota,Innova,4,46000,Diesel,Automatic,11.36,2800,1870000,2005
8244,Maruti,Ertiga,6,58000,Diesel,Manual,20.77,1250,750000,2012
3366,BMW,X5,13,61000,Diesel,Automatic,11.0,3000,1975000,2007
8480,Maruti,Alto,4,60000,Petrol,Manual,24.7,800,250000,2000
11909,Honda,City,5,48200,Petrol,Automatic,18.0,1500,825000,1998
518,Maruti,Wagon R,6,120000,Petrol,Manual,20.51,1000,300000,1999
3913,Hyundai,i10,9,41000,Petrol,Automatic,19.2,1200,385000,2007
14531,Ford,Ecosport,5,125000,Diesel,Manual,22.77,1500,725000,2013
2374,Maruti,Alto,4,15798,Petrol,Manual,23.95,1000,365000,2000
10660,Maruti,Swift,1,21005,Petrol,Manual,21.21,1200,645000,2005
13876,Maruti,Baleno,4,9000,Petrol,Manual,21.4,1200,595000,2015
10238,Mahindra,KUV,5,52000,Petrol,Manual,18.15,1200,400000,2016
1657,Hyundai,Grand,6,38597,Diesel,Manual,24.0,1100,491000,2013
3080,Hyundai,Grand,4,41000,Petrol,Manual,18.9,1200,520000,2013
5270,BMW,3,8,105000,Diesel,Automatic,18.88,2000,1465000,2007
11212,Hyundai,Creta,4,48000,Diesel,Manual,20.5,1600,985000,2015
2221,Maruti,Wagon R,10,48000,Petrol,Manual,21.79,1000,245000,1999
1658,Maruti,Alto,9,53800,"Others (CNG,LPG)",Manual,26.83,800,235000,2000
3103,Mahindra,Thar,3,32707,Diesel,Manual,16.55,2500,835000,2010
8621,Maruti,Wagon R,6,25000,Petrol,Manual,18.9,1000,350000,1999
759,Skoda,Rapid,4,59000,Petrol,Automatic,14.3,1600,599000,2011
9147,Maruti,Swift,9,62000,Petrol,Manual,18.6,1200,340000,2005
287,Maruti,Ertiga,7,48242,Diesel,Manual,20.77,1250,524000,2012
258,Maruti,Swift Dzire,4,50000,Diesel,Manual,28.4,1250,680000,2008
8931,Hyundai,i10,9,45160,Petrol,Manual,20.36,1200,250000,2007
1295,Maruti,Ertiga,1,4500,Petrol,Manual,19.01,1500,830000,2012
5692,Volkswagen,Polo,8,55000,Petrol,Manual,15.26,1600,495000,2010
2975,Maruti,Ciaz,3,35000,Diesel,Manual,26.32,1500,755000,2014
1268,Audi,Q7,8,85000,Diesel,Automatic,12.07,3000,2090000,2006
1697,Maruti,Wagon R,9,42710,Petrol,Manual,18.9,1000,285000,1999
15194,Volkswagen,Polo,10,21000,Petrol,Manual,16.47,1200,285000,2010
8772,Toyota,Innova,6,950000,Diesel,Manual,12.99,2500,950000,2005
14865,Hyundai,i10,11,70000,Petrol,Manual,20.36,1200,300000,2007
14982,Tata,Safari,8,90000,Diesel,Manual,14.0,2200,490000,1998
4594,Toyota,Fortuner,5,120000,Diesel,Manual,12.55,3000,1800000,2009
11539,Maruti,Swift Dzire,3,36725,Petrol,Automatic,21.21,1200,725000,2008
13407,Hyundai,Creta,3,65000,Diesel,Automatic,17.01,1600,1421000,2015
857,Maruti,Wagon R,10,53000,Petrol,Manual,20.51,1000,275000,1999
185,Honda,City,10,55000,Petrol,Manual,16.9,1500,350000,1998
11633,Toyota,Innova,10,213141,Diesel,Manual,12.8,2500,775000,2005
5704,Mahindra,XUV500,5,129615,Diesel,Manual,16.0,2200,1300000,2011
269,Hyundai,Verna,8,50000,Petrol,Manual,17.01,1600,510000,2006
4694,Hyundai,Grand,5,21689,Petrol,Automatic,18.9,1200,600000,2013
7423,Honda,City,2,21000,Diesel,Manual,25.6,1500,1050000,1998
14529,Honda,Amaze,5,40000,Petrol,Automatic,15.5,1200,400000,2013
13047,Hyundai,Creta,4,70000,Diesel,Manual,21.38,1400,830000,2015
12560,Honda,City,4,28000,Petrol,Manual,17.4,1500,880000,1998
9051,BMW,X3,8,73000,Diesel,Automatic,16.09,2000,2175000,2007
1828,Renault,KWID,4,16000,Petrol,Manual,23.01,1000,315000,2015
1039,Toyota,Fortuner,4,50000,Petrol,Automatic,10.26,2700,2700000,2009
4864,Hyundai,Grand,8,58000,Diesel,Manual,24.0,1100,399000,2013
14504,Toyota,Innova,3,79774,Diesel,Manual,13.68,2400,1280000,2005
1369,Maruti,Wagon R,11,61000,Petrol,Manual,20.51,1000,195000,1999
1600,Skoda,Rapid,7,34000,Diesel,Manual,20.5,1600,485000,2011
7290,Mercedes-Benz,E-Class,7,10000,Diesel,Automatic,13.0,2100,3600000,1996
4782,Hyundai,Grand,5,100000,Petrol,Manual,18.9,1200,430000,2013
2790,Maruti,Alto,4,9122,Petrol,Manual,24.7,800,323000,2000
10211,Volkswagen,Polo,6,30000,Petrol,Automatic,17.21,1200,699000,2010
13375,Maruti,Celerio,3,20000,"Others (CNG,LPG)",Manual,31.79,1000,510000,2014
282,Mercedes-Benz,E-Class,9,58000,Petrol,Manual,12.3,1800,1250000,1996
14058,Maruti,Wagon R,5,24000,Petrol,Manual,21.79,1000,450000,1999
2673,Volkswagen,Vento,10,59526,Diesel,Manual,20.54,1600,375000,2010
5921,Volkswagen,Polo,6,72477,Petrol,Manual,16.47,1200,465000,2010
5763,Skoda,Rapid,6,85000,Diesel,Manual,20.5,1600,575000,2011
3749,Maruti,Ertiga,3,74000,Diesel,Manual,24.2,1500,964000,2012
14994,Skoda,Superb,7,36803,Petrol,Automatic,13.7,1800,1125000,2004
15297,Maruti,Wagon R,3,4500,Petrol,Manual,20.51,1000,480000,1999
10792,Honda,City,7,51000,Diesel,Manual,24.1,1500,490000,1998
14028,Mahindra,Bolero,8,110000,Diesel,Manual,15.96,2500,420000,2000
6898,Renault,KWID,5,60000,Petrol,Manual,25.17,800,270000,2015
1948,Mercedes-Benz,S-Class,10,90000,Diesel,Automatic,13.5,3000,1839000,1994
12044,Maruti,Swift Dzire,4,28221,Petrol,Manual,22.0,1200,680000,2008
8756,Maruti,Swift Dzire,2,9900,Diesel,Manual,28.4,1250,750000,2008
14723,Hyundai,Verna,2,28000,Diesel,Manual,22.0,1600,1080000,2006
9583,BMW,3,6,49000,Diesel,Automatic,18.88,2000,1890000,2007
659,Toyota,Camry,5,32000,Petrol,Automatic,19.16,2500,2300000,2002
11592,Hyundai,i10,8,32545,Petrol,Manual,20.36,1200,325000,2007
7593,Hyundai,Creta,5,37895,Diesel,Manual,21.38,1400,709000,2015
13300,Honda,City,5,88102,Diesel,Manual,26.0,1500,685000,1998
11735,Mahindra,XUV500,3,31324,Diesel,Manual,16.0,2200,1685000,2011
5810,Volkswagen,Polo,6,40000,Diesel,Manual,20.14,1500,450000,2010
6123,Jeep,Compass,4,23450,Diesel,Manual,16.3,2000,1500000,2017
5855,Hyundai,Creta,4,79000,Diesel,Manual,19.67,1600,1100000,2015
4872,Toyota,Fortuner,3,9000,Diesel,Automatic,12.9,2800,3400000,2009
10323,Volkswagen,Polo,6,33000,Petrol,Manual,16.2,1200,475000,2010
81,Maruti,Baleno,5,52000,Petrol,Manual,21.01,1200,575000,2015
14394,Maruti,Alto,6,16000,Petrol,Automatic,23.95,1000,388000,2000
14230,Maruti,Ertiga,6,40000,Diesel,Manual,24.52,1250,800000,2012
4014,BMW,5,6,120000,Diesel,Automatic,14.69,3000,2200000,2007
9423,Datsun,RediGO,5,36000,Petrol,Manual,22.7,800,235000,2016
15034,Audi,A4,9,80000,Diesel,Automatic,17.11,2000,1100000,2008
10799,Honda,City,11,65000,Petrol,Manual,17.0,1500,350000,1998
9303,Maruti,Celerio,5,2000,Petrol,Automatic,23.1,1000,466000,2014
10405,Maruti,Wagon R,7,20000,Petrol,Manual,20.51,1000,300000,1999
10847,Hyundai,Venue,2,10000,Petrol,Manual,18.27,1000,870000,2019
9808,Hyundai,Grand,3,36000,Petrol,Manual,18.9,1200,520000,2013
3582,Maruti,Eeco,8,39600,Petrol,Manual,15.37,1200,300000,2010
10721,Honda,City,4,41000,Petrol,Manual,17.8,1500,750000,1998
3089,Maruti,Swift Dzire,11,78000,Diesel,Manual,19.3,1250,310000,2008
10334,Renault,KWID,5,27000,Petrol,Manual,25.17,800,265000,2015
14827,Volkswagen,Polo,5,31000,Petrol,Manual,16.47,1200,685000,2010
7368,Hyundai,i20,4,110000,Diesel,Manual,22.54,1400,670000,2008
4704,Ford,Figo,6,120000,Diesel,Manual,20.0,1400,360000,2010
5392,Hyundai,i10,11,90000,Petrol,Manual,20.36,1200,275000,2007
1222,Maruti,Alto,10,39513,Petrol,Manual,23.95,1000,200000,2000
10434,Maruti,Ciaz,5,42676,Diesel,Manual,28.09,1250,610000,2014
10168,Ford,Ecosport,4,40600,Diesel,Manual,23.0,1500,815000,2013
6380,Maruti,Wagon R,14,89000,Petrol,Manual,18.9,1000,185000,1999
11173,Mahindra,XUV500,6,80000,Diesel,Manual,15.1,2200,780000,2011
1605,Hyundai,Grand,8,30000,Petrol,Manual,18.9,1200,320000,2013
12123,Maruti,Swift Dzire,4,8000,Petrol,Manual,22.0,1200,645000,2008
3295,Maruti,Alto,11,11000,"Others (CNG,LPG)",Manual,26.83,800,185000,2000
7447,Maruti,Wagon R,6,32000,Petrol,Manual,20.51,1000,320000,1999
8700,Maruti,Swift,11,42500,Diesel,Manual,25.2,1250,219000,2005
811,Maruti,Alto,18,90000,Petrol,Manual,19.7,800,80000,2000
10391,Ford,Aspire,5,55000,Diesel,Manual,25.83,1500,435000,2015
13378,Tata,Nexon,3,60000,Petrol,Manual,17.0,1200,600000,2017
4535,Ford,Figo,11,67000,Diesel,Manual,20.0,1400,275000,2010
793,Tata,Tiago,4,35000,Petrol,Manual,23.84,1200,380000,2016
6203,Toyota,Innova,6,73000,Diesel,Manual,12.99,2500,1050000,2005
46,Maruti,Wagon R,3,53237,"Others (CNG,LPG)",Manual,26.6,1000,410000,1999
973,BMW,7,13,70000,Petrol,Automatic,8.45,3000,750000,2002
7753,Maruti,Swift Dzire,11,68500,Diesel,Manual,19.3,1250,180000,2008
5272,Renault,KWID,6,74675,Petrol,Manual,25.17,800,284000,2015
10745,Maruti,Celerio,3,47000,Petrol,Automatic,21.63,1000,525000,2014
1596,Ford,Ecosport,2,15000,Petrol,Automatic,14.8,1500,1145000,2013
7617,Maruti,Ignis,3,43000,Petrol,Manual,20.89,1200,500000,2017
12728,BMW,X3,8,65000,Diesel,Automatic,16.09,2000,2150000,2007
817,Honda,City,8,74000,Petrol,Manual,16.9,1500,580000,1998
10653,Mercedes-Benz,C-Class,9,37000,Diesel,Automatic,14.84,2100,1225000,2001
6750,Maruti,Swift,4,59000,Diesel,Manual,28.4,1250,700000,2005
2051,Hyundai,i10,7,73000,Petrol,Manual,20.36,1200,345000,2007
2990,Maruti,Swift,4,14000,Petrol,Manual,20.4,1200,500000,2005
5468,Maruti,Alto,5,35000,Petrol,Manual,22.74,800,280000,2000
3215,Maruti,Ertiga,4,45000,Petrol,Manual,17.5,1400,760000,2012
15286,Hyundai,Grand,3,18000,Petrol,Manual,18.9,1200,515000,2013
4329,Maruti,Wagon R,6,70000,Petrol,Manual,21.5,1200,340000,1999
3012,Toyota,Innova,4,60100,Diesel,Automatic,11.36,2800,1750000,2005
2735,Maruti,Ciaz,6,67181,Diesel,Manual,26.21,1250,679000,2014
5480,Datsun,RediGO,5,50000,Petrol,Manual,22.7,800,235000,2016
14245,Hyundai,Verna,6,75000,Petrol,Automatic,15.74,1600,700000,2006
13358,Maruti,Alto,4,23765,Petrol,Manual,23.95,1000,400000,2000
7177,Hyundai,Creta,4,195000,Diesel,Automatic,17.01,1600,1100000,2015
9694,Honda,Amaze,4,51000,Petrol,Manual,17.8,1200,600000,2013
13901,Maruti,Ciaz,5,72000,Diesel,Manual,28.09,1250,560000,2014
11358,BMW,3,10,69000,Diesel,Automatic,13.2,2000,775000,2007
10302,Maruti,Ciaz,4,46991,Diesel,Manual,28.09,1250,703000,2014
7976,Audi,A4,7,15000,Diesel,Automatic,14.94,3000,2100000,2008
7125,Volkswagen,Vento,8,44000,Diesel,Manual,20.54,1600,365000,2010
5072,Maruti,Alto,5,62000,Petrol,Manual,22.74,800,295000,2000
10060,Maruti,Swift,6,30041,Petrol,Manual,21.21,1200,390000,2005
1292,Hyundai,Creta,4,51000,Diesel,Manual,22.1,1400,875000,2015
3027,Maruti,Baleno,4,21900,Petrol,Automatic,19.56,1200,700000,2015
13932,Maruti,Swift Dzire,6,80000,Diesel,Manual,26.59,1250,575000,2008
1372,Mercedes-Benz,C-Class,5,19000,Diesel,Automatic,19.27,2100,2500000,2001
10709,Hyundai,Verna,3,3700,Diesel,Manual,23.9,1600,1220000,2006
7938,Maruti,Alto,7,37779,Petrol,Manual,24.7,800,220000,2000
12314,BMW,X1,5,30000,Diesel,Automatic,20.68,2000,2200000,2010
2768,Maruti,Alto,12,55274,Petrol,Manual,19.7,800,145000,2000
800,Tata,Safari,9,94000,Diesel,Manual,13.93,2200,250000,1998
9009,Volkswagen,Vento,7,68000,Diesel,Manual,20.54,1600,375000,2010
6135,Hyundai,i20,5,60000,Diesel,Manual,22.54,1400,630000,2008
13333,Honda,City,5,88000,Diesel,Manual,26.0,1500,650000,1998
2670,Mercedes-Benz,E-Class,11,70000,Petrol,Automatic,10.93,2500,1000000,1996
5745,Maruti,Alto,6,29678,Petrol,Manual,22.74,800,299000,2000
15001,Honda,City,12,120000,Petrol,Manual,17.0,1500,350000,1998
12627,Toyota,Fortuner,7,151768,Diesel,Automatic,12.55,3000,1550000,2009
1196,Maruti,Celerio,7,110000,Petrol,Automatic,23.1,1000,250000,2014
13536,Ford,Figo,10,80000,Diesel,Manual,20.0,1400,270000,2010
14137,Maruti,Celerio,4,28960,Petrol,Automatic,23.1,1000,475000,2014
150,Maruti,Swift Dzire,8,50205,Diesel,Manual,23.4,1250,390000,2008
8898,Honda,Civic,14,60000,Petrol,Manual,13.5,1800,200000,2006
5890,Maruti,Celerio,6,35330,Diesel,Manual,27.62,800,489000,2014
4630,Maruti,Eeco,5,55000,Petrol,Manual,15.37,1200,355000,2010
14243,Hyundai,i20,4,35000,Petrol,Manual,18.6,1200,550000,2008
15086,Ford,Figo,10,69000,Petrol,Manual,15.6,1200,235000,2010
136,Hyundai,i20,6,30000,Petrol,Manual,18.6,1200,500000,2008
10360,Ford,Freestyle,1,3957,Petrol,Manual,19.0,1200,570000,2018
5355,Mahindra,XUV500,4,58500,Diesel,Manual,16.0,2200,1090000,2011
4523,Maruti,Alto,9,55230,Petrol,Manual,23.95,1000,273000,2000
15136,Maruti,Alto,8,50000,Petrol,Manual,22.74,800,280000,2000
8818,Hyundai,Verna,2,15000,Petrol,Automatic,17.0,1600,1250000,2006
14128,Hyundai,i20,11,64000,Petrol,Manual,18.5,1200,375000,2008
10869,Ford,Endeavour,2,18000,Diesel,Automatic,10.91,3200,2725000,2003
2497,Maruti,Baleno,5,20000,Petrol,Automatic,21.4,1200,625000,2015
10785,Honda,City,12,45000,Petrol,Automatic,16.8,1500,295000,1998
145,Hyundai,Verna,6,9100,Petrol,Manual,17.01,1600,650000,2006
689,Honda,City,4,32440,Petrol,Manual,17.4,1500,785000,1998
7714,Honda,Jazz,12,78435,Petrol,Manual,18.7,1200,300000,2009
7326,Renault,KWID,2,30000,Petrol,Manual,23.01,1000,350000,2015
7225,Maruti,Alto,13,110000,Petrol,Manual,19.7,800,85000,2000
4318,Hyundai,Creta,3,19000,Diesel,Manual,20.5,1600,1310000,2015
3062,Maruti,Celerio,4,39400,"Others (CNG,LPG)",Manual,31.79,1000,475000,2014
14985,Maruti,Wagon R,11,80000,Petrol,Manual,18.9,1000,163000,1999
731,Maruti,Ertiga,2,25000,Petrol,Automatic,18.69,1500,900000,2012
12253,Mahindra,Scorpio,3,35000,Diesel,Manual,16.36,2200,1200000,2002
10553,Mercedes-Benz,E-Class,6,65000,Diesel,Automatic,13.0,3000,2490000,1996
11799,Maruti,Swift Dzire,4,40000,Petrol,Manual,21.21,1200,650000,2008
14636,Maruti,Swift Dzire,7,60000,Petrol,Manual,19.1,1200,560000,2008
4137,Maruti,Alto,9,67000,Petrol,Manual,19.7,800,235000,2000
13349,Hyundai,Grand,5,28000,Petrol,Manual,18.9,1200,495000,2013
11396,Renault,Duster,8,90000,Diesel,Manual,19.01,1500,349000,2012
1276,Maruti,Celerio,7,23970,Petrol,Manual,23.1,1000,350000,2014
6868,Skoda,Octavia,18,120340,Diesel,Manual,18.7,1900,200000,2001
5477,Hyundai,i10,13,20000,Petrol,Manual,19.81,1100,230000,2007
13054,Hyundai,i20,3,35000,Diesel,Manual,22.54,1400,700000,2008
5258,Hyundai,Grand,2,14500,Petrol,Manual,18.9,1200,565000,2013
4687,Maruti,Celerio,6,71500,Petrol,Manual,23.1,1000,295000,2014
3016,Maruti,Ertiga,9,90339,Petrol,Manual,16.02,1400,495000,2012
11446,Mahindra,Scorpio,6,83000,Diesel,Manual,15.4,2000,850000,2002
9809,Hyundai,i20,5,22000,Petrol,Manual,18.6,1200,549000,2008
5300,BMW,3,3,44000,Diesel,Automatic,22.69,2000,3400000,2007
10620,Ford,Ecosport,5,72000,Diesel,Manual,21.7,1500,660000,2013
2524,Tata,Tigor,3,10000,Petrol,Manual,20.3,1200,650000,2017
228,Ford,Ecosport,5,78247,Diesel,Manual,21.7,1500,545000,2013
6331,Maruti,Alto,9,21001,Petrol,Manual,20.92,1000,265000,2000
3783,Tata,Tiago,3,2500,Petrol,Automatic,23.84,1200,495000,2016
1551,Datsun,GO,5,30000,Petrol,Manual,19.44,1200,450000,2014
5774,Hyundai,Verna,8,61827,Diesel,Automatic,22.32,1600,711000,2006
216,Ford,Aspire,6,42000,Diesel,Manual,25.83,1500,390000,2015
12684,Mercedes-Benz,S-Class,10,49000,Diesel,Automatic,13.5,3000,1700000,1994
9577,Hyundai,Santro,9,40000,Petrol,Manual,17.92,1100,250000,1998
13692,Hyundai,Grand,4,21065,Petrol,Manual,18.9,1200,575000,2013
879,Skoda,Rapid,8,52000,Petrol,Manual,15.0,1600,425000,2011
10130,Skoda,Rapid,9,80000,Petrol,Manual,15.0,1600,295000,2011
13491,Honda,Amaze,6,71572,Diesel,Manual,25.8,1500,455000,2013
4961,Volkswagen,Polo,5,146000,Petrol,Manual,18.78,1200,350000,2010
1717,Jeep,Compass,3,40000,Diesel,Manual,17.1,2000,1650000,2017
8237,Audi,A4,11,74000,Diesel,Automatic,17.11,2000,1100000,2008
10915,Maruti,Swift,6,52000,Diesel,Manual,25.2,1250,415000,2005
4087,Maruti,Alto,8,66516,Petrol,Manual,22.74,800,220000,2000
2605,Renault,KWID,6,45006,Petrol,Manual,25.17,800,269000,2015
12011,Mahindra,KUV,4,30000,Petrol,Manual,18.15,1200,400000,2016
7427,Maruti,Wagon R,6,37564,Petrol,Manual,18.9,1000,330000,1999
3846,Maruti,Swift,7,117962,Diesel,Manual,25.2,1250,480000,2005
584,Hyundai,Creta,4,48000,Diesel,Manual,19.67,1600,990000,2015
14452,Mahindra,XUV500,9,74000,Diesel,Manual,15.1,2200,775000,2011
5525,Renault,Duster,5,75000,Diesel,Automatic,19.6,1500,730000,2012
9814,Maruti,Ertiga,4,2100,Petrol,Manual,19.01,1500,725000,2012
11371,Maruti,Ertiga,3,13315,Petrol,Manual,19.01,1500,725000,2012
1085,Hyundai,i20,7,60000,Diesel,Manual,22.54,1400,400000,2008
10682,Toyota,Innova,3,11000,Diesel,Automatic,11.36,2800,2275000,2005
9517,Mercedes-Benz,C-Class,9,63000,Petrol,Automatic,11.74,1800,1275000,2001
4334,Ford,Figo,8,59000,Diesel,Manual,20.0,1400,410000,2010
9734,Hyundai,Creta,6,70000,Diesel,Manual,19.67,1600,890000,2015
2919,Maruti,Ciaz,3,31000,Petrol,Manual,20.65,1500,799000,2014
8690,Maruti,Alto,15,90000,Petrol,Manual,19.7,800,110000,2000
14634,Hyundai,Elantra,7,77000,Diesel,Automatic,19.5,1600,795000,2004
14093,Skoda,Rapid,2,20000,Petrol,Automatic,14.84,1600,950000,2011
11833,Maruti,Swift Dzire,5,68000,Diesel,Manual,26.59,1250,475000,2008
12718,Maruti,Alto,5,60000,Petrol,Manual,23.95,1000,280000,2000
1876,Tata,Tiago,4,20000,Petrol,Manual,23.84,1200,490000,2016
5008,Maruti,Swift Dzire,5,110000,Diesel,Manual,26.59,1250,535000,2008
6967,Maruti,Vitara,5,75000,Diesel,Manual,24.3,1250,825000,2016
1137,Hyundai,i20,4,35000,Petrol,Manual,17.19,1200,600000,2008
1318,Tata,Tigor,2,50000,Diesel,Manual,24.7,1050,400000,2017
8809,Maruti,Wagon R,18,150000,Petrol,Manual,18.9,1000,65000,1999
5896,Maruti,Celerio,3,8300,Petrol,Manual,23.1,1000,450000,2014
9865,Maruti,Baleno,3,32000,Diesel,Manual,27.39,1250,615000,2015
15084,Mahindra,Bolero,12,97000,Diesel,Manual,13.6,2500,198000,2000
1455,Toyota,Fortuner,10,127000,Diesel,Manual,11.5,3000,1050000,2009
2187,Maruti,Swift,3,16000,Petrol,Manual,22.0,1200,700000,2005
2325,Toyota,Innova,3,27000,Diesel,Automatic,11.36,2800,1845000,2005
1610,Mahindra,XUV500,6,110000,Diesel,Manual,16.0,2200,1300000,2011
6531,Maruti,Alto,5,50000,Petrol,Manual,23.95,1000,340000,2000
12770,Audi,A6,7,44000,Diesel,Automatic,17.68,2000,1751000,2005
14342,Mercedes-Benz,C-Class,10,22800,Petrol,Automatic,11.74,1800,1350000,2001
7471,Ford,Figo,6,61879,Diesel,Manual,20.0,1400,450000,2010
9578,Honda,City,1,4600,Petrol,Manual,17.8,1500,1175000,1998
14215,Maruti,Alto,11,100000,Petrol,Manual,19.7,800,180000,2000
11534,Maruti,Swift Dzire,10,83000,Petrol,Manual,17.5,1300,220000,2008
3395,Maruti,Swift Dzire,7,55000,Petrol,Manual,20.85,1200,500000,2008
3387,Maruti,Vitara,4,70000,Diesel,Manual,24.3,1250,750000,2016
2290,Hyundai,Elantra,5,29000,Diesel,Automatic,19.5,1600,1351000,2004
1676,Maruti,Alto,9,43000,Petrol,Manual,19.7,800,230000,2000
3819,Mahindra,XUV500,6,42000,Diesel,Manual,15.1,2200,950000,2011
5928,Volkswagen,Vento,9,122628,Diesel,Manual,20.54,1600,320000,2010
10710,Hyundai,i20,9,41890,Petrol,Manual,17.0,1200,300000,2008
4826,Volkswagen,Vento,3,33000,Diesel,Automatic,21.21,1500,925000,2010
6617,Renault,KWID,5,35000,Petrol,Manual,25.17,800,310000,2015
6976,Maruti,Ciaz,5,28963,Diesel,Manual,28.09,1250,600000,2014
2776,Maruti,Swift Dzire,8,56694,Petrol,Manual,19.1,1200,435000,2008
2573,Maruti,Eeco,5,16000,Petrol,Manual,15.37,1200,385000,2010
13709,Tata,Tiago,2,20000,Petrol,Manual,23.84,1200,550000,2016
11137,Maruti,Alto,7,62488,Petrol,Manual,20.92,1000,235000,2000
13353,Maruti,Swift,5,85263,Diesel,Manual,25.2,1250,550000,2005
11372,Mercedes-Benz,S-Class,7,90000,Diesel,Automatic,13.5,3000,3000000,1994
2652,Maruti,Ertiga,6,50000,Diesel,Manual,20.77,1250,707000,2012
14625,Hyundai,Verna,8,60000,Petrol,Manual,17.01,1600,420000,2006
5439,Maruti,Baleno,2,14000,Petrol,Automatic,19.56,1200,910000,2015
15024,Hyundai,Verna,9,70000,Diesel,Manual,22.32,1600,600000,2006
12086,Honda,Amaze,5,70000,Petrol,Manual,18.0,1200,550000,2013
2559,Hyundai,Elantra,8,34800,Petrol,Automatic,14.5,1800,675000,2004
13195,Ford,Freestyle,2,17000,Petrol,Manual,19.0,1200,630000,2018
2783,Maruti,Baleno,6,59769,Petrol,Automatic,19.56,1200,575000,2015
990,Mahindra,Scorpio,9,147000,Diesel,Manual,14.0,2500,500000,2002
12719,Hyundai,Verna,7,30666,Diesel,Manual,22.32,1600,565000,2006
9446,Maruti,Alto,8,15000,Petrol,Manual,22.74,800,189000,2000
10902,Toyota,Innova,11,120000,Diesel,Manual,12.8,2500,511000,2005
11280,Mahindra,KUV,5,25000,Diesel,Manual,25.32,1200,400000,2016
5880,Hyundai,Verna,3,15000,Diesel,Manual,22.0,1600,930000,2006
920,Honda,Jazz,10,80000,Petrol,Manual,16.7,1200,250000,2009
11547,Volkswagen,Polo,6,34156,Petrol,Manual,16.47,1200,445000,2010
12767,Toyota,Innova,4,52000,Diesel,Automatic,11.36,2800,1965000,2005
4993,Maruti,Eeco,5,15000,Petrol,Manual,15.37,1200,350000,2010
5036,Toyota,Innova,5,46000,Diesel,Automatic,11.36,2800,1550000,2005
142,Hyundai,Grand,5,25000,Petrol,Manual,18.9,1200,475000,2013
654,Maruti,Ciaz,5,30000,Petrol,Manual,20.73,1400,625000,2014
13267,Hyundai,Verna,3,42700,Diesel,Manual,22.0,1600,860000,2006
8420,Honda,City,7,58719,Diesel,Manual,26.0,1500,670000,1998
7006,Honda,City,9,55000,Petrol,Manual,16.8,1500,379000,1998
1966,Volkswagen,Polo,7,70000,Petrol,Manual,16.47,1200,460000,2010
3461,BMW,7,4,26000,Diesel,Automatic,17.66,3000,6600000,2002
7117,Honda,Amaze,5,41200,Petrol,Manual,18.6,1200,349000,2013
486,Honda,Jazz,4,30000,Petrol,Manual,18.7,1200,525000,2009
9279,Maruti,Wagon R,14,90000,"Others (CNG,LPG)",Manual,17.3,1100,80000,1999
14987,Hyundai,Verna,9,70000,Diesel,Manual,23.5,1400,475000,2006
11284,Honda,Amaze,7,39337,Petrol,Manual,18.0,1200,410000,2013
7618,Maruti,Ignis,4,15000,Petrol,Manual,20.89,1200,475000,2017
678,Volkswagen,Polo,7,51000,Diesel,Manual,20.14,1500,395000,2010
12143,Mahindra,Bolero,11,40000,Diesel,Manual,13.6,2500,380000,2000
1246,Mahindra,Bolero,13,90000,Diesel,Manual,13.6,2500,230000,2000
14105,Maruti,Swift,2,25000,Petrol,Manual,21.21,1200,500000,2005
13257,Honda,WR-V,4,65000,Diesel,Manual,25.5,1500,800000,2017
14446,Tata,Nexon,4,20000,Petrol,Manual,17.0,1200,650000,2017
7513,Tata,Tiago,2,16000,Petrol,Manual,23.84,1200,500000,2016
6848,BMW,3,5,60000,Diesel,Automatic,21.76,2000,2950000,2007
4279,Mahindra,Bolero,7,120000,Diesel,Manual,13.6,2500,625000,2000
13223,Hyundai,Verna,12,90000,Diesel,Manual,18.1,1500,290000,2006
7479,Maruti,Swift,2,12500,Petrol,Manual,21.21,1200,611000,2005
191,Maruti,Swift Dzire,12,59000,Petrol,Manual,17.5,1300,275000,2008
12226,Honda,City,4,10000,Diesel,Manual,25.6,1500,1100000,1998
10601,Maruti,Eeco,2,12000,"Others (CNG,LPG)",Manual,15.1,1200,420000,2010
9126,Hyundai,Verna,3,21734,Petrol,Manual,17.0,1600,925000,2006
1973,Mercedes-Benz,GL-Class,4,38000,Diesel,Automatic,17.9,2100,3675000,2010
3541,Tata,Nexon,3,60000,Diesel,Manual,21.5,1500,725000,2017
11337,Maruti,Swift Dzire,6,47900,Petrol,Manual,20.85,1200,410000,2008
6297,Mahindra,Scorpio,14,113434,Diesel,Manual,12.7,2600,310000,2002
822,Maruti,Swift Dzire,2,10000,Petrol,Manual,21.21,1200,640000,2008
9324,Maruti,Vitara,4,80000,Diesel,Manual,24.3,1250,815000,2016
943,Hyundai,Verna,7,70355,Diesel,Manual,22.32,1600,527000,2006
55,Volkswagen,Vento,9,77400,Diesel,Manual,20.54,1600,500000,2010
11058,Maruti,Celerio,2,40000,"Others (CNG,LPG)",Manual,30.47,1000,465000,2014
13096,Skoda,Rapid,7,50900,Petrol,Manual,15.0,1600,400000,2011
9137,Skoda,Superb,10,65000,Diesel,Automatic,18.19,2000,480000,2004
14954,BMW,7,7,48000,Diesel,Automatic,16.46,3000,3350000,2002
2860,Maruti,Swift,9,70000,Diesel,Manual,22.9,1250,499000,2005
12329,Skoda,Rapid,4,20125,Diesel,Manual,20.5,1600,800000,2011
14338,Tata,Tiago,4,30000,Petrol,Manual,23.84,1200,400000,2016
7211,Skoda,Rapid,4,50000,Diesel,Manual,21.13,1500,850000,2011
1348,Hyundai,Santro,2,11500,Petrol,Manual,20.3,1100,530000,1998
3985,Honda,City,3,29000,Diesel,Manual,25.1,1500,1100000,1998
13466,Hyundai,i10,10,30215,Petrol,Manual,20.36,1200,264000,2007
9149,Ford,Ecosport,7,46412,Diesel,Manual,21.7,1500,560000,2013
41,Mahindra,KUV100,3,17000,Petrol,Manual,18.15,1200,550000,2016
4196,Maruti,Ciaz,5,99000,Diesel,Manual,28.09,1250,651000,2014
5280,Maruti,Baleno,3,11410,Petrol,Manual,21.4,1200,725000,2015
13754,Mercedes-Benz,E-Class,11,85000,Diesel,Automatic,14.21,2100,975000,1996
7136,Ford,Ecosport,3,36000,Diesel,Manual,23.0,1500,825000,2013
4814,Honda,City,11,115000,Petrol,Manual,17.0,1500,375000,1998
5007,Maruti,Swift Dzire,8,56000,Diesel,Manual,19.3,1250,520000,2008
9698,Maruti,Swift,6,50000,Petrol,Automatic,22.0,1200,450000,2005
4688,Maruti,Swift Dzire,6,72000,Diesel,Manual,26.59,1250,695000,2008
7242,Hyundai,i20,9,74357,Petrol,Manual,17.0,1200,470000,2008
339,Maruti,Alto,9,60000,Petrol,Manual,20.92,1000,210000,2000
7789,Mahindra,KUV,0,30000,Petrol,Manual,18.15,1200,400000,2016
14390,Hyundai,Verna,3,28246,Petrol,Manual,17.7,1500,885000,2006
13625,Honda,City,11,178000,Petrol,Manual,17.0,1500,260000,1998
8868,Hyundai,Grand,7,50000,Diesel,Manual,24.0,1100,350000,2013
5121,Renault,Duster,6,145953,Diesel,Manual,20.45,1500,650000,2012
11921,Hyundai,i10,12,95721,Petrol,Manual,20.36,1200,300000,2007
4309,Maruti,Vitara,4,30000,Diesel,Manual,24.3,1250,950000,2016
6270,BMW,3,6,56000,Diesel,Automatic,19.59,2000,2675000,2007
7250,Tata,Nexon,1,5000,Petrol,Manual,17.0,1200,750000,2017
10152,Renault,Duster,6,80246,Diesel,Manual,19.87,1500,475000,2012
10960,Jaguar,XF,6,50000,Diesel,Automatic,16.36,2200,2400000,2009
3606,Maruti,Swift Dzire,2,20000,Diesel,Automatic,28.4,1250,855000,2008
3125,Toyota,Innova,9,93000,Diesel,Manual,12.99,2500,729000,2005
9452,Mahindra,XUV500,8,91000,Diesel,Manual,16.0,2200,550000,2011
14649,Mahindra,XUV500,6,140000,Diesel,Manual,16.0,2200,1050000,2011
14207,Mahindra,Scorpio,6,100000,Diesel,Manual,15.4,2500,800000,2002
2806,Maruti,Celerio,3,9522,Petrol,Automatic,21.63,1000,550000,2014
7831,Maruti,Baleno,2,4104,Petrol,Manual,21.4,1200,675000,2015
14677,Renault,KWID,3,16000,Petrol,Automatic,24.04,1000,465000,2015
4933,Hyundai,Creta,4,48001,Diesel,Manual,21.38,1400,1025000,2015
6822,Maruti,Swift,6,42994,Petrol,Manual,21.21,1200,580000,2005
4208,Maruti,Wagon R,4,41000,Petrol,Automatic,20.51,1000,435000,1999
5632,Honda,City,14,78948,Petrol,Manual,17.8,1500,327000,1998
11849,Maruti,Vitara,4,13600,Diesel,Manual,24.3,1250,825000,2016
15330,Honda,City,7,110000,Diesel,Manual,26.0,1500,490000,1998
7542,Datsun,GO,5,58000,Petrol,Manual,20.62,1200,285000,2014
5365,Hyundai,Grand,7,56000,Petrol,Manual,18.9,1200,495000,2013
7213,Mahindra,Marazzo,2,18000,Diesel,Manual,17.3,1500,1025000,2018
7065,Maruti,Ciaz,4,62320,Diesel,Manual,28.09,1250,675000,2014
4526,Skoda,Rapid,9,95000,Diesel,Manual,21.14,1500,365000,2011
309,Maruti,Celerio,4,10000,Petrol,Manual,23.1,1000,450000,2014
2061,Maruti,Celerio,5,43782,Petrol,Manual,23.1,1000,425000,2014
12082,BMW,X1,4,40800,Diesel,Automatic,17.05,2000,2700000,2010
12688,Honda,Civic,13,66000,Petrol,Manual,14.8,1800,414000,2006
14690,Maruti,Vitara,5,20000,Diesel,Manual,24.3,1250,850000,2016
2165,Maruti,Swift Dzire,13,82400,Diesel,Manual,19.3,1250,255000,2008
11688,Ford,Endeavour,5,70000,Diesel,Manual,13.5,2200,2090000,2003
9358,Hyundai,Elantra,8,90000,Petrol,Manual,16.3,1800,575000,2004
12119,Maruti,Ignis,4,35000,Petrol,Manual,20.89,1200,575000,2017
10122,Honda,Civic,13,58000,Petrol,Manual,13.5,1800,195000,2006
8817,Maruti,Wagon R,4,3192,Petrol,Manual,20.51,1000,415000,1999
7712,Maruti,Vitara,2,19910,Diesel,Automatic,24.3,1250,1050000,2016
907,Maruti,Alto,7,34000,Petrol,Manual,23.95,1000,251000,2000
15096,Maruti,Swift,14,75000,Petrol,Manual,16.1,1300,165000,2005
14594,Skoda,Rapid,8,42605,Petrol,Manual,15.0,1600,520000,2011
2380,Honda,Jazz,3,14000,Petrol,Automatic,19.0,1200,775000,2009
11106,Toyota,Innova,2,34000,Diesel,Automatic,11.36,2800,1945000,2005
853,Hyundai,Elantra,4,43500,Petrol,Automatic,14.62,2000,1245000,2004
7649,Honda,Amaze,7,43000,Diesel,Manual,25.8,1500,345000,2013
14366,Honda,City,10,80000,Petrol,Manual,17.0,1500,550000,1998
14821,Maruti,Wagon R,7,67532,"Others (CNG,LPG)",Manual,26.6,1000,315000,1999
2925,Maruti,Wagon R,3,32000,"Others (CNG,LPG)",Manual,33.54,1000,485000,1999
13835,Renault,Duster,8,90000,Diesel,Manual,19.01,1500,300000,2012
8393,Maruti,Alto,9,40000,Petrol,Manual,19.7,800,170000,2000
13290,Maruti,Celerio,6,57000,Petrol,Automatic,23.1,1000,495000,2014
6929,Ford,Figo,10,90000,Diesel,Manual,20.0,1400,230000,2010
11403,Maruti,Swift,7,58000,Petrol,Manual,18.6,1200,370000,2005
13002,Toyota,Innova,8,160000,Diesel,Manual,12.99,2500,1175000,2005
10734,Maruti,Swift,6,75000,Diesel,Manual,28.4,1250,425000,2005
13978,Maruti,Alto,13,40000,Petrol,Manual,19.7,800,100000,2000
10466,Maruti,Swift Dzire,8,78619,Petrol,Manual,19.1,1200,385000,2008
7558,Maruti,Alto,6,60000,Petrol,Manual,23.95,1000,240000,2000
11764,Toyota,Innova,2,15000,Diesel,Manual,13.68,2400,2050000,2005
14519,Hyundai,Santro,6,76300,Petrol,Manual,17.92,1100,349000,1998
3856,Hyundai,Verna,7,103247,Diesel,Manual,22.32,1600,740000,2006
14650,Maruti,Swift,9,40000,Diesel,Manual,22.9,1250,430000,2005
14619,Maruti,Ciaz,2,10000,Petrol,Automatic,20.28,1500,910000,2014
9768,Toyota,Innova,6,47000,Diesel,Manual,12.99,2500,865000,2005
5079,Hyundai,Grand,5,21986,Petrol,Manual,18.9,1200,560000,2013
12829,Maruti,Ertiga,3,13158,Petrol,Manual,17.5,1400,950000,2012
5333,Hyundai,Verna,12,110000,Petrol,Manual,13.9,1600,250000,2006
1497,Mercedes-Benz,E-Class,8,177000,Diesel,Automatic,14.21,2100,1600000,1996
10861,Maruti,Wagon R,4,25396,Petrol,Automatic,20.51,1000,410000,1999
13380,Maruti,Vitara,5,68000,Diesel,Manual,24.3,1250,660000,2016
2425,Volkswagen,Polo,5,63000,Diesel,Manual,20.14,1500,510000,2010
13112,Maruti,Alto,4,35000,Petrol,Manual,24.7,800,280000,2000
9873,Maruti,Ciaz,6,84000,Diesel,Manual,26.21,1250,550000,2014
13009,Mahindra,Scorpio,14,74000,Diesel,Manual,13.5,2200,275000,2002
15250,Honda,Jazz,6,60000,Diesel,Manual,27.3,1500,695000,2009
7001,Honda,City,13,46252,Petrol,Manual,17.7,1500,225000,1998
3974,BMW,3,5,76000,Diesel,Automatic,22.69,2000,2700000,2007
11482,Ford,Ecosport,4,15000,Petrol,Automatic,14.8,1500,800000,2013
12817,Ford,Figo,4,80000,Diesel,Manual,25.83,1500,520000,2010
4769,Maruti,Wagon R,6,20365,Petrol,Automatic,20.51,1000,400000,1999
6534,Maruti,Alto,3,4600,Petrol,Manual,22.05,800,280000,2000
3380,Volkswagen,Vento,8,120000,Petrol,Manual,15.04,1600,400000,2010
1111,Maruti,Swift,7,75727,Petrol,Manual,21.21,1200,425000,2005
1099,Volkswagen,Vento,5,60000,Diesel,Automatic,21.5,1500,640000,2010
11750,Hyundai,Grand,4,46758,Petrol,Automatic,18.9,1200,500000,2013
1841,Hyundai,Creta,3,24000,Diesel,Automatic,17.6,1600,1350000,2015
12224,Ford,Figo,9,120000,Diesel,Manual,20.0,1400,250000,2010
10895,Maruti,Vitara,4,62000,Diesel,Manual,24.3,1250,650000,2016
15118,Renault,Duster,8,90000,Diesel,Manual,19.01,1500,360000,2012
7010,Maruti,Swift Dzire,9,60000,Diesel,Manual,19.3,1250,370000,2008
9069,Hyundai,i10,12,70000,Petrol,Manual,20.36,1200,230000,2007
2935,Hyundai,i20,8,52891,Petrol,Manual,18.6,1200,450000,2008
2769,Hyundai,Santro,13,60000,Petrol,Manual,17.8,1100,135000,1998
1235,Renault,KWID,5,25000,Petrol,Manual,23.01,1000,300000,2015
9533,Maruti,Baleno,4,36000,Petrol,Automatic,21.4,1200,600000,2015
6845,Mahindra,XUV500,8,60000,Diesel,Manual,15.1,2200,544000,2011
5858,Honda,City,10,30000,Petrol,Manual,17.0,1500,400000,1998
4545,Honda,Jazz,6,40876,Petrol,Manual,16.6,1200,490000,2009
11294,Maruti,Alto,3,43063,Petrol,Manual,24.7,800,260000,2000
5644,Hyundai,i20,5,100000,Petrol,Manual,17.19,1200,550000,2008
13546,Toyota,Innova,14,94000,Diesel,Manual,12.99,2500,411000,2005
7259,Maruti,Wagon R,4,40000,"Others (CNG,LPG)",Manual,26.6,1000,330000,1999
3320,Maruti,Swift Dzire,13,40578,Diesel,Manual,19.3,1250,280000,2008
1483,Mahindra,Scorpio,6,120000,Diesel,Manual,15.4,2000,900000,2002
12698,Hyundai,Santro,10,65000,Petrol,Manual,17.92,1100,310000,1998
8203,Ford,Ecosport,2,11800,Petrol,Manual,17.0,1500,900000,2013
5593,Hyundai,Verna,13,73000,Diesel,Manual,16.8,1500,250000,2006
4339,Maruti,Swift Dzire,6,123273,Diesel,Manual,26.59,1250,410000,2008
13982,Tata,Tiago,4,31805,Petrol,Manual,23.84,1200,499000,2016
11437,Maruti,Swift,11,78300,Petrol,Manual,16.1,1200,225000,2005
1850,Tata,Tigor,3,60000,Petrol,Manual,20.3,1200,550000,2017
1932,Toyota,Fortuner,11,74000,Diesel,Manual,11.5,3000,1050000,2009
2205,Maruti,Ciaz,5,33000,Petrol,Automatic,19.12,1400,725000,2014
2460,Maruti,Eeco,6,16000,"Others (CNG,LPG)",Manual,21.94,1200,400000,2010
7192,Toyota,Fortuner,9,60000,Diesel,Manual,12.55,3000,1400000,2009
9408,Tata,Tiago,3,28000,Petrol,Automatic,23.84,1200,475000,2016
3068,Renault,KWID,3,20000,Petrol,Manual,25.17,800,365000,2015
845,Mercedes-Benz,E-Class,4,49000,Diesel,Automatic,10.0,2150,3975000,1996
2044,Maruti,Wagon R,4,18000,Petrol,Automatic,20.51,1000,475000,1999
3058,Toyota,Innova,7,115000,Diesel,Manual,12.8,2500,996000,2005
10064,Maruti,Alto,6,38000,Petrol,Manual,22.74,800,245000,2000
6167,Maruti,Alto,14,30000,Petrol,Manual,19.7,800,120000,2000
15265,Renault,KWID,4,20000,Petrol,Automatic,24.04,1000,375000,2015
12824,Hyundai,i20,3,40000,Diesel,Manual,22.54,1400,620000,2008
5668,Datsun,GO,4,23142,Petrol,Manual,19.83,1200,360000,2014
8867,Datsun,GO,1,15000,Petrol,Manual,19.02,1200,560000,2014
6369,Hyundai,Grand,7,84566,Diesel,Manual,24.0,1200,360000,2013
12704,Volkswagen,Vento,6,38000,Petrol,Automatic,16.93,1200,545000,2010
2106,Toyota,Innova,10,80000,Diesel,Manual,12.8,2500,750000,2005
4,Ford,Ecosport,6,30000,Diesel,Manual,22.77,1500,570000,2013
8433,Hyundai,Grand,6,77425,Diesel,Manual,24.0,1100,380000,2013
4798,Maruti,Swift Dzire,4,70000,Petrol,Manual,20.85,1200,475000,2008
5031,Tata,Safari,8,158000,Diesel,Manual,14.0,2200,470000,1998
8212,Hyundai,i20,9,70000,Diesel,Manual,21.9,1400,330000,2008
14530,Toyota,Fortuner,4,69403,Diesel,Manual,14.24,2800,2800000,2009
12840,Maruti,Alto,3,20000,Petrol,Manual,24.7,800,280000,2000
4357,Honda,City,5,70900,Petrol,Manual,17.0,1500,625000,1998
13825,Renault,KWID,4,25000,Petrol,Manual,23.01,1000,330000,2015
866,Toyota,Fortuner,3,39000,Diesel,Automatic,12.9,2800,3050000,2009
2426,Maruti,Swift,5,24000,Petrol,Manual,22.0,1200,521000,2005
4326,Maruti,Ciaz,3,36000,Petrol,Manual,20.73,1400,775000,2014
5563,Mercedes-Benz,E-Class,11,94000,Diesel,Automatic,14.21,2100,1350000,1996
3699,Hyundai,i20,4,40000,Petrol,Manual,18.6,1200,630000,2008
13877,Hyundai,i20,5,49515,Petrol,Manual,18.5,1200,485000,2008
11402,Hyundai,i20,4,29914,Petrol,Manual,18.6,1200,665000,2008
8679,Mahindra,Bolero,6,65211,Diesel,Manual,15.96,2500,700000,2000
14193,Mahindra,Thar,3,45000,Diesel,Manual,16.55,2500,900000,2010
7631,Maruti,Swift Dzire,4,15000,Petrol,Automatic,18.5,1200,580000,2008
13719,Maruti,Ignis,3,41000,Diesel,Manual,26.8,1250,575000,2017
11952,Skoda,Rapid,5,23000,Diesel,Automatic,21.66,1500,725000,2011
2630,Ford,Ecosport,5,125000,Diesel,Manual,22.77,1500,651000,2013
5375,Maruti,Swift Dzire,13,86379,Diesel,Manual,19.3,1250,290000,2008
11326,Maruti,Vitara,4,40000,Diesel,Manual,24.3,1250,825000,2016
6774,Mahindra,Bolero,4,57000,Diesel,Manual,16.5,1500,718000,2000
15264,Tata,Tiago,3,18000,Petrol,Automatic,23.84,1200,520000,2016
8701,Mercedes-Benz,GL-Class,9,186900,Diesel,Automatic,11.3,3000,1690000,2010
4195,Maruti,Wagon R,5,40000,Petrol,Manual,20.51,1000,325000,1999
1505,Honda,Jazz,5,34000,Petrol,Manual,18.7,1200,525000,2009
7490,Mahindra,Scorpio,5,57000,Diesel,Manual,15.4,2200,890000,2002
965,Honda,City,5,80000,Petrol,Automatic,18.0,1500,680000,1998
1133,Maruti,Wagon R,3,60000,Petrol,Manual,20.51,1000,375000,1999
13326,Maruti,Eeco,10,70000,Petrol,Manual,16.11,1200,275000,2010
1475,Maruti,Swift,6,49000,Diesel,Manual,25.2,1250,380000,2005
3868,Honda,Amaze,3,69000,Diesel,Automatic,23.8,1500,860000,2013
2110,Skoda,Octavia,4,22000,Petrol,Automatic,14.7,1800,1399000,2001
3422,Hyundai,Verna,2,14200,Petrol,Manual,17.0,1600,975000,2006
12075,Maruti,Ertiga,9,67000,Diesel,Manual,20.77,1250,585000,2012
6075,BMW,X5,11,96714,Diesel,Automatic,11.0,3000,1375000,2007
1233,Maruti,Celerio,4,25000,Petrol,Manual,23.1,1000,345000,2014
3123,Hyundai,Verna,4,28900,Petrol,Manual,17.01,1600,865000,2006
8681,Renault,KWID,4,9265,Petrol,Manual,23.01,1000,350000,2015
605,Hyundai,i10,9,73000,Petrol,Manual,19.81,1100,240000,2007
11217,Hyundai,Grand,2,12909,Petrol,Manual,18.9,1200,550000,2013
5859,Maruti,Swift,6,40000,Petrol,Manual,22.0,1200,470000,2005
13272,Hyundai,i20,6,37924,Petrol,Manual,17.0,1200,550000,2008
9804,Mahindra,XUV500,4,56000,Diesel,Manual,16.0,2200,925000,2011
8507,Ford,Freestyle,3,20000,Diesel,Manual,24.4,1500,720000,2018
5416,Maruti,Vitara,5,27200,Diesel,Manual,24.3,1250,809000,2016
14483,Maruti,Swift Dzire,6,38000,Petrol,Manual,21.21,1200,530000,2008
7035,Hyundai,Elantra,8,67000,Diesel,Manual,14.59,1500,575000,2004
986,Toyota,Innova,8,40000,Diesel,Manual,12.99,2500,850000,2005
15216,Mahindra,KUV,4,5000,Diesel,Manual,25.32,1200,550000,2016
5137,Volkswagen,Vento,9,120000,Diesel,Manual,20.54,1600,300000,2010
12135,Hyundai,i10,8,94952,Petrol,Manual,20.36,1200,395000,2007
7386,Maruti,Ertiga,8,55000,Diesel,Manual,25.47,1250,710000,2012
8262,Hyundai,i20,6,80000,Petrol,Manual,18.6,1200,500000,2008
12833,Hyundai,i20,3,25000,Petrol,Manual,17.19,1200,750000,2008
7208,Renault,KWID,2,5000,Petrol,Manual,25.17,800,375000,2015
1180,Mahindra,Thar,8,45000,Diesel,Manual,16.55,2500,545000,2010
3322,Mahindra,XUV500,6,60000,Diesel,Automatic,16.0,2200,1400000,2011
2095,Maruti,Alto,11,69000,Petrol,Manual,20.92,1000,150000,2000
400,Maruti,Swift,6,34000,Petrol,Manual,20.4,1200,400000,2005
11348,Maruti,Swift,4,90000,Diesel,Manual,25.2,1250,515000,2005
1230,Hyundai,Venue,2,3800,Petrol,Manual,18.27,1000,950000,2019
11302,Maruti,Vitara,5,26000,Diesel,Manual,24.3,1250,625000,2016
11346,Maruti,Swift Dzire,10,44070,Petrol,Manual,17.5,1200,345000,2008
6055,Maruti,Baleno,4,57241,Diesel,Manual,27.39,1250,680000,2015
8801,Ford,Ecosport,3,30000,Diesel,Manual,23.0,1500,950000,2013
13633,Hyundai,i10,12,70000,Petrol,Automatic,16.95,1200,225000,2007
3390,Maruti,Swift,8,52000,Petrol,Manual,22.0,1200,450000,2005
13736,Tata,Tigor,3,35000,Petrol,Manual,20.3,1200,500000,2017
7676,Mahindra,Scorpio,10,15000,Diesel,Manual,15.4,2200,700000,2002
9769,Mercedes-Benz,E-Class,3,22000,Diesel,Automatic,10.0,2150,4450000,1996
9877,Maruti,Ciaz,3,49000,Petrol,Automatic,19.12,1400,811000,2014
9307,Honda,Amaze,8,58000,Diesel,Manual,25.8,1500,325000,2013
5279,Mercedes-Benz,E-Class,8,25000,Diesel,Automatic,10.0,2150,2100000,1996
11659,Toyota,Fortuner,8,72000,Diesel,Manual,13.0,3000,1250000,2009
1799,Audi,A6,10,110000,Diesel,Automatic,17.68,2000,1000000,2005
12161,Honda,City,12,80000,Petrol,Automatic,16.8,1500,281000,1998
15213,Hyundai,Verna,11,50000,Diesel,Manual,16.2,1500,400000,2006
9765,Maruti,Ciaz,7,47000,Diesel,Manual,26.21,1250,495000,2014
10604,Hyundai,Grand,4,39000,Diesel,Manual,24.0,1100,395000,2013
3169,Maruti,Baleno,3,80000,Diesel,Manual,27.39,1250,700000,2015
6886,Maruti,Alto,9,25000,Petrol,Manual,20.92,1000,200000,2000
6026,Renault,KWID,4,16303,Petrol,Manual,25.17,800,350000,2015
6511,Maruti,Ertiga,2,42000,Diesel,Manual,24.52,1250,1050000,2012
3776,Mahindra,Scorpio,15,120000,Diesel,Manual,12.7,2600,300000,2002
6051,BMW,3,2,10000,Diesel,Automatic,22.69,2000,4500000,2007
4183,Ford,Ecosport,3,60000,Diesel,Manual,23.0,1500,850000,2013
5895,Ford,Ecosport,6,59636,Diesel,Manual,23.0,1500,731000,2013
10470,Honda,Civic,15,80000,Petrol,Manual,13.5,1800,150000,2006
2147,Jeep,Compass,4,21356,Diesel,Manual,17.1,2000,1645000,2017
9778,Hyundai,i20,7,63000,Diesel,Manual,23.0,1400,365000,2008
7389,Maruti,Baleno,4,35000,Petrol,Manual,21.4,1200,600000,2015
1160,Toyota,Innova,7,60000,Diesel,Manual,12.99,2500,775000,2005
2088,Hyundai,i20,3,25000,Diesel,Manual,21.19,1400,850000,2008
1225,Mahindra,XUV500,7,120000,Diesel,Manual,15.1,2200,900000,2011
11904,Toyota,Fortuner,4,44510,Diesel,Manual,14.24,2800,2975000,2009
14171,Maruti,Alto,9,90000,Petrol,Manual,20.92,1000,230000,2000
9493,Hyundai,Verna,9,74100,Petrol,Automatic,17.1,1600,450000,2006
9695,Maruti,Baleno,6,84999,Diesel,Manual,27.39,1250,515000,2015
910,Maruti,Ciaz,6,48767,Diesel,Manual,26.21,1250,681000,2014
14324,Hyundai,i20,4,11577,Petrol,Manual,18.6,1200,685000,2008
6875,Maruti,Ciaz,5,40000,Diesel,Manual,28.09,1250,850000,2014
4202,Maruti,Baleno,4,35000,Petrol,Automatic,19.56,1200,670000,2015
6302,Maruti,Swift,8,50000,Petrol,Manual,18.6,1200,475000,2005
3832,Hyundai,Grand,5,40000,Petrol,Manual,18.9,1200,485000,2013
14030,Maruti,Swift,10,150000,Diesel,Manual,22.9,1250,255000,2005
15364,Skoda,Rapid,9,75200,Diesel,Manual,20.5,1600,285000,2011
3840,Tata,Harrier,2,20000,Diesel,Manual,17.0,2000,1750000,2019
12041,BMW,X3,1,34000,Diesel,Automatic,18.56,2000,3500000,2007
15247,Toyota,Innova,9,75000,Diesel,Manual,12.99,2500,840000,2005
14100,Maruti,Vitara,3,34533,Diesel,Automatic,24.3,1250,950000,2016
7355,Audi,Q7,6,70000,Diesel,Automatic,12.07,3000,2900000,2006
3731,Skoda,Rapid,6,55300,Diesel,Automatic,21.66,1500,650000,2011
10834,Ford,Ecosport,7,28000,Petrol,Manual,15.8,1500,565000,2013
969,Maruti,Swift Dzire,3,20000,Petrol,Manual,21.21,1200,635000,2008
11448,Maruti,Swift Dzire,6,79806,Petrol,Manual,20.85,1200,430000,2008
9086,Maruti,Eeco,3,60000,"Others (CNG,LPG)",Manual,21.94,1200,350000,2010
8683,Volkswagen,Vento,7,70000,Diesel,Manual,20.34,1500,470000,2010
15385,Honda,City,10,28147,Petrol,Manual,17.0,1500,500000,1998
2155,Volkswagen,Polo,7,53000,Petrol,Automatic,17.21,1200,535000,2010
5899,Hyundai,Grand,5,60000,Petrol,Automatic,18.9,1200,400000,2013
6803,Volkswagen,Polo,9,110000,Diesel,Manual,22.07,1200,320000,2010
392,Honda,Amaze,8,73000,Diesel,Manual,25.8,1500,325000,2013
1236,Maruti,Wagon R,10,64000,"Others (CNG,LPG)",Manual,26.2,1000,225000,1999
11853,Toyota,Innova,11,123000,Diesel,Manual,12.8,2500,399000,2005
10352,Mercedes-Benz,E-Class,7,69000,Diesel,Automatic,13.0,3000,2490000,1996
7782,Honda,City,4,24024,Petrol,Manual,17.8,1500,750000,1998
663,Honda,Jazz,5,23000,Diesel,Manual,27.3,1500,525000,2009
9197,Maruti,Eeco,5,51000,"Others (CNG,LPG)",Manual,15.1,1200,291000,2010
11591,Hyundai,Grand,7,56494,Diesel,Manual,24.0,1100,390000,2013
13685,Maruti,Ertiga,9,74675,Diesel,Manual,20.77,1250,499000,2012
11992,Toyota,Fortuner,9,75000,Diesel,Automatic,12.55,3000,1175000,2009
11752,Honda,Jazz,4,20282,Petrol,Automatic,19.0,1200,775000,2009
11167,Maruti,Swift,14,65000,Petrol,Manual,22.0,1200,170000,2005
10126,Hyundai,Santro,3,30650,"Others (CNG,LPG)",Manual,30.48,1100,480000,1998
4644,Mahindra,XUV500,2,46241,Diesel,Manual,16.0,2200,1575000,2011
8608,Maruti,Wagon R,4,23967,Petrol,Manual,21.79,1000,295000,1999
10496,Mercedes-Benz,E-Class,10,55000,Diesel,Automatic,14.21,2100,950000,1996
15298,BMW,5,7,43000,Diesel,Automatic,18.12,2000,2325000,2007
9272,Toyota,Fortuner,7,80002,Diesel,Automatic,11.5,3000,1475000,2009
5067,Honda,City,6,62000,Petrol,Manual,17.8,1500,650000,1998
3878,Maruti,Vitara,4,34000,Diesel,Manual,24.3,1250,950000,2016
13604,Hyundai,i10,9,30000,Petrol,Automatic,16.95,1200,332000,2007
6951,Honda,City,9,29512,Petrol,Manual,16.8,1500,380000,1998
11100,Maruti,Baleno,4,39500,Petrol,Automatic,21.4,1200,600000,2015
7735,Ford,Ecosport,3,74455,Diesel,Manual,23.0,1500,790000,2013
3529,Mercedes-Benz,E-Class,5,14000,Diesel,Automatic,16.1,1950,3900000,1996
3531,Skoda,Superb,4,37000,Petrol,Automatic,14.67,1800,1975000,2004
7,Maruti,Wagon R,3,17512,Petrol,Manual,20.51,1000,410000,1999
12358,Skoda,Rapid,5,50000,Petrol,Automatic,14.3,1600,645000,2011
12305,Honda,Civic,11,80000,Petrol,Manual,13.5,1800,240000,2006
2922,Mahindra,KUV,4,19838,Petrol,Manual,18.15,1200,475000,2016
8061,Hyundai,i10,12,52000,Petrol,Manual,19.81,1100,175000,2007
427,Maruti,Celerio,2,30000,Petrol,Manual,23.1,1000,400000,2014
3149,Volkswagen,Polo,6,61500,Diesel,Manual,20.14,1500,475000,2010
10299,Hyundai,i20,7,100000,Diesel,Manual,22.54,1400,500000,2008
1262,Maruti,Ciaz,4,44000,Petrol,Manual,20.73,1400,775000,2014
10645,Honda,WR-V,4,46000,Diesel,Manual,25.5,1500,725000,2017
15031,Honda,Civic,12,79000,Petrol,Manual,13.5,1800,275000,2006
3459,Volkswagen,Vento,8,83469,Diesel,Manual,20.34,1500,485000,2010
1409,Hyundai,i10,9,110000,Petrol,Manual,20.36,1200,300000,2007
8677,Mahindra,Marazzo,3,41000,Diesel,Manual,17.3,1500,1050000,2018
9064,Hyundai,i20,8,65000,Diesel,Manual,21.9,1400,390000,2008
8174,Ford,Figo,10,32153,Diesel,Manual,20.0,1400,225000,2010
13529,Hyundai,Santro,8,60000,Petrol,Manual,17.92,1100,240000,1998
3676,Hyundai,i10,10,76000,Petrol,Manual,19.81,1100,270000,2007
4955,Maruti,Wagon R,2,9605,Petrol,Manual,20.52,1200,500000,1999
14462,Hyundai,Verna,6,54068,Petrol,Manual,17.1,1600,671000,2006
10539,Mercedes-Benz,E-Class,7,62000,Diesel,Automatic,13.0,2100,1825000,1996
6697,Toyota,Innova,4,70000,Diesel,Manual,13.68,2400,1595000,2005
3706,Hyundai,Verna,5,61000,Diesel,Automatic,19.08,1600,760000,2006
4600,Volkswagen,Polo,7,43000,Petrol,Manual,16.47,1200,525000,2010
10634,Maruti,Baleno,5,34000,Petrol,Manual,21.01,1200,520000,2015
2668,Hyundai,i10,8,34579,Petrol,Manual,20.36,1200,295000,2007
11596,Ford,Ecosport,6,15000,Diesel,Manual,22.77,1500,770000,2013
12107,Maruti,Ciaz,5,52000,Petrol,Manual,20.73,1400,650000,2014
13838,Maruti,Celerio,7,29000,Petrol,Automatic,23.1,1000,465000,2014
13702,Maruti,Ciaz,5,110000,Diesel,Manual,28.09,1250,700000,2014
9316,Maruti,Swift Dzire,8,35000,Diesel,Manual,19.3,1250,400000,2008
4589,Hyundai,i10,11,78000,Petrol,Manual,20.36,1200,230000,2007
8580,Honda,Amaze,5,66000,Diesel,Manual,24.7,1500,450000,2013
5212,Hyundai,Grand,3,38000,Diesel,Manual,24.0,1200,475000,2013
1890,Honda,City,5,57000,Petrol,Manual,17.4,1500,725000,1998
3002,Honda,City,11,34000,Petrol,Manual,17.0,1500,325000,1998
11808,BMW,5,3,30660,Diesel,Automatic,22.48,2000,5595000,2007
10342,Maruti,Alto,8,42000,Petrol,Manual,20.92,1000,225000,2000
531,Honda,Amaze,4,33869,Petrol,Manual,17.8,1200,527000,2013
10929,Audi,Q7,2,14000,Diesel,Automatic,14.75,3000,6645000,2006
13770,Ford,Ecosport,8,68281,Diesel,Manual,22.7,1500,420000,2013
3576,Hyundai,Verna,3,16443,Petrol,Manual,19.1,1400,770000,2006
5822,Maruti,Wagon R,2,32000,Petrol,Automatic,20.52,1200,525000,1999
3809,Maruti,Ertiga,5,41974,Diesel,Manual,24.52,1250,811000,2012
7521,Maruti,Swift,6,50000,Diesel,Manual,25.2,1250,450000,2005
12116,Hyundai,i10,11,60000,Petrol,Automatic,16.95,1200,375000,2007
12322,Hyundai,i20,10,6708,Petrol,Manual,18.5,1200,265000,2008
4239,Hyundai,Grand,5,37400,Diesel,Manual,24.0,1100,520000,2013
2119,Maruti,Swift Dzire,10,120000,Petrol,Manual,21.21,1200,324000,2008
2644,Maruti,Alto,3,5917,Petrol,Manual,23.95,1000,371000,2000
9767,Maruti,Ciaz,6,56000,Diesel,Manual,28.09,1250,510000,2014
2612,Hyundai,Grand,4,15000,Petrol,Automatic,18.9,1200,581000,2013
14252,Toyota,Innova,4,36000,Diesel,Automatic,11.36,2800,1995000,2005
1042,Renault,Duster,8,61000,Diesel,Manual,19.87,1500,450000,2012
5508,Maruti,Alto,4,54000,Petrol,Manual,24.7,800,260000,2000
11780,Honda,City,1,4600,Petrol,Manual,17.8,1500,1165000,1998
12608,Tata,Hexa,4,50000,Diesel,Automatic,17.6,2200,1223000,2017
6893,Maruti,Swift Dzire,2,20000,Petrol,Manual,22.0,1200,610000,2008
9989,Honda,City,4,36591,Petrol,Manual,17.8,1500,800000,1998
9665,Maruti,Vitara,5,60000,Diesel,Manual,24.3,1250,685000,2016
3549,Maruti,Swift,10,53000,Diesel,Manual,22.9,1250,395000,2005
8092,Hyundai,Verna,3,4000,Petrol,Manual,17.0,1600,950000,2006
5268,Maruti,Celerio,3,40000,Petrol,Automatic,21.63,1000,450000,2014
13918,Honda,Civic,2,16502,Petrol,Automatic,16.5,1800,2100000,2006
6924,Maruti,Wagon R,5,21517,Petrol,Manual,18.9,1000,315000,1999
13640,Maruti,Vitara,3,20000,Diesel,Manual,24.3,1250,870000,2016
8729,Honda,City,8,8989,Petrol,Manual,16.8,1500,525000,1998
13034,Hyundai,i10,8,45000,Petrol,Manual,20.36,1200,280000,2007
9329,Maruti,Alto,15,124000,Petrol,Manual,19.7,800,85000,2000
8927,Ford,Figo,9,62230,Diesel,Manual,20.0,1400,325000,2010
4667,Hyundai,Grand,3,31834,Diesel,Manual,24.0,1200,598000,2013
3643,BMW,X3,5,35000,Diesel,Automatic,18.56,2000,3400000,2007
14938,Hyundai,i20,7,100000,Petrol,Manual,18.6,1200,515000,2008
9431,Maruti,Alto,4,28239,"Others (CNG,LPG)",Manual,33.44,800,315000,2000
13315,Renault,KWID,5,46000,Petrol,Manual,25.17,800,315000,2015
5116,Datsun,GO,3,30000,Petrol,Manual,19.83,1200,410000,2014
10351,Maruti,Ignis,4,15000,Petrol,Manual,20.89,1200,545000,2017
157,Maruti,Alto,3,20000,Petrol,Manual,23.95,1000,360000,2000
124,Maruti,Swift Dzire,6,26500,Petrol,Manual,20.85,1200,450000,2008
7923,Hyundai,Grand,6,65000,Diesel,Manual,24.0,1100,300000,2013
13840,Maruti,Swift Dzire,8,120000,Diesel,Manual,23.4,1250,350000,2008
6413,Maruti,Ertiga,5,50000,Diesel,Manual,24.52,1250,700000,2012
5311,Maruti,Swift Dzire,13,95000,Diesel,Manual,19.3,1250,310000,2008
7150,Datsun,GO,6,30000,Petrol,Manual,20.63,1200,276000,2014
5840,Maruti,Vitara,3,50000,Diesel,Manual,24.3,1250,895000,2016
8151,Honda,Amaze,2,2000,Petrol,Manual,19.5,1200,670000,2013
6902,Maruti,Ertiga,4,60000,Diesel,Manual,24.52,1250,800000,2012
10971,Tata,Tigor,3,16000,Petrol,Automatic,20.3,1200,545000,2017
1308,Maruti,Swift,3,56000,Petrol,Manual,22.0,1200,500000,2005
379,Toyota,Innova,2,35000,Diesel,Manual,13.68,2400,1500000,2005
6764,Maruti,Baleno,3,50000,Diesel,Manual,27.39,1250,660000,2015
8198,Hyundai,Verna,5,16300,Petrol,Manual,17.01,1600,750000,2006
1899,Renault,KWID,3,10000,Petrol,Manual,23.01,1000,385000,2015
5390,Maruti,Wagon R,7,20000,Petrol,Manual,20.51,1000,250000,1999
3926,Toyota,Fortuner,11,110000,Diesel,Manual,11.5,3000,1250000,2009
14952,Maruti,Swift Dzire,4,35000,Petrol,Manual,21.21,1200,700000,2008
12558,Maruti,Alto,2,10000,Petrol,Manual,23.95,1000,360000,2000
9958,Ford,Endeavour,3,17000,Diesel,Automatic,12.62,2200,2675000,2003
7971,Tata,Tigor,1,12000,Petrol,Manual,20.3,1200,565000,2017
5483,Maruti,Alto,6,37528,Petrol,Manual,23.95,1000,310000,2000
4797,Hyundai,i20,4,39000,Petrol,Manual,18.6,1200,570000,2008
10337,Toyota,Innova,6,70000,Diesel,Manual,12.8,2500,885000,2005
9678,Maruti,Swift Dzire,4,25000,Diesel,Manual,28.4,1250,650000,2008
14428,Toyota,Innova,4,61000,Diesel,Automatic,11.36,2800,1445000,2005
9336,Maruti,Baleno,3,12500,Petrol,Manual,21.4,1200,581000,2015
13302,Maruti,Wagon R,9,37623,Petrol,Manual,20.51,1000,296000,1999
9477,Skoda,Rapid,4,48000,Petrol,Manual,15.0,1600,590000,2011
15254,Audi,A6,7,33000,Diesel,Automatic,17.68,2000,1775000,2005
3522,Datsun,RediGO,5,79000,Petrol,Manual,22.7,800,235000,2016
8572,Mahindra,Scorpio,6,49000,Diesel,Manual,15.4,2200,988000,2002
3367,Toyota,Innova,7,77349,Diesel,Manual,12.99,2500,975000,2005
8523,Hyundai,Verna,8,104500,Diesel,Manual,22.32,1600,540000,2006
11208,Hyundai,Grand,5,41000,Petrol,Manual,18.9,1200,395000,2013
184,Toyota,Fortuner,6,80000,Diesel,Manual,12.55,3000,1755000,2009
15021,Maruti,Swift,8,63000,Petrol,Manual,18.6,1200,428000,2005
10229,Mahindra,XUV500,2,17500,Diesel,Manual,15.1,2200,1385000,2011
13638,Honda,City,12,58000,Petrol,Manual,16.8,1500,260000,1998
12909,Volkswagen,Polo,11,50000,Petrol,Manual,16.47,1200,395000,2010
5799,Tata,Hexa,4,25000,Diesel,Manual,17.6,2200,1500000,2017
7508,Maruti,Swift Dzire,6,32900,Petrol,Manual,20.85,1200,560000,2008
6456,Ford,Endeavour,4,33000,Diesel,Automatic,10.91,3200,2500000,2003
2774,Honda,Amaze,6,59123,Petrol,Manual,18.0,1200,475000,2013
262,Maruti,Baleno,2,5000,Petrol,Automatic,21.4,1200,686000,2015
8771,Maruti,Ciaz,2,40000,Petrol,Manual,20.73,1400,825000,2014
5671,Hyundai,Creta,2,20000,Petrol,Manual,13.0,1600,820000,2015
11582,Hyundai,i20,5,60000,Petrol,Manual,17.19,1200,600000,2008
11491,Mahindra,XUV500,5,35000,Diesel,Manual,16.0,2200,900000,2011
13922,Maruti,Swift,6,36967,Petrol,Manual,21.21,1200,462000,2005
7443,Honda,Amaze,6,66000,Diesel,Manual,25.8,1500,415000,2013
14422,Maruti,Ignis,4,35318,Petrol,Manual,20.89,1200,465000,2017
9917,Hyundai,Santro,12,20000,Petrol,Manual,17.92,1100,165000,1998
8855,Maruti,Swift Dzire,8,60500,Diesel,Manual,23.4,1250,450000,2008
12735,Volkswagen,Vento,10,110000,Petrol,Manual,15.8,1600,250000,2010
4386,Mahindra,Bolero,4,73435,Diesel,Manual,15.96,2500,675000,2000
7701,Mahindra,Bolero,8,104000,Diesel,Manual,15.96,2500,450000,2000
3502,Maruti,Alto,10,80000,Petrol,Manual,20.92,1000,250000,2000
712,Honda,City,2,16000,Petrol,Manual,17.4,1500,1075000,1998
1689,Maruti,Ertiga,8,58277,Petrol,Manual,16.02,1400,590000,2012
2415,Honda,City,12,75000,Petrol,Manual,17.0,1500,300000,1998
11035,Hyundai,Creta,3,70000,Diesel,Manual,21.38,1400,875000,2015
1847,Volkswagen,Polo,5,45000,Petrol,Automatic,17.21,1200,665000,2010
5933,Hyundai,Grand,5,40000,Petrol,Manual,18.9,1200,400000,2013
9145,Maruti,Wagon R,8,120000,Petrol,Manual,20.51,1000,220000,1999
2027,Maruti,Baleno,4,26251,Petrol,Manual,21.4,1200,662000,2015
15272,Volkswagen,Polo,5,40000,Petrol,Automatic,17.21,1200,565000,2010
10605,Mahindra,XUV500,6,45000,Diesel,Manual,15.1,2200,745000,2011
5667,Mercedes-Benz,E-Class,7,68000,Diesel,Automatic,13.0,2100,2450000,1996
1720,Mercedes-Benz,C-Class,11,78000,Petrol,Automatic,11.74,1800,899000,2001
15249,Skoda,Rapid,3,55000,Diesel,Manual,21.14,1500,890000,2011
2665,Hyundai,Creta,4,35000,Diesel,Manual,19.67,1600,1125000,2015
3892,Audi,Q7,9,129000,Diesel,Automatic,12.07,3000,1950000,2006
7914,Hyundai,i10,8,32000,Petrol,Manual,20.36,1200,265000,2007
3467,Toyota,Innova,11,94000,Diesel,Manual,12.8,2500,675000,2005
5156,Hyundai,i20,7,100000,Diesel,Manual,22.54,1400,550000,2008
9032,Jaguar,XF,9,73001,Diesel,Automatic,14.74,3000,1299000,2009
14731,Toyota,Innova,4,43000,Diesel,Manual,13.68,2400,1375000,2005
7014,Hyundai,i10,11,60000,Petrol,Manual,20.36,1200,190000,2007
12219,Skoda,Rapid,8,149028,Diesel,Manual,20.5,1600,273000,2011
15172,BMW,X3,4,40000,Diesel,Automatic,18.56,2000,3750000,2007
7351,Renault,Duster,8,80000,Diesel,Manual,20.45,1500,380000,2012
5612,Maruti,Alto,8,59800,Petrol,Manual,22.74,800,250000,2000
5467,Maruti,Eeco,1,20000,Petrol,Manual,16.11,1200,480000,2010
1072,Maruti,Swift Dzire,6,80000,Diesel,Manual,26.59,1250,480000,2008
9116,Tata,Tiago,3,60000,Petrol,Manual,23.84,1200,360000,2016
7221,Honda,City,6,35000,Petrol,Manual,17.8,1500,570000,1998
7432,Toyota,Innova,13,90000,Diesel,Manual,12.8,2500,695000,2005
710,Hyundai,Verna,11,10000,Petrol,Manual,16.2,1600,370000,2006
3946,Skoda,Superb,11,154667,Diesel,Automatic,17.2,2000,575000,2004
12756,Hyundai,i20,3,39000,Petrol,Manual,18.6,1200,795000,2008
4431,Renault,KWID,5,15814,Petrol,Manual,25.17,800,340000,2015
2186,Skoda,Superb,7,79000,Diesel,Automatic,17.2,2000,975000,2004
1940,Audi,Q7,6,72000,Diesel,Automatic,12.07,3000,2900000,2006
3719,Maruti,Baleno,3,4933,Petrol,Manual,21.4,1200,710000,2015
5715,Maruti,Ertiga,7,79000,Diesel,Manual,25.47,1250,650000,2012
11415,Maruti,Swift Dzire,11,72000,Petrol,Manual,19.1,1200,260000,2008
10250,BMW,3,10,108000,Diesel,Automatic,22.69,2000,550000,2007
8090,Hyundai,Verna,14,70000,Petrol,Manual,13.9,1600,125000,2006
4275,Maruti,Alto,4,25884,Petrol,Manual,23.95,1000,385000,2000
14135,Mercedes-Benz,S-Class,9,58000,Diesel,Automatic,13.5,3000,2450000,1994
7540,Maruti,Vitara,2,30000,Diesel,Manual,24.3,1250,850000,2016
8322,Renault,Duster,7,43001,Diesel,Manual,19.01,1500,449000,2012
668,Hyundai,Santro,10,174926,Petrol,Manual,17.92,1100,150000,1998
11876,Honda,City,3,11400,Petrol,Automatic,18.0,1500,1075000,1998
4799,Tata,Nexon,3,30000,Petrol,Manual,17.0,1200,750000,2017
3194,Maruti,Eeco,11,35000,Petrol,Manual,16.11,1200,250000,2010
4023,Maruti,Swift Dzire,7,101374,Diesel,Manual,23.4,1250,530000,2008
3673,Honda,Amaze,6,47745,Diesel,Manual,27.4,1500,450000,2013
7697,Hyundai,Elantra,3,40000,Petrol,Manual,14.59,2000,1550000,2004
9965,Mahindra,Scorpio,6,90000,Diesel,Manual,15.4,2200,650000,2002
14516,Maruti,Wagon R,5,50000,"Others (CNG,LPG)",Manual,26.6,1000,320000,1999
10015,BMW,5,7,42000,Diesel,Automatic,22.48,2000,1925000,2007
3447,Maruti,Vitara,3,20572,Diesel,Automatic,24.3,1250,950000,2016
12426,Honda,City,7,42000,Petrol,Manual,17.4,1500,645000,1998
1775,Volkswagen,Polo,7,68000,Diesel,Manual,20.14,1500,450000,2010
11229,Volkswagen,Polo,2,32000,Petrol,Manual,18.78,1000,600000,2010
3763,Maruti,Wagon R,6,28000,Petrol,Manual,18.9,1000,390000,1999
7456,Mahindra,KUV,5,35000,Diesel,Manual,25.32,1200,700000,2016
6925,Maruti,Swift Dzire,8,50000,Petrol,Manual,19.1,1200,375000,2008
11428,Hyundai,i20,3,8000,Petrol,Manual,18.6,1200,690000,2008
14855,Maruti,Alto,5,6800,Petrol,Manual,24.7,800,300000,2000
5017,Honda,City,5,14000,Petrol,Automatic,18.0,1500,850000,1998
2516,Maruti,Ciaz,6,49986,Diesel,Manual,26.21,1250,610000,2014
9227,Hyundai,Verna,7,71000,Diesel,Manual,22.32,1600,495000,2006
10031,Volkswagen,Polo,6,46000,Diesel,Manual,20.14,1500,425000,2010
13857,Honda,City,4,27880,Petrol,Automatic,18.4,1500,1145000,1998
14443,Hyundai,Creta,5,108000,Diesel,Manual,19.67,1600,1115000,2015
5540,Maruti,Celerio,4,55000,Petrol,Automatic,23.1,1000,450000,2014
6777,Honda,City,6,78000,Diesel,Manual,26.0,1500,650000,1998
3972,Maruti,Baleno,3,30000,Petrol,Automatic,21.4,1200,700000,2015
10,Hyundai,Verna,8,65278,Diesel,Manual,22.32,1600,425000,2006
169,Maruti,Wagon R,3,52000,"Others (CNG,LPG)",Manual,33.54,1000,435000,1999
6212,Honda,City,5,35000,Diesel,Manual,26.0,1500,1000000,1998
4765,Hyundai,i20,9,72200,Diesel,Manual,21.9,1400,465000,2008
10213,Hyundai,Creta,5,8500,Petrol,Manual,15.29,1600,875000,2015
14927,Honda,Civic,12,66000,Petrol,Manual,13.5,1800,275000,2006
12731,Honda,WR-V,3,40000,Petrol,Manual,17.5,1200,700000,2017
13316,Maruti,Celerio,5,51000,Petrol,Automatic,23.1,1000,435000,2014
4518,Hyundai,Creta,2,23000,Diesel,Manual,19.67,1600,1575000,2015
2440,Skoda,Superb,6,59000,Petrol,Manual,13.1,1800,795000,2004
13104,Hyundai,i20,9,73000,Diesel,Manual,23.0,1400,395000,2008
6719,Hyundai,Verna,4,47000,Diesel,Manual,22.0,1600,985000,2006
13871,Audi,A4,9,80000,Diesel,Automatic,17.11,2000,1400000,2008
13521,Hyundai,i20,6,80000,Diesel,Manual,21.19,1400,430000,2008
8274,Maruti,Alto,6,40000,Petrol,Manual,23.95,1000,250000,2000
3477,Hyundai,i20,6,44000,Petrol,Manual,18.6,1200,585000,2008
4426,Maruti,Wagon R,12,60000,Petrol,Manual,18.9,1100,150000,1999
215,Ford,Ecosport,8,62000,Diesel,Manual,22.7,1500,470000,2013
11147,Hyundai,Verna,6,39000,Petrol,Manual,17.01,1600,625000,2006
1724,Maruti,Wagon R,13,80000,Petrol,Manual,18.9,1100,175000,1999
4083,Hyundai,Creta,4,60000,Diesel,Manual,21.38,1400,880000,2015
14856,Hyundai,Creta,4,32000,Petrol,Automatic,13.0,1600,1125000,2015
3212,Hyundai,Verna,7,41000,Petrol,Manual,17.01,1600,559000,2006
1608,Maruti,Wagon R,12,87000,Petrol,Manual,18.9,1000,200000,1999
4648,Maruti,Alto,5,52000,Petrol,Manual,22.74,800,225000,2000
4860,Hyundai,i20,3,53861,Diesel,Manual,23.0,1400,832000,2008
6259,Tata,Tiago,4,100000,Petrol,Manual,23.84,1200,300000,2016
7344,BMW,3,7,90000,Diesel,Automatic,21.76,2000,2025000,2007
1648,Maruti,Alto,10,52349,Petrol,Manual,20.92,1000,214000,2000
5233,Mercedes-Benz,E-Class,8,65000,Diesel,Automatic,13.0,2100,2250000,1996
3858,Mercedes-Benz,E-Class,12,107591,Diesel,Automatic,11.0,3000,1200000,1996
3486,Maruti,Swift,8,27000,Diesel,Manual,22.9,1250,450000,2005
1404,Maruti,Wagon R,13,58000,Petrol,Manual,18.9,1000,125000,1999
1975,Toyota,Fortuner,7,67400,Diesel,Automatic,12.55,3000,1795000,2009
1568,Toyota,Innova,5,186000,Diesel,Automatic,11.36,2800,1350000,2005
7020,Hyundai,Grand,6,30000,Diesel,Manual,24.0,1100,335000,2013
7905,Ford,Ecosport,3,40000,Diesel,Manual,23.0,1500,870000,2013
1993,Maruti,Ertiga,8,41000,Petrol,Manual,16.02,1400,585000,2012
7560,Ford,Ecosport,6,45000,Diesel,Manual,22.77,1500,595000,2013
10752,Mercedes-Benz,E-Class,11,90000,Petrol,Manual,11.2,2500,1000000,1996
2260,Maruti,Swift Dzire,9,14000,Diesel,Manual,28.4,1250,450000,2008
8135,Maruti,Alto,12,30000,Petrol,Manual,19.7,800,150000,2000
3082,Honda,Amaze,8,51112,Petrol,Automatic,15.5,1200,295000,2013
14551,Maruti,Wagon R,6,40000,Petrol,Manual,20.51,1000,400000,1999
10602,Skoda,Rapid,8,70000,Diesel,Manual,20.5,1600,375000,2011
8947,Ford,Ecosport,6,142000,Diesel,Manual,21.7,1500,525000,2013
541,Tata,Safari,10,190000,Diesel,Manual,11.57,2200,218000,1998
9715,Maruti,Wagon R,6,52000,Petrol,Manual,21.79,1000,310000,1999
234,Hyundai,i20,5,20000,Diesel,Manual,21.19,1400,699000,2008
12292,Hyundai,Grand,5,8700,Petrol,Manual,18.9,1200,450000,2013
2259,Honda,City,5,5730,Petrol,Manual,17.4,1500,745000,1998
4255,Maruti,Swift,11,85520,Petrol,Manual,22.0,1200,280000,2005
9413,Maruti,Celerio,5,69000,"Others (CNG,LPG)",Manual,31.79,1000,375000,2014
6463,Maruti,Celerio,4,33000,Petrol,Manual,23.1,1000,460000,2014
1580,Hyundai,Santro,2,20000,Petrol,Manual,20.3,1100,425000,1998
5177,Maruti,Wagon R,10,35000,Petrol,Manual,18.9,1000,315000,1999
53,Hyundai,i20,3,34000,Petrol,Manual,18.6,1200,550000,2008
8981,Honda,WR-V,3,22000,Diesel,Manual,25.5,1500,895000,2017
1813,Maruti,Ertiga,5,43000,"Others (CNG,LPG)",Manual,17.5,1400,775000,2012
5026,Maruti,Alto,7,45075,Petrol,Manual,22.74,800,255000,2000
10541,Toyota,Innova,10,60251,Diesel,Manual,12.99,2500,460000,2005
7896,Hyundai,Grand,5,78000,Diesel,Manual,24.0,1200,395000,2013
3857,Honda,City,13,100000,Petrol,Manual,17.7,1500,225000,1998
11869,Honda,City,6,88102,Diesel,Manual,26.0,1500,625000,1998
8778,Maruti,Wagon R,5,68000,"Others (CNG,LPG)",Manual,26.2,1000,320000,1999
8006,Honda,Amaze,7,46532,Diesel,Manual,25.8,1500,319000,2013
4863,Maruti,Ciaz,6,70000,Diesel,Manual,28.09,1250,475000,2014
7496,Honda,City,7,120000,Diesel,Manual,25.1,1500,500000,1998
11389,Hyundai,i10,9,75000,Petrol,Manual,19.81,1100,235000,2007
485,Skoda,Superb,8,65000,Diesel,Manual,17.2,2000,499000,2004
14389,Hyundai,Verna,12,74475,Diesel,Manual,16.8,1500,260000,2006
9407,Hyundai,i20,4,42000,Petrol,Manual,18.6,1200,545000,2008
3765,Datsun,RediGO,3,3200,Petrol,Automatic,23.0,1000,346000,2016
4205,Ford,Aspire,4,20000,Petrol,Manual,18.16,1200,590000,2015
358,Mahindra,XUV500,8,85000,Diesel,Manual,16.0,2200,480000,2011
14249,Mercedes-Benz,E-Class,10,57000,Diesel,Automatic,14.21,2100,1045000,1996
2397,Honda,City,4,15000,Petrol,Manual,17.4,1500,1100000,1998
1027,Mercedes-Benz,E-Class,5,29000,Diesel,Automatic,13.0,3000,3500000,1996
14996,Maruti,Alto,8,90000,Petrol,Manual,20.92,1000,220000,2000
1535,Honda,City,5,56000,Petrol,Manual,17.8,1500,660000,1998
9098,Tata,Tiago,2,11000,Petrol,Manual,23.84,1200,555000,2016
9,Maruti,Swift,4,28321,Petrol,Manual,16.6,1200,511000,2005
2866,Honda,City,7,66475,Petrol,Manual,17.8,1500,575000,1998
1726,Maruti,Alto,6,34000,Petrol,Manual,22.74,800,255000,2000
8342,Mahindra,XUV500,4,35000,Diesel,Manual,16.0,2200,1100000,2011
14457,Volkswagen,Vento,11,55000,Petrol,Manual,15.04,1600,375000,2010
6425,Maruti,Alto,2,25000,Petrol,Automatic,23.95,1000,431000,2000
12067,BMW,7,11,64000,Petrol,Automatic,8.77,4400,1499000,2002
8018,Renault,KWID,1,23323,Petrol,Manual,22.3,800,430000,2015
4046,Maruti,Baleno,5,98000,Petrol,Automatic,21.4,1200,575000,2015
292,Maruti,Wagon R,3,80000,Petrol,Automatic,20.51,1000,400000,1999
11052,Honda,Civic,11,36000,Petrol,Manual,14.8,1800,375000,2006
5887,Honda,City,5,21446,Petrol,Manual,16.8,1500,825000,1998
11266,Toyota,Innova,2,21000,Diesel,Manual,13.68,2400,2150000,2005
8825,Honda,Jazz,5,100000,Diesel,Manual,27.3,1500,500000,2009
2462,Maruti,Swift Dzire,10,64000,Diesel,Manual,19.3,1250,395000,2008
1934,Hyundai,Grand,7,82530,Petrol,Manual,18.9,1200,490000,2013
9218,Hyundai,i20,4,80000,Diesel,Manual,22.54,1400,625000,2008
10599,Hyundai,i20,4,15000,Petrol,Manual,18.6,1200,620000,2008
6680,Maruti,Ignis,4,2300,Petrol,Manual,20.89,1200,530000,2017
12714,Maruti,Alto,10,50000,Petrol,Manual,20.92,1000,145000,2000
12473,Maruti,Ertiga,5,55000,Diesel,Manual,24.52,1250,595000,2012
4999,Maruti,Swift,11,74000,Diesel,Manual,28.4,1250,340000,2005
5021,Toyota,Innova,7,120000,Diesel,Manual,12.99,2500,925000,2005
11386,Toyota,Innova,10,187000,Diesel,Manual,12.8,2500,375000,2005
2329,Maruti,Celerio,4,22000,Petrol,Automatic,23.1,1000,475000,2014
516,Renault,KWID,5,41000,Petrol,Manual,25.17,800,235000,2015
2255,Honda,City,6,29000,Petrol,Manual,16.8,1500,524000,1998
9215,Honda,City,5,78000,Petrol,Automatic,18.0,1500,815000,1998
8011,Honda,Jazz,6,127357,Diesel,Manual,27.3,1500,235000,2009
3751,Maruti,Alto,3,23493,Petrol,Manual,24.7,800,319000,2000
2275,Audi,A6,9,64000,Diesel,Automatic,17.68,2000,1650000,2005
3812,Maruti,Swift Dzire,9,106000,Diesel,Manual,19.3,1250,370000,2008
1925,Hyundai,i20,4,37000,Diesel,Manual,22.54,1400,680000,2008
11699,Hyundai,Grand,7,42000,Petrol,Automatic,18.9,1200,460000,2013
14615,BMW,X3,7,65000,Diesel,Automatic,18.56,2000,1725000,2007
8177,Tata,Harrier,2,16320,Diesel,Manual,17.0,2000,1600000,2019
3173,Jeep,Compass,1,6000,Diesel,Automatic,17.1,2000,2750000,2017
13786,Maruti,Swift,2,11893,Petrol,Automatic,21.21,1200,660000,2005
4212,Toyota,Innova,5,120000,Diesel,Automatic,11.36,2800,1500000,2005
13868,Volkswagen,Vento,9,120000,Diesel,Manual,20.54,1600,450000,2010
11790,Maruti,Swift,4,60000,Petrol,Manual,22.0,1200,480000,2005
6469,Maruti,Ciaz,2,1700,Petrol,Manual,21.56,1500,990000,2014
2568,Hyundai,Verna,4,70000,Petrol,Manual,17.01,1600,850000,2006
12382,Hyundai,i10,8,72000,Petrol,Manual,20.36,1200,275000,2007
9520,Maruti,Swift,3,35759,Petrol,Automatic,22.0,1200,595000,2005
15339,Toyota,Innova,7,140000,Diesel,Manual,12.99,2500,1100000,2005
2993,Maruti,Swift,7,96000,Diesel,Manual,28.4,1250,490000,2005
11092,Maruti,Swift Dzire,5,61483,Petrol,Manual,22.0,1200,450000,2008
3639,Hyundai,Verna,9,72000,Diesel,Automatic,22.32,1600,521000,2006
9256,Mahindra,Scorpio,8,66000,Diesel,Manual,12.05,2200,500000,2002
4059,Hyundai,Verna,8,70000,Petrol,Manual,17.01,1600,430000,2006
10703,Toyota,Innova,14,79000,Diesel,Manual,12.99,2500,265000,2005
5123,Mahindra,Scorpio,6,120000,Diesel,Manual,15.4,2000,1020000,2002
8963,Mahindra,Scorpio,4,51000,Diesel,Manual,15.4,2000,1200000,2002
1223,Maruti,Ertiga,4,40000,Diesel,Manual,24.52,1250,865000,2012
3272,Toyota,Innova,9,85000,Diesel,Manual,12.8,2500,750000,2005
7008,Maruti,Swift Dzire,8,90000,Diesel,Manual,23.4,1250,370000,2008
8866,Honda,City,14,75075,Petrol,Manual,17.7,1500,200000,1998
3131,Datsun,GO,5,29500,Petrol,Manual,20.63,1200,310000,2014
3991,Mahindra,Scorpio,3,70000,Diesel,Manual,16.36,2200,1500000,2002
13278,Volkswagen,Polo,5,70000,Diesel,Manual,22.07,1200,675000,2010
20,Volkswagen,Vento,8,47000,Petrol,Manual,16.09,1600,425000,2010
13588,Mahindra,XUV500,7,30000,Diesel,Manual,15.1,2200,950000,2011
2071,Ford,Figo,8,34000,Petrol,Manual,15.6,1200,295000,2010
2986,Hyundai,Grand,4,30000,Petrol,Manual,18.9,1200,480000,2013
3884,Maruti,Swift,8,20000,Petrol,Manual,18.6,1200,350000,2005
11182,Renault,Duster,8,67000,Diesel,Manual,19.87,1500,385000,2012
9897,Honda,Jazz,4,42000,Petrol,Manual,18.7,1200,590000,2009
12613,Honda,Jazz,5,49000,Petrol,Manual,18.7,1200,575000,2009
12490,Renault,KWID,3,35000,Petrol,Manual,23.01,1000,415000,2015
13684,Maruti,Ertiga,8,81754,Diesel,Manual,20.77,1250,670000,2012
10862,Hyundai,i20,3,12000,Petrol,Automatic,17.4,1200,845000,2008
6727,Maruti,Swift,4,64000,Diesel,Manual,28.4,1250,580000,2005
2393,Ford,Figo,3,40000,Petrol,Manual,18.16,1200,416000,2010
8643,Maruti,Swift Dzire,7,44852,Petrol,Manual,19.1,1200,420000,2008
5721,Hyundai,Creta,4,75000,Diesel,Automatic,17.01,1600,1175000,2015
9133,Ford,Ecosport,7,64000,Diesel,Manual,22.7,1500,415000,2013
7564,Hyundai,Elantra,3,19000,Diesel,Manual,22.7,1600,1700000,2004
8872,Hyundai,Verna,9,40000,Petrol,Manual,17.1,1600,389000,2006
1953,Jaguar,XF,6,28000,Diesel,Automatic,16.36,2200,2400000,2009
14401,Toyota,Fortuner,4,55000,Diesel,Automatic,15.04,2800,2800000,2009
6321,Skoda,Octavia,11,300000,Diesel,Manual,18.7,1900,400000,2001
13073,Maruti,Celerio,5,18540,Petrol,Automatic,23.1,1000,429000,2014
7063,Maruti,Swift Dzire,5,70000,Diesel,Manual,26.59,1250,570000,2008
12511,Maruti,Wagon R,4,35000,Petrol,Manual,20.51,1000,400000,1999
2494,Ford,Ecosport,6,50000,Petrol,Manual,15.85,1500,550000,2013
13848,Toyota,Innova,6,113000,Diesel,Manual,12.99,2500,1125000,2005
8037,BMW,X1,5,32000,Diesel,Automatic,17.05,2000,2500000,2010
11619,Honda,City,4,70000,Petrol,Manual,17.4,1500,835000,1998
11679,Honda,WR-V,3,20000,Diesel,Manual,25.5,1500,950000,2017
5471,Maruti,Baleno,4,43000,Petrol,Manual,21.4,1200,625000,2015
14134,Volkswagen,Vento,8,49000,Petrol,Manual,16.09,1600,590000,2010
13250,Hyundai,Verna,7,89000,Diesel,Automatic,22.32,1600,550000,2006
15391,Volkswagen,Vento,6,45000,Petrol,Automatic,16.93,1200,655000,2010
1270,Maruti,Wagon R,6,15000,Petrol,Manual,20.51,1000,350000,1999
10098,Audi,A4,5,51000,Diesel,Automatic,18.25,2000,1850000,2008
4646,Hyundai,Creta,5,88000,Diesel,Automatic,17.01,1600,1245000,2015
6638,Hyundai,i20,2,10000,Diesel,Manual,22.54,1400,800000,2008
6810,Ford,Figo,7,93334,Petrol,Manual,15.6,1200,446000,2010
1711,Maruti,Alto,6,70000,Petrol,Manual,22.74,800,210000,2000
13676,Maruti,Alto,17,110000,Petrol,Manual,19.7,800,45000,2000
15160,Hyundai,i20,10,32241,Diesel,Manual,21.9,1400,465000,2008
4107,Mahindra,Scorpio,11,44000,Diesel,Manual,12.05,2200,440000,2002
13587,Jeep,Compass,3,67000,Diesel,Manual,17.1,2000,1740000,2017
9938,Maruti,Ertiga,9,58000,Diesel,Manual,20.77,1250,395000,2012
10896,Toyota,Fortuner,2,32000,Diesel,Automatic,12.9,2800,3300000,2009
6524,Maruti,Swift,5,84000,Diesel,Manual,28.4,1250,600000,2005
11416,Audi,A6,9,45500,Diesel,Automatic,18.53,2000,1380000,2005
4726,Maruti,Swift,6,68297,Diesel,Manual,25.2,1250,650000,2005
13108,Skoda,Rapid,7,49000,Diesel,Manual,20.5,1600,625000,2011
9186,Maruti,Vitara,4,68200,Diesel,Manual,24.3,1250,750000,2016
2144,Maruti,Alto,4,33000,Petrol,Manual,24.7,800,330000,2000
9673,Audi,A4,6,30000,Diesel,Automatic,17.11,2000,1800000,2008
4213,Maruti,Ciaz,3,29349,Petrol,Manual,20.73,1400,990000,2014
12099,Tata,Hexa,3,36000,Diesel,Manual,17.6,2200,1600000,2017
12852,Mercedes-Benz,C-Class,5,29052,Petrol,Automatic,14.74,2000,2800000,2001
11888,Volkswagen,Vento,6,55000,Petrol,Automatic,18.19,1200,599000,2010
8821,Hyundai,i10,7,17800,Petrol,Manual,19.81,1100,325000,2007
13157,Tata,Harrier,2,21655,Diesel,Manual,17.0,2000,1660000,2019
9007,BMW,3,4,20000,Diesel,Automatic,13.2,2000,2900000,2007
5868,Maruti,Alto,3,40000,Petrol,Manual,24.7,800,350000,2000
7403,Ford,Figo,9,90000,Diesel,Manual,20.0,1400,150000,2010
14023,Maruti,Celerio,2,7000,Petrol,Manual,23.1,1000,510000,2014
14380,Renault,KWID,4,18000,Petrol,Manual,25.17,800,350000,2015
4301,Toyota,Innova,6,82000,Diesel,Manual,12.99,2500,1299000,2005
12454,Maruti,Vitara,5,62000,Diesel,Manual,24.3,1250,795000,2016
5066,Hyundai,i20,9,50000,Petrol,Manual,17.0,1200,435000,2008
7275,Tata,Tiago,4,50000,Petrol,Manual,23.84,1200,400000,2016
8795,Honda,WR-V,2,13500,Petrol,Manual,17.5,1200,775000,2017
213,Maruti,Swift,3,5000,Petrol,Manual,21.21,1200,530000,2005
1243,Maruti,Swift,8,30000,Petrol,Manual,18.6,1200,390000,2005
1556,Maruti,Swift,15,67000,Petrol,Manual,16.1,1300,160000,2005
4110,Hyundai,Creta,4,34000,Petrol,Manual,13.0,1600,1149000,2015
4489,Maruti,Celerio,5,54000,Petrol,Automatic,23.1,1000,450000,2014
6182,Maruti,Alto,4,35668,Petrol,Automatic,23.95,1000,369000,2000
9526,Mahindra,KUV100,3,30300,Petrol,Manual,18.15,1200,410000,2016
3953,Hyundai,Verna,8,70000,Diesel,Manual,22.32,1600,550000,2006
2510,Maruti,Ciaz,3,15000,Petrol,Manual,20.65,1500,800000,2014
7252,Renault,Duster,4,51430,Diesel,Manual,19.87,1500,625000,2012
2367,Maruti,Swift Dzire,11,90000,Petrol,Manual,17.5,1300,275000,2008
1198,Maruti,Ertiga,6,72909,Petrol,Manual,19.01,1500,525000,2012
11424,Mercedes-Benz,C-Class,4,55000,Diesel,Automatic,19.71,2100,2800000,2001
7726,Hyundai,Grand,3,70000,Diesel,Manual,24.0,1200,430000,2013
4266,Toyota,Fortuner,3,70000,Diesel,Manual,14.24,2800,2700000,2009
8901,Maruti,Ertiga,8,44500,Petrol,Manual,19.01,1500,470000,2012
1402,Honda,City,3,48959,Petrol,Manual,17.4,1500,875000,1998
6007,Maruti,Swift,5,49000,Petrol,Manual,20.4,1200,500000,2005
1074,Mahindra,Scorpio,5,46000,Diesel,Manual,15.4,2000,1065000,2002
7045,Maruti,Celerio,7,27027,Petrol,Manual,23.1,1000,370000,2014
4882,Toyota,Innova,10,76325,Diesel,Manual,12.8,2500,560000,2005
4222,Maruti,Ciaz,4,32000,Petrol,Manual,20.73,1400,795000,2014
3004,Hyundai,i20,7,41000,Petrol,Manual,18.5,1200,385000,2008
5200,Mahindra,XUV500,5,59000,Diesel,Automatic,16.0,2200,1500000,2011
3145,Toyota,Innova,7,110000,Diesel,Manual,12.99,2500,1045000,2005
2847,Skoda,Superb,10,62500,Petrol,Automatic,13.7,1800,499000,2004
13388,Volkswagen,Vento,6,76000,Diesel,Manual,20.34,1500,575000,2010
5487,Renault,Duster,7,72000,Diesel,Manual,19.01,1500,495000,2012
6509,Hyundai,i20,4,19000,Petrol,Manual,17.19,1200,759000,2008
3377,Audi,A4,6,55200,Diesel,Automatic,17.11,2000,1725000,2008
9347,Mahindra,Scorpio,4,60000,Diesel,Manual,16.36,2200,1250000,2002
5871,Hyundai,Creta,6,110000,Diesel,Manual,19.67,1600,1100000,2015
8167,Maruti,Vitara,4,55000,Diesel,Manual,24.3,1250,800000,2016
3588,Hyundai,Grand,6,80000,Diesel,Manual,24.0,1100,415000,2013
9855,Toyota,Innova,3,48000,Petrol,Automatic,10.75,2700,1790000,2005
14785,Tata,Nexon,2,20000,Petrol,Manual,17.0,1200,675000,2017
7893,Ford,Ecosport,3,25358,Diesel,Manual,21.7,1500,950000,2013
2196,Skoda,Rapid,7,62063,Petrol,Automatic,14.3,1600,465000,2011
7581,Tata,Nexon,3,15000,Diesel,Manual,21.5,1500,850000,2017
9300,Maruti,Celerio,4,40000,"Others (CNG,LPG)",Manual,31.79,1000,475000,2014
10974,Maruti,Alto,7,40000,Petrol,Manual,23.95,1000,235000,2000
7183,Honda,Amaze,4,80000,Petrol,Manual,17.8,1200,440000,2013
2024,Maruti,Ciaz,5,86000,Diesel,Manual,28.09,1250,680000,2014
432,Mahindra,XUV500,9,92000,Diesel,Manual,16.0,2200,550000,2011
8792,Toyota,Fortuner,9,97000,Diesel,Manual,13.0,3000,1299000,2009
7988,Hyundai,i20,3,4000,Petrol,Manual,18.6,1200,710000,2008
200,Mahindra,Scorpio,4,93000,Diesel,Manual,15.4,2000,1060000,2002
5474,Maruti,Celerio,4,40000,Petrol,Automatic,23.1,1000,400000,2014
5987,Maruti,Swift Dzire,10,80000,Petrol,Manual,17.5,1300,310000,2008
291,Maruti,Swift Dzire,8,113450,Diesel,Manual,23.4,1250,380000,2008
12425,Honda,WR-V,4,20000,Petrol,Manual,17.5,1200,750000,2017
8324,Renault,KWID,2,12123,Petrol,Manual,23.01,1000,375000,2015
5357,Honda,City,4,25000,Diesel,Manual,26.0,1500,900000,1998
1622,Hyundai,i10,11,70000,Petrol,Manual,20.36,1200,190000,2007
13818,Maruti,Baleno,2,4300,Petrol,Automatic,21.4,1200,790000,2015
6968,Hyundai,Verna,5,48000,Diesel,Manual,23.9,1600,650000,2006
11201,Maruti,Baleno,6,50000,Diesel,Manual,27.39,1250,500000,2015
8162,Maruti,Swift,13,65123,Diesel,Manual,17.8,1250,340000,2005
3665,Renault,KWID,4,20000,Petrol,Manual,25.17,800,375000,2015
7319,Mahindra,Scorpio,6,80000,Diesel,Manual,15.4,2000,900000,2002
15023,Honda,City,7,45000,Petrol,Manual,17.8,1500,690000,1998
10228,Maruti,Ertiga,4,45280,"Others (CNG,LPG)",Manual,17.5,1400,775000,2012
7725,Maruti,Ciaz,4,33529,Petrol,Automatic,19.12,1400,925000,2014
8738,Honda,City,5,31975,Petrol,Manual,17.8,1500,539000,1998
7745,Ford,Ecosport,4,10000,Diesel,Manual,22.77,1500,875000,2013
6661,Ford,Freestyle,3,35000,Petrol,Manual,19.0,1200,650000,2018
4784,Hyundai,Grand,7,15408,Petrol,Manual,18.9,1200,470000,2013
6273,Maruti,Celerio,5,30464,Petrol,Automatic,23.1,1000,469000,2014
9076,Maruti,Swift,12,35000,Diesel,Manual,17.8,1250,225000,2005
2830,Mahindra,Scorpio,11,91000,Diesel,Manual,13.5,2200,365000,2002
3873,Maruti,Alto,9,70000,Petrol,Manual,19.7,800,200000,2000
114,Hyundai,Creta,4,102000,Diesel,Automatic,17.01,1600,1100000,2015
7433,Hyundai,i20,4,39000,Petrol,Manual,18.6,1200,595000,2008
429,Audi,A4,8,65000,Diesel,Automatic,16.55,2000,1200000,2008
6889,Hyundai,Verna,3,44000,Petrol,Manual,17.0,1600,900000,2006
13863,Ford,Ecosport,5,41500,Petrol,Automatic,15.63,1500,649000,2013
349,Honda,City,6,28000,Petrol,Automatic,18.0,1500,670000,1998
10995,Ford,Endeavour,3,48000,Diesel,Automatic,10.91,3200,2899000,2003
5297,Maruti,Vitara,4,80321,Diesel,Manual,24.3,1250,960000,2016
11589,Maruti,Baleno,3,40000,Petrol,Manual,21.4,1200,520000,2015
1127,Maruti,Vitara,4,20000,Diesel,Manual,24.3,1250,775000,2016
11407,Hyundai,Verna,7,72000,Diesel,Manual,22.32,1600,475000,2006
5494,Maruti,Swift,8,158000,Diesel,Manual,22.9,1250,450000,2005
14486,Hyundai,Creta,4,27000,Petrol,Manual,15.29,1600,1035000,2015
8114,Maruti,Alto,4,10000,Petrol,Manual,23.95,1000,340000,2000
3485,Maruti,Baleno,3,38340,Diesel,Manual,27.39,1250,790000,2015
2970,Hyundai,Creta,3,22000,Diesel,Manual,22.1,1400,1015000,2015
7271,Maruti,Wagon R,6,90000,Petrol,Manual,20.51,1000,400000,1999
961,Honda,City,2,23000,Petrol,Manual,17.4,1500,960000,1998
6165,Maruti,Alto,8,51203,Petrol,Manual,20.92,1000,280000,2000
10328,Jaguar,XF,6,23000,Diesel,Automatic,16.36,2200,2100000,2009
14029,Maruti,Swift Dzire,9,61907,Diesel,Manual,23.4,1250,350000,2008
6349,Renault,KWID,3,25000,Petrol,Manual,23.01,1000,299000,2015
4367,Hyundai,i20,3,22218,Petrol,Manual,18.6,1200,715000,2008
15232,Hyundai,Grand,4,32000,Petrol,Manual,18.9,1200,530000,2013
2300,Maruti,Wagon R,8,40200,Petrol,Manual,18.9,1000,325000,1999
12865,Mahindra,KUV,5,25000,Petrol,Manual,18.15,1200,500000,2016
3532,BMW,5,11,65000,Petrol,Automatic,10.8,2500,1000000,2007
13748,Maruti,Vitara,1,50000,Diesel,Manual,24.3,1250,775000,2016
2270,Hyundai,Verna,2,10000,Petrol,Manual,17.0,1600,999000,2006
14847,Toyota,Fortuner,4,20000,Diesel,Automatic,15.04,2800,3300000,2009
12584,Honda,City,11,54000,Petrol,Automatic,16.8,1500,310000,1998
14427,Tata,Tigor,2,5000,Petrol,Manual,20.3,1200,740000,2017
3896,Volkswagen,Polo,2,37326,Petrol,Manual,18.78,1000,550000,2010
6618,Maruti,Swift Dzire,5,35000,Diesel,Manual,26.59,1250,650000,2008
4049,Hyundai,Creta,5,88000,Diesel,Automatic,17.01,1600,1249000,2015
1121,Maruti,Baleno,4,8245,Petrol,Manual,21.4,1200,690000,2015
7547,Hyundai,Creta,3,17000,Petrol,Manual,15.8,1600,1350000,2015
2903,Maruti,Swift,3,23000,Petrol,Manual,22.0,1200,750000,2005
10201,Maruti,Vitara,4,62000,Diesel,Manual,24.3,1250,690000,2016
10681,Maruti,Ertiga,7,40000,Petrol,Manual,16.02,1400,650000,2012
11384,Maruti,Swift Dzire,10,110000,Diesel,Manual,19.3,1250,230000,2008
13487,Hyundai,i10,7,36971,Petrol,Manual,19.81,1100,310000,2007
4902,Maruti,Eeco,3,59000,Petrol,Manual,15.37,1200,360000,2010
5778,Maruti,Ignis,4,22000,Petrol,Automatic,20.89,1200,570000,2017
4143,Maruti,Swift,10,133592,Diesel,Manual,28.4,1250,360000,2005
6031,Maruti,Swift Dzire,3,31000,Petrol,Manual,21.21,1200,675000,2008
9657,Maruti,Ciaz,7,49000,Petrol,Manual,20.73,1400,626000,2014
10197,Hyundai,Creta,6,65000,Diesel,Automatic,17.6,1600,900000,2015
278,Audi,A6,8,60000,Diesel,Automatic,17.68,2000,1700000,2005
7179,Honda,Civic,15,82000,Petrol,Manual,13.5,1800,89000,2006
8557,Honda,City,7,142000,Diesel,Manual,25.1,1500,551000,1998
13066,Hyundai,Creta,5,48000,Petrol,Manual,15.8,1600,840000,2015
5296,Hyundai,i10,9,61685,Petrol,Manual,19.81,1100,300000,2007
6054,Skoda,Octavia,18,133000,Diesel,Manual,18.7,1900,275000,2001
8012,Tata,Nexon,3,10000,Petrol,Manual,17.0,1200,550000,2017
13091,Tata,Tiago,4,50000,Petrol,Manual,23.84,1200,390000,2016
12024,Renault,KWID,2,15000,Petrol,Manual,23.01,1000,400000,2015
2200,Volkswagen,Vento,9,71000,Petrol,Manual,15.04,1600,425000,2010
11789,Hyundai,i20,7,50000,Petrol,Manual,18.6,1200,530000,2008
15220,Hyundai,Creta,4,80000,Diesel,Manual,19.67,1600,1150000,2015
7825,Renault,Duster,6,58000,Diesel,Manual,20.45,1500,490000,2012
4257,Mahindra,Scorpio,8,209000,Diesel,Manual,12.05,2200,700000,2002
12275,Renault,KWID,4,30000,Petrol,Manual,23.01,1000,340000,2015
5074,Mahindra,XUV500,1,2200,Diesel,Manual,15.1,2200,1475000,2011
6714,Maruti,Alto,10,120000,Petrol,Manual,20.92,1000,270000,2000
11192,Tata,Nexon,3,25000,Petrol,Automatic,17.0,1200,875000,2017
11936,Honda,City,3,43181,Diesel,Manual,25.6,1500,1225000,1998
13167,Tata,Tiago,2,10000,Petrol,Manual,23.84,1200,510000,2016
10283,Hyundai,Verna,6,40000,Petrol,Manual,17.43,1400,580000,2006
12855,Volkswagen,Polo,6,20000,Petrol,Manual,16.47,1200,499000,2010
9925,Toyota,Camry,7,56000,Petrol,Automatic,12.1,2400,1099000,2002
13314,Tata,Tiago,4,39543,Diesel,Manual,27.28,1050,485000,2016
14430,Maruti,Wagon R,8,67370,"Others (CNG,LPG)",Manual,26.6,1000,270000,1999
604,Mahindra,Scorpio,4,100000,Diesel,Manual,15.4,2000,880000,2002
2522,Hyundai,Santro,2,7000,Petrol,Manual,20.3,1100,510000,1998
724,Skoda,Rapid,4,18000,Petrol,Automatic,14.84,1600,850000,2011
1819,Tata,Tiago,4,30000,Petrol,Manual,23.84,1200,450000,2016
8819,Honda,Jazz,5,17012,Petrol,Automatic,19.0,1200,540000,2009
8908,Maruti,Swift Dzire,3,100000,Diesel,Manual,28.4,1250,900000,2008
13261,Mahindra,Thar,4,60000,Diesel,Manual,16.55,2500,950000,2010
11938,Maruti,Ignis,3,10000,Petrol,Manual,20.89,1200,470000,2017
14562,Maruti,Swift Dzire,4,42000,Petrol,Manual,22.0,1200,575000,2008
743,Maruti,Swift Dzire,4,100000,Diesel,Manual,26.59,1250,450000,2008
6126,Maruti,Celerio,6,48000,Diesel,Manual,27.62,800,475000,2014
1515,Mahindra,Scorpio,11,158000,Diesel,Automatic,11.79,2200,400000,2002
14853,Maruti,Wagon R,3,57000,"Others (CNG,LPG)",Manual,32.52,1000,435000,1999
13373,Mercedes-Benz,C-Class,11,75000,Petrol,Automatic,11.7,1800,800000,2001
14744,Volkswagen,Polo,5,78000,Petrol,Automatic,17.21,1200,725000,2010
11152,Toyota,Innova,4,63000,Diesel,Automatic,11.36,2800,1450000,2005
6204,Volkswagen,Vento,10,60000,Petrol,Automatic,14.4,1600,385000,2010
243,Maruti,Swift Dzire,7,60000,Diesel,Manual,23.4,1250,500000,2008
15402,Honda,Amaze,6,28000,Diesel,Manual,25.8,1500,525000,2013
1410,Mahindra,XUV500,2,30000,Diesel,Manual,15.1,2200,1670000,2011
8117,Hyundai,Santro,11,70000,"Others (CNG,LPG)",Manual,13.45,1100,150000,1998
14348,Toyota,Innova,6,113000,Diesel,Manual,12.99,2500,1150000,2005
2442,Maruti,Ertiga,4,19000,Diesel,Manual,24.52,1250,875000,2012
6930,Maruti,Swift Dzire,11,46100,Petrol,Automatic,21.21,1200,280000,2008
10311,Maruti,Alto,2,33000,Petrol,Manual,23.95,1000,375000,2000
4987,Hyundai,i10,11,50000,Petrol,Automatic,16.95,1200,350000,2007
12321,Hyundai,Verna,8,64000,Petrol,Manual,17.01,1600,525000,2006
8602,Honda,City,6,50000,Petrol,Automatic,18.0,1500,800000,1998
10707,Maruti,Wagon R,13,80000,Petrol,Manual,18.9,1100,95000,1999
9414,Maruti,Celerio,2,35000,Petrol,Automatic,23.1,1000,480000,2014
13007,Maruti,Ertiga,2,9001,Petrol,Automatic,18.69,1500,1059000,2012
10000,Maruti,Swift,5,45000,Petrol,Manual,20.4,1200,435000,2005
12088,Toyota,Innova,6,120000,Diesel,Manual,12.99,2500,1450000,2005
12460,Hyundai,i20,5,77000,Diesel,Manual,22.54,1400,650000,2008
10414,Toyota,Fortuner,6,47000,Diesel,Automatic,12.55,3000,1940000,2009
13382,Hyundai,Verna,4,36000,Diesel,Manual,23.9,1600,860000,2006
1829,Hyundai,Grand,6,20000,Diesel,Manual,24.0,1100,500000,2013
3837,Maruti,Ciaz,5,41000,Diesel,Manual,28.09,1250,750000,2014
5662,Toyota,Fortuner,2,48000,Diesel,Automatic,15.04,2800,3300000,2009
2469,Audi,A4,8,35000,Diesel,Automatic,17.11,2000,1375000,2008
11814,Hyundai,i10,10,35000,Petrol,Manual,19.81,1100,300000,2007
12130,Mahindra,Bolero,2,37000,Diesel,Manual,16.5,1500,950000,2000
6052,Maruti,Eeco,1,2000,Petrol,Manual,15.37,1200,437000,2010
52,Hyundai,Santro,14,56000,Petrol,Manual,17.8,1100,125000,1998
8888,Honda,City,14,44621,Petrol,Manual,13.0,1350,300000,1998
3193,Volkswagen,Polo,7,62051,Diesel,Manual,20.14,1500,435000,2010
3777,Maruti,Celerio,3,28314,Petrol,Manual,23.1,1000,490000,2014
11640,Hyundai,Grand,5,28500,Petrol,Manual,18.9,1200,535000,2013
3170,Tata,Tigor,3,26000,Diesel,Manual,24.7,1050,680000,2017
1757,Maruti,Vitara,3,30000,Diesel,Manual,24.3,1250,760000,2016
13731,Honda,City,2,10229,Petrol,Manual,17.4,1500,1100000,1998
2699,Datsun,GO,5,15000,Petrol,Manual,19.44,1200,350000,2014
4441,Honda,Jazz,4,26026,Petrol,Manual,18.2,1200,641000,2009
5424,Hyundai,Creta,6,90000,Diesel,Manual,19.67,1600,850000,2015
1332,Ford,Aspire,5,70000,Diesel,Manual,25.83,1500,440000,2015
14088,Tata,Tiago,4,51171,Diesel,Manual,27.28,1050,400000,2016
497,Hyundai,Grand,6,70000,Diesel,Manual,24.0,1100,455000,2013
8280,Renault,KWID,3,12000,Petrol,Manual,25.17,800,330000,2015
12499,Tata,Nexon,4,15700,Petrol,Manual,17.0,1200,650000,2017
1859,Toyota,Innova,13,165999,Diesel,Manual,12.99,2500,461000,2005
10692,Maruti,Ertiga,2,23000,Petrol,Manual,19.34,1500,830000,2012
11954,Maruti,Swift Dzire,2,35000,Diesel,Manual,28.4,1250,750000,2008
10910,Honda,City,4,40000,Petrol,Automatic,18.0,1500,940000,1998
10032,Volkswagen,Polo,7,49753,Diesel,Manual,20.14,1500,425000,2010
5104,Toyota,Innova,10,133000,Diesel,Manual,12.99,2500,545000,2005
12245,Mercedes-Benz,S-Class,11,147500,Diesel,Automatic,13.5,3000,1385000,1994
3801,Ford,Figo,8,55000,Diesel,Manual,20.0,1400,250000,2010
6770,Toyota,Fortuner,10,181000,Diesel,Manual,11.5,3000,1195000,2009
10251,Hyundai,i10,8,52000,Petrol,Manual,19.81,1100,261000,2007
12877,Renault,Duster,3,40000,Diesel,Manual,20.0,1500,900000,2012
3023,Volkswagen,Vento,7,59200,Petrol,Automatic,16.93,1200,540000,2010
10002,Maruti,Baleno,5,60001,Petrol,Automatic,21.4,1200,565000,2015
12755,Hyundai,Verna,6,30000,Petrol,Manual,17.1,1600,635000,2006
2613,Maruti,Ertiga,7,38000,Petrol,Manual,16.02,1400,585000,2012
6062,Volkswagen,Polo,6,96000,Diesel,Manual,20.14,1500,525000,2010
5805,Honda,Amaze,2,5000,Petrol,Manual,19.5,1200,720000,2013
8334,Maruti,Baleno,4,98521,Diesel,Manual,27.39,1250,650000,2015
4007,Datsun,RediGO,4,35000,Petrol,Manual,22.7,800,230000,2016
6217,Honda,WR-V,4,6000,Petrol,Manual,17.5,1200,825000,2017
13211,Mahindra,Scorpio,7,69000,Diesel,Automatic,11.79,2200,650000,2002
2832,Toyota,Innova,6,106000,Diesel,Manual,12.99,2500,1175000,2005
3860,Maruti,Swift Dzire,4,9691,Diesel,Manual,28.4,1250,822000,2008
4414,Hyundai,Creta,3,25000,Diesel,Manual,20.5,1600,1500000,2015
12215,Maruti,Swift Dzire,4,44500,Diesel,Manual,28.4,1250,750000,2008
7510,Volkswagen,Polo,4,22815,Petrol,Manual,16.47,1200,625000,2010
13490,Ford,Figo,5,26488,Diesel,Manual,25.83,1500,575000,2010
9693,Honda,City,4,53000,Petrol,Manual,17.4,1500,880000,1998
0,Maruti,Alto,9,120000,Petrol,Manual,19.7,800,120000,2000
14947,Hyundai,i20,3,28061,Petrol,Automatic,15.0,1400,825000,2008
11811,Maruti,Alto,4,30000,Petrol,Manual,23.95,1000,370000,2000
2070,Honda,Jazz,6,82503,Diesel,Manual,27.3,1500,611000,2009
1842,Maruti,Swift,10,70000,Petrol,Manual,18.6,1200,325000,2005
10750,BMW,7,13,70000,Petrol,Automatic,8.45,3000,750000,2002
12042,Toyota,Innova,2,19000,Diesel,Automatic,11.36,2800,1900000,2005
9277,Honda,City,2,25000,Petrol,Automatic,18.0,1500,1207000,1998
11671,Maruti,Swift Dzire,6,105240,Diesel,Manual,23.4,1250,530000,2008
11999,Jaguar,XF,4,7600,Diesel,Automatic,19.33,2000,3500000,2009
11226,Datsun,RediGO,4,24719,Petrol,Manual,22.7,800,260000,2016
9371,Hyundai,Grand,6,44004,Petrol,Manual,18.9,1200,400000,2013
10784,Ford,Ecosport,5,65000,Diesel,Manual,22.77,1500,530000,2013
10817,Honda,City,7,52643,Diesel,Manual,26.0,1500,525000,1998
11109,Maruti,Ciaz,4,45000,Diesel,Manual,28.09,1250,631000,2014
1821,Toyota,Camry,5,65300,Petrol,Automatic,12.98,2500,1471000,2002
12672,Maruti,Wagon R,6,33860,Petrol,Manual,20.51,1000,325000,1999
12574,Maruti,Celerio,5,36545,Petrol,Manual,23.1,1000,450000,2014
14020,Mercedes-Benz,C-Class,9,60000,Diesel,Automatic,15.8,2100,1125000,2001
4254,Maruti,Swift,8,50000,Petrol,Manual,18.6,1200,370000,2005
8746,Maruti,Celerio,4,4000,Petrol,Automatic,23.1,1000,478000,2014
10610,Maruti,Vitara,5,42000,Diesel,Manual,24.3,1250,725000,2016
11520,Hyundai,i20,2,28000,Petrol,Manual,18.6,1200,630000,2008
11503,Renault,KWID,4,20000,Petrol,Manual,22.3,800,275000,2015
5536,Maruti,Wagon R,8,69073,Petrol,Manual,20.51,1000,330000,1999
11468,Hyundai,Grand,5,20000,Petrol,Manual,18.9,1200,439000,2013
397,Mahindra,Scorpio,3,60000,Diesel,Manual,15.4,2500,900000,2002
13393,Hyundai,Creta,3,10000,Petrol,Manual,15.8,1600,995000,2015
9370,Honda,City,9,75000,Petrol,Manual,17.4,1500,400000,1998
12873,Toyota,Innova,7,69000,Diesel,Manual,12.99,2500,895000,2005
12254,Maruti,Swift,12,124000,Diesel,Manual,17.8,1250,340000,2005
15033,Hyundai,Grand,3,20000,Petrol,Manual,18.9,1200,520000,2013
12706,Toyota,Innova,10,132734,Diesel,Manual,12.8,2500,955000,2005
13356,Maruti,Alto,5,31000,Petrol,Automatic,23.95,1000,360000,2000
14181,Mahindra,Thar,3,40000,Diesel,Manual,16.55,2500,850000,2010
1311,Maruti,Wagon R,9,95000,"Others (CNG,LPG)",Manual,26.6,1000,190000,1999
11259,Maruti,Wagon R,10,60000,Petrol,Manual,18.9,1000,220000,1999
11341,Hyundai,i20,4,35601,Petrol,Manual,18.6,1200,565000,2008
10172,Volkswagen,Vento,8,56000,Petrol,Manual,16.09,1600,335000,2010
13088,Maruti,Alto,9,65535,Petrol,Manual,19.7,800,275000,2000
4842,Ford,Ecosport,7,40000,Petrol,Manual,15.8,1500,500000,2013
12033,Maruti,Swift,4,58000,Diesel,Manual,25.2,1250,625000,2005
9237,Honda,City,11,80000,Petrol,Manual,17.0,1500,280000,1998
4591,Maruti,Vitara,3,58511,Diesel,Manual,24.3,1250,950000,2016
10510,Hyundai,Verna,8,110000,Petrol,Manual,17.01,1600,370000,2006
5176,Maruti,Swift,9,110000,Diesel,Manual,22.9,1250,320000,2005
13714,Hyundai,Grand,2,9000,Petrol,Manual,18.9,1200,595000,2013
9611,Renault,KWID,4,43616,Petrol,Manual,25.17,800,290000,2015
7321,Maruti,Wagon R,11,20000,Petrol,Manual,18.9,1000,350000,1999
116,Maruti,Swift Dzire,9,49948,Petrol,Manual,17.5,1300,340000,2008
4702,Hyundai,i10,9,36000,Petrol,Manual,19.81,1100,215000,2007
6418,Maruti,Baleno,3,4000,Petrol,Automatic,21.4,1200,650000,2015
4720,Maruti,Ciaz,6,30000,Diesel,Manual,28.09,1250,750000,2014
6367,Hyundai,i20,4,27550,Diesel,Manual,22.54,1400,783000,2008
3059,Maruti,Celerio,4,55001,Petrol,Automatic,23.1,1000,485000,2014
14862,Hyundai,i20,5,57000,Diesel,Manual,22.54,1400,530000,2008
13218,Tata,Hexa,4,41723,Diesel,Manual,17.6,2200,1350000,2017
847,Hyundai,Grand,6,50000,Petrol,Manual,18.9,1200,405000,2013
816,Mahindra,Bolero,3,50000,Diesel,Manual,16.5,1500,800000,2000
11066,Maruti,Ertiga,8,57593,Diesel,Manual,24.52,1250,480000,2012
11715,Hyundai,Creta,6,84918,Diesel,Automatic,17.01,1600,917000,2015
9451,Hyundai,Verna,9,30917,Diesel,Manual,22.32,1600,465000,2006
4220,Maruti,Swift Dzire,4,120000,Diesel,Manual,28.4,1250,560000,2008
4643,Honda,City,4,37000,Petrol,Manual,17.8,1500,950000,1998
11008,Maruti,Swift,5,28000,Petrol,Manual,20.4,1200,425000,2005
14548,Skoda,Rapid,7,54500,Petrol,Automatic,14.3,1600,495000,2011
11132,Mahindra,XUV500,6,55000,Diesel,Manual,16.0,2200,875000,2011
3671,Maruti,Alto,6,30000,Petrol,Manual,23.95,1000,350000,2000
8031,Maruti,Swift,2,40000,Petrol,Manual,21.21,1200,525000,2005
4156,Toyota,Innova,11,80000,Diesel,Manual,12.8,2500,518000,2005
1478,Ford,Ecosport,5,51303,Diesel,Manual,23.0,1500,780000,2013
12235,Hyundai,Verna,7,225000,Diesel,Manual,22.32,1600,495000,2006
13078,Maruti,Swift,3,18000,Diesel,Automatic,28.4,1250,835000,2005
4022,Maruti,Swift,8,50000,Petrol,Manual,18.6,1200,300000,2005
6326,Toyota,Innova,6,90000,Diesel,Manual,12.99,2500,840000,2005
7251,Ford,Ecosport,7,54000,Diesel,Manual,22.7,1500,520000,2013
13899,Hyundai,i20,3,32000,Petrol,Manual,18.6,1200,690000,2008
5420,Toyota,Innova,9,160000,Diesel,Manual,12.8,2500,700000,2005
3110,Hyundai,i10,5,15000,Petrol,Manual,19.81,1100,390000,2007
246,Honda,Jazz,3,20000,Petrol,Automatic,17.1,1200,740000,2009
8911,Maruti,Alto,11,72000,"Others (CNG,LPG)",Manual,26.83,800,125000,2000
12970,BMW,3,7,41000,Diesel,Automatic,18.88,2000,1650000,2007
9580,Maruti,Ertiga,8,68000,Petrol,Manual,16.02,1400,495000,2012
9852,Renault,Duster,8,58000,Diesel,Manual,19.01,1500,415000,2012
1830,Maruti,Swift Dzire,7,64000,Diesel,Manual,23.4,1250,545000,2008
3293,Honda,City,6,53000,Petrol,Manual,17.4,1500,610000,1998
3712,Hyundai,Verna,5,7000,Petrol,Manual,17.7,1500,665000,2006
7190,Hyundai,i10,12,34402,Petrol,Manual,19.81,1100,240000,2007
8887,Hyundai,i20,2,25000,Petrol,Manual,18.6,1200,660000,2008
14586,Skoda,Superb,11,95000,Petrol,Manual,13.1,1800,300000,2004
12757,Honda,City,5,50000,Diesel,Manual,26.0,1500,660000,1998
9997,Maruti,Ertiga,6,51342,Petrol,Manual,16.02,1400,550000,2012
14936,Maruti,Baleno,4,27232,Petrol,Manual,21.1,1000,695000,2015
12466,Hyundai,Grand,4,25100,Petrol,Manual,18.9,1200,549000,2013
14929,Maruti,Swift Dzire,6,20000,Petrol,Manual,20.85,1200,520000,2008
12677,Hyundai,Grand,5,51000,Petrol,Manual,18.9,1200,530000,2013
10503,Maruti,Wagon R,3,52000,"Others (CNG,LPG)",Manual,26.6,1000,435000,1999
1809,Hyundai,i10,12,120000,Petrol,Manual,19.81,1100,150000,2007
2066,Maruti,Ertiga,4,60000,Diesel,Manual,25.47,1250,855000,2012
14303,Honda,City,6,90000,Diesel,Manual,26.0,1500,620000,1998
3806,Volkswagen,Vento,7,52455,Diesel,Manual,20.54,1600,565000,2010
3339,Maruti,Ertiga,5,50000,"Others (CNG,LPG)",Manual,17.5,1400,700000,2012
2368,Maruti,Wagon R,8,43779,Petrol,Manual,20.51,1000,320000,1999
1685,Mahindra,KUV,5,53000,Petrol,Manual,18.15,1200,400000,2016
13236,Mahindra,XUV500,4,54212,Diesel,Manual,16.0,2200,1350000,2011
9193,Maruti,Wagon R,2,19022,"Others (CNG,LPG)",Manual,33.54,1000,470000,1999
7596,Mahindra,Scorpio,4,120000,Diesel,Manual,15.4,2000,1000000,2002
12550,Maruti,Swift,6,85000,Petrol,Manual,20.4,1200,550000,2005
1163,Maruti,Ciaz,3,70000,Diesel,Manual,28.09,1250,725000,2014
5415,Toyota,Innova,5,86000,Diesel,Manual,13.68,2400,1695000,2005
12152,Maruti,Swift Dzire,4,50000,Diesel,Manual,28.4,1250,600000,2008
325,Maruti,Wagon R,2,30000,Petrol,Manual,20.52,1200,500000,1999
1835,Audi,A6,4,27000,Diesel,Automatic,18.53,2000,2600000,2005
4048,Maruti,Swift Dzire,8,55002,Diesel,Manual,26.59,1250,550000,2008
11029,Mercedes-Benz,E-Class,7,40000,Diesel,Automatic,13.0,2100,1790000,1996
10973,Maruti,Swift,9,30000,Diesel,Manual,22.9,1250,325000,2005
9321,Ford,Ecosport,8,49217,Diesel,Manual,22.7,1500,475000,2013
5184,Maruti,Alto,3,10000,Petrol,Automatic,23.95,1000,420000,2000
1743,Audi,A6,8,56787,Diesel,Automatic,17.68,2000,1650000,2005
14618,Maruti,Swift Dzire,8,45000,Diesel,Manual,28.4,1250,625000,2008
8281,Renault,KWID,4,9748,Petrol,Manual,23.01,1000,350000,2015
12591,Maruti,Ciaz,4,54500,Petrol,Automatic,19.12,1400,730000,2014
2969,Hyundai,i20,3,55373,Diesel,Manual,22.54,1400,750000,2008
12220,Renault,Duster,5,138000,Diesel,Manual,19.87,1500,578000,2012
3612,Hyundai,i20,5,50000,Petrol,Manual,17.0,1200,550000,2008
12994,Hyundai,i10,5,25166,Petrol,Manual,19.81,1100,375000,2007
6439,Volkswagen,Vento,7,54187,Diesel,Manual,20.34,1500,649000,2010
374,Honda,Jazz,3,40000,Petrol,Automatic,18.2,1200,670000,2009
3831,Hyundai,i10,10,73000,Petrol,Manual,19.81,1100,375000,2007
655,Ford,Ecosport,7,150000,Diesel,Manual,22.7,1500,470000,2013
14668,Volkswagen,Polo,2,45000,Petrol,Manual,17.74,1000,650000,2010
12705,Honda,Civic,12,101689,Petrol,Manual,13.5,1800,465000,2006
1846,Mahindra,KUV,4,50000,Petrol,Manual,18.15,1200,390000,2016
10825,Ford,Ecosport,5,100000,Diesel,Manual,22.77,1500,600000,2013
10684,Hyundai,Creta,5,52000,Petrol,Manual,13.0,1600,949000,2015
5912,Honda,City,4,46497,Petrol,Automatic,18.0,1500,930000,1998
11695,Renault,Duster,6,59000,Diesel,Manual,19.87,1500,665000,2012
11400,Hyundai,i20,6,84475,Diesel,Manual,22.54,1400,481000,2008
5889,Mahindra,Scorpio,8,71000,Diesel,Manual,12.05,2200,820000,2002
2882,Maruti,Alto,7,40000,Petrol,Manual,22.74,800,230000,2000
12375,Hyundai,Grand,6,61062,Diesel,Manual,24.0,1100,337000,2013
4063,Mahindra,Scorpio,7,136542,Diesel,Manual,15.4,2200,725000,2002
121,Mahindra,Scorpio,8,95000,Diesel,Manual,12.05,2200,550000,2002
7886,Tata,Safari,14,60000,Diesel,Manual,13.93,2200,500000,1998
10397,Toyota,Innova,9,70000,Diesel,Manual,12.99,2500,575000,2005
1100,Renault,KWID,3,20000,Petrol,Manual,23.01,1000,367000,2015
9228,Ford,Ecosport,2,18000,Petrol,Manual,15.9,1500,990000,2013
514,Maruti,Baleno,2,11000,Petrol,Manual,21.4,1200,535000,2015
458,Maruti,Wagon R,5,58000,"Others (CNG,LPG)",Manual,26.2,1000,275000,1999
6634,BMW,5,4,25000,Diesel,Automatic,14.69,3000,5500000,2007
10268,Maruti,Swift,2,21099,Petrol,Manual,22.0,1200,550000,2005
11646,Maruti,Swift,9,112755,Diesel,Manual,22.9,1250,485000,2005
12845,Ford,Endeavour,5,38000,Diesel,Automatic,12.62,2200,2250000,2003
8389,Maruti,Swift,3,48000,Diesel,Manual,28.4,1250,600000,2005
433,Maruti,Eeco,3,34500,"Others (CNG,LPG)",Manual,21.94,1200,360000,2010
7406,Hyundai,i20,4,35000,Petrol,Manual,18.6,1200,625000,2008
7717,Skoda,Rapid,9,41900,Petrol,Automatic,14.3,1600,350000,2011
12453,Mahindra,Scorpio,8,88000,Diesel,Manual,12.05,2200,585000,2002
9384,Toyota,Innova,3,45000,Diesel,Automatic,11.36,2800,1995000,2005
8764,Hyundai,Santro,8,40000,Petrol,Manual,17.92,1100,240000,1998
963,Mahindra,XUV500,3,40000,Diesel,Manual,16.0,2200,1321000,2011
6751,Ford,Figo,5,28000,Petrol,Automatic,17.01,1500,590000,2010
8641,Honda,Amaze,4,25000,Petrol,Automatic,18.1,1200,620000,2013
9862,Toyota,Innova,9,39000,Diesel,Manual,12.99,2500,650000,2005
4368,Maruti,Baleno,1,1001,Petrol,Automatic,19.56,1200,850000,2015
10606,Skoda,Superb,7,54349,Diesel,Automatic,17.2,2000,990000,2004
4511,Audi,A4,5,30000,Diesel,Automatic,18.25,2000,2400000,2008
11701,Hyundai,i10,11,44400,Petrol,Manual,20.36,1200,325000,2007
14764,Renault,Duster,5,43811,Diesel,Manual,19.87,1500,890000,2012
13139,Mahindra,XUV500,5,15000,Diesel,Automatic,16.0,2200,1620000,2011
6309,Maruti,Swift Dzire,3,60000,Petrol,Manual,22.0,1200,800000,2008
5288,Maruti,Celerio,5,61173,Diesel,Manual,27.62,800,375000,2014
5523,Maruti,Swift Dzire,7,120000,Diesel,Manual,23.4,1250,500000,2008
5698,Maruti,Swift Dzire,6,40000,Diesel,Manual,26.59,1250,500000,2008
968,Renault,Duster,8,95000,Diesel,Manual,19.01,1500,295000,2012
7421,Hyundai,Grand,3,21000,Petrol,Manual,18.9,1200,580000,2013
13527,Honda,Amaze,8,55000,Petrol,Automatic,15.5,1200,425000,2013
2006,Maruti,Vitara,4,67000,Diesel,Manual,24.3,1250,800000,2016
280,Mahindra,KUV,5,70000,Diesel,Manual,25.32,1200,350000,2016
6109,Maruti,Vitara,3,40000,Diesel,Manual,24.3,1250,920000,2016
14354,Mahindra,Bolero,8,120000,Diesel,Manual,15.96,2500,510000,2000
6405,Toyota,Fortuner,7,124998,Diesel,Manual,11.5,3000,1800000,2009
11897,Ford,Figo,6,60217,Diesel,Manual,25.83,1500,540000,2010
7920,Honda,WR-V,4,22542,Diesel,Manual,25.5,1500,749000,2017
14141,Mahindra,XUV500,4,51524,Diesel,Manual,16.0,2000,1285000,2011
7029,Hyundai,Creta,1,1500,Petrol,Manual,15.8,1600,955000,2015
8249,Mahindra,KUV,5,15000,Petrol,Manual,18.15,1200,400000,2016
5377,Maruti,Vitara,3,25000,Diesel,Manual,24.3,1250,885000,2016
8354,Ford,Aspire,5,19543,Petrol,Manual,18.16,1200,475000,2015
6292,Maruti,Alto,9,75000,Petrol,Manual,19.7,800,222000,2000
1781,Renault,Duster,8,53000,Diesel,Manual,19.87,1500,475000,2012
4435,Maruti,Swift,3,46000,Diesel,Automatic,28.4,1250,650000,2005
8033,Maruti,Swift Dzire,4,45000,Diesel,Manual,19.3,1250,525000,2008
14375,Maruti,Ertiga,2,8400,Petrol,Manual,19.01,1500,1075000,2012
8506,Hyundai,Grand,7,75570,Petrol,Automatic,18.9,1200,430000,2013
10183,Renault,KWID,5,76000,Petrol,Manual,25.17,800,210000,2015
6544,Jeep,Compass,2,10000,Petrol,Automatic,16.0,1400,2050000,2017
1358,Tata,Safari,5,100000,Diesel,Manual,14.1,2200,650000,1998
8877,Toyota,Innova,9,250000,Petrol,Manual,12.4,2000,800000,2005
13603,Hyundai,Grand,4,5800,Petrol,Automatic,18.9,1200,525000,2013
8713,Ford,Endeavour,9,80000,Diesel,Manual,13.1,2500,500000,2003
6738,Hyundai,Creta,6,140000,Diesel,Manual,19.67,1600,900000,2015
11829,Maruti,Ertiga,8,74000,Diesel,Manual,20.77,1250,655000,2012
3303,Hyundai,i20,3,27000,Petrol,Manual,18.6,1200,625000,2008
13919,Maruti,Swift Dzire,12,170000,Diesel,Manual,19.3,1250,250000,2008
5030,Volkswagen,Polo,9,70000,Diesel,Manual,22.07,1200,425000,2010
13699,Maruti,Ciaz,1,6003,Petrol,Manual,21.56,1500,875000,2014
8822,Renault,Duster,9,70000,Diesel,Manual,19.01,1500,400000,2012
5384,Volkswagen,Polo,6,68314,Diesel,Manual,20.14,1500,531000,2010
14039,Maruti,Swift,6,30000,Diesel,Manual,25.2,1250,590000,2005
3249,Maruti,Wagon R,6,48000,"Others (CNG,LPG)",Manual,32.52,1000,365000,1999
7141,Maruti,Swift Dzire,7,120000,Diesel,Manual,23.4,1250,440000,2008
4100,Hyundai,Venue,2,10000,Petrol,Automatic,18.15,1000,1000000,2019
3180,Honda,City,2,11000,Petrol,Manual,17.0,1500,755000,1998
11641,Hyundai,i20,3,114252,Diesel,Manual,22.54,1400,750000,2008
12280,Mahindra,Scorpio,7,90000,Diesel,Manual,12.05,2200,600000,2002
12863,Mercedes-Benz,C-Class,15,45000,Diesel,Automatic,14.84,2100,425000,2001
1445,Maruti,Swift Dzire,4,36000,Diesel,Manual,19.3,1250,600000,2008
13317,Mahindra,XUV500,6,80000,Diesel,Manual,16.0,2200,1100000,2011
1401,Maruti,Swift Dzire,5,46000,Diesel,Manual,26.59,1250,600000,2008
4871,Honda,City,2,12000,Diesel,Manual,25.6,1500,1080000,1998
11014,Mahindra,Thar,2,15000,Diesel,Manual,16.55,2500,950000,2010
8788,Tata,Tiago,5,29035,Petrol,Manual,23.84,1200,375000,2016
9511,Maruti,Wagon R,7,86461,Petrol,Manual,20.51,1000,290000,1999
3241,Hyundai,Verna,4,49000,Diesel,Manual,23.9,1600,949000,2006
7807,Mahindra,XUV500,8,70000,Diesel,Manual,15.1,2200,725000,2011
1301,Hyundai,Grand,3,31799,Petrol,Manual,18.9,1200,500000,2013
14178,Mahindra,Thar,5,5000,Diesel,Manual,16.55,2500,825000,2010
10297,Maruti,Baleno,5,31000,Petrol,Automatic,21.4,1200,650000,2015
8513,Hyundai,i10,10,105000,Petrol,Manual,20.36,1200,165000,2007
6846,Maruti,Alto,3,29000,Petrol,Manual,24.7,800,350000,2000
13542,Maruti,Wagon R,14,39000,Petrol,Manual,21.79,1000,135000,1999
11150,Maruti,Eeco,6,37000,Petrol,Manual,15.37,1200,260000,2010
13910,Toyota,Fortuner,6,59000,Diesel,Automatic,12.55,3000,1875000,2009
3988,Toyota,Innova,11,142800,Diesel,Manual,12.8,2500,790000,2005
8109,Tata,Tiago,4,35780,Diesel,Manual,27.28,1050,350000,2016
9071,Skoda,Rapid,4,30000,Petrol,Manual,15.41,1600,720000,2011
5862,Maruti,Swift,9,60000,Diesel,Manual,22.9,1250,380000,2005
6923,Skoda,Octavia,4,31001,Diesel,Automatic,19.5,2000,1399000,2001
3967,Mahindra,Scorpio,6,67000,Diesel,Manual,15.4,2200,925000,2002
13492,Renault,KWID,1,5000,Petrol,Automatic,24.04,1000,472000,2015
606,Mahindra,Scorpio,4,20000,Diesel,Manual,15.4,2500,800000,2002
14355,Hyundai,i10,8,80000,Petrol,Manual,20.36,1200,255000,2007
8710,Ford,Ecosport,8,60000,Diesel,Manual,22.7,1500,430000,2013
1341,Toyota,Camry,1,72000,Petrol,Manual,13.4,2400,345000,2002
4128,Maruti,Ciaz,3,65120,Petrol,Manual,20.73,1400,850000,2014
7422,Volkswagen,Polo,7,71377,Diesel,Manual,22.07,1200,365000,2010
5326,Mahindra,Bolero,4,84667,Diesel,Manual,16.5,1500,650000,2000
3875,Tata,Tiago,2,18900,Petrol,Automatic,23.84,1200,550000,2016
10382,Hyundai,i10,13,61000,Petrol,Manual,19.81,1100,165000,2007
10730,Hyundai,Grand,7,75000,Petrol,Manual,18.9,1200,390000,2013
13364,Mahindra,XUV500,4,34000,Diesel,Manual,16.0,2200,1570000,2011
10546,Skoda,Superb,7,84000,Diesel,Automatic,17.2,2000,1040000,2004
7241,Hyundai,i20,6,60000,Petrol,Manual,18.6,1200,500000,2008
10298,Honda,Amaze,6,50000,Petrol,Automatic,15.5,1200,400000,2013
4561,Tata,Nexon,3,14000,Diesel,Manual,21.5,1500,875000,2017
6779,Maruti,Alto,9,70450,Petrol,Manual,23.95,1000,289000,2000
6767,Maruti,Wagon R,6,50000,Petrol,Manual,20.51,1000,350000,1999
7412,Mahindra,XUV500,3,50000,Diesel,Manual,15.1,2200,1350000,2011
6982,Maruti,Swift Dzire,5,23211,Petrol,Manual,20.85,1200,535000,2008
6089,Mahindra,XUV500,8,90000,Diesel,Manual,15.1,2200,800000,2011
1067,Maruti,Swift,8,13000,Petrol,Manual,18.6,1200,450000,2005
796,Hyundai,Verna,8,59867,Diesel,Manual,22.32,1600,450000,2006
1803,Maruti,Wagon R,5,60000,Petrol,Manual,20.51,1000,350000,1999
2475,Audi,A6,7,50000,Diesel,Automatic,17.68,2000,1799000,2005
2947,Mahindra,XUV500,5,95000,Diesel,Automatic,16.0,2200,875000,2011
7335,Hyundai,Verna,8,42000,Diesel,Manual,22.32,1600,415000,2006
14346,Maruti,Alto,6,15200,Petrol,Manual,22.74,800,260000,2000
10946,Maruti,Baleno,5,60000,Petrol,Automatic,21.4,1200,625000,2015
5166,Maruti,Vitara,5,52000,Diesel,Manual,24.3,1250,900000,2016
9827,Datsun,GO,6,45000,Petrol,Manual,19.02,1200,250000,2014
7506,Hyundai,Verna,8,41000,Diesel,Manual,22.32,1600,430000,2006
1242,Maruti,Swift,3,25000,Diesel,Manual,28.4,1250,690000,2005
11504,Hyundai,Santro,13,81000,Petrol,Manual,17.92,1100,125000,1998
5648,Maruti,Swift Dzire,4,29000,Diesel,Manual,28.4,1250,750000,2008
4106,Hyundai,Verna,8,70000,Diesel,Manual,22.32,1600,700000,2006
14414,Maruti,Swift,5,30000,Petrol,Manual,21.21,1200,450000,2005
10626,Toyota,Camry,6,64000,Petrol,Automatic,19.16,2500,1700000,2002
4065,Hyundai,Santro,14,60000,Petrol,Manual,17.8,1100,155000,1998
6012,BMW,3,12,81297,Diesel,Automatic,16.07,2000,1000000,2007
14185,Toyota,Fortuner,1,29000,Diesel,Automatic,12.9,2800,3650000,2009
7500,Ford,Freestyle,3,42000,Diesel,Manual,24.4,1500,650000,2018
12669,Mahindra,XUV500,5,40000,Diesel,Automatic,16.0,2000,1100000,2011
13893,Mahindra,XUV500,5,67000,Diesel,Manual,16.0,2200,960000,2011
6152,Datsun,RediGO,3,1830,Petrol,Manual,22.7,800,360000,2016
5999,Toyota,Innova,6,78000,Diesel,Manual,12.99,2500,1020000,2005
9352,Maruti,Wagon R,7,85000,Petrol,Manual,21.79,1000,325000,1999
5904,Honda,Amaze,5,103092,Diesel,Manual,25.8,1500,525000,2013
4655,Renault,Duster,5,75100,Diesel,Automatic,19.6,1500,730000,2012
6622,Maruti,Swift Dzire,3,70000,Diesel,Manual,28.4,1250,608000,2008
8662,Maruti,Wagon R,11,74804,Petrol,Manual,18.9,1000,275000,1999
14524,Renault,Duster,5,80000,Diesel,Manual,19.87,1500,950000,2012
14289,Hyundai,Verna,8,80000,Diesel,Manual,22.32,1600,800000,2006
15230,Hyundai,Santro,9,120000,Petrol,Manual,17.92,1100,250000,1998
11603,Maruti,Ertiga,4,34000,Diesel,Manual,24.52,1250,885000,2012
688,Maruti,Vitara,3,24525,Diesel,Manual,24.3,1250,795000,2016
5046,Hyundai,i10,11,70000,Petrol,Manual,20.36,1200,225000,2007
14146,Hyundai,Verna,5,40125,Petrol,Manual,17.01,1600,725000,2006
8540,Maruti,Swift Dzire,6,80000,Diesel,Manual,26.59,1250,500000,2008
4162,Hyundai,Grand,6,142996,Diesel,Manual,24.0,1100,420000,2013
5110,Hyundai,i20,5,27965,Petrol,Manual,18.6,1200,625000,2008
13804,Maruti,Swift Dzire,7,107000,Diesel,Manual,23.4,1250,285000,2008
15336,Maruti,Wagon R,7,68000,Petrol,Manual,20.51,1000,250000,1999
8768,Maruti,Alto,5,30000,Petrol,Manual,23.95,1000,300000,2000
7424,Hyundai,i20,1,5000,Petrol,Automatic,17.4,1200,730000,2008
8067,Hyundai,i10,13,60000,Petrol,Manual,20.36,1200,200000,2007
8605,Maruti,Swift Dzire,5,61000,Diesel,Manual,26.59,1250,550000,2008
5555,Maruti,Swift Dzire,3,52433,Diesel,Manual,23.4,1250,650000,2008
10552,Hyundai,i20,4,42000,Petrol,Automatic,18.6,1400,545000,2008
13929,BMW,X3,7,66000,Diesel,Automatic,16.09,2000,2195000,2007
1296,Mahindra,XUV500,5,100000,Diesel,Manual,16.0,2200,829000,2011
2571,Volkswagen,Vento,5,110000,Diesel,Automatic,22.15,1500,750000,2010
2667,Maruti,Wagon R,14,115000,Petrol,Manual,21.79,1000,110000,1999
10444,Hyundai,Verna,5,120000,Diesel,Manual,23.9,1600,600000,2006
13420,Maruti,Ertiga,6,77000,"Others (CNG,LPG)",Manual,17.5,1400,645000,2012
8909,Maruti,Swift Dzire,8,70000,Petrol,Manual,19.1,1200,350000,2008
8992,Mahindra,Bolero,15,340000,Diesel,Manual,13.6,2500,250000,2000
1451,Mahindra,Bolero,5,100000,Diesel,Manual,15.96,2500,600000,2000
11306,Maruti,Ciaz,6,55000,Petrol,Manual,20.73,1400,550000,2014
113,Maruti,Swift Dzire,4,25000,Diesel,Automatic,28.4,1250,850000,2008
428,Toyota,Innova,3,58000,Diesel,Manual,13.68,2400,1750000,2005
5290,Maruti,Vitara,2,6000,Diesel,Manual,24.3,1250,900000,2016
13484,Maruti,Celerio,7,40860,Petrol,Manual,21.63,1000,345000,2014
9344,BMW,7,9,70000,Petrol,Automatic,8.45,3000,1900000,2002
12625,Maruti,Wagon R,8,55000,"Others (CNG,LPG)",Manual,26.6,1000,265000,1999
7301,Tata,Safari,4,50000,Diesel,Manual,14.1,2200,890000,1998
11053,Maruti,Wagon R,3,7000,Petrol,Manual,20.51,1000,410000,1999
2413,Honda,Amaze,8,80000,Diesel,Manual,25.8,1500,421000,2013
11467,BMW,5,3,23000,Diesel,Automatic,22.48,2000,4000000,2007
3188,Mahindra,Scorpio,6,70000,Diesel,Manual,15.4,2000,1250000,2002
9859,Mahindra,XUV500,6,58000,Diesel,Manual,16.0,2200,790000,2011
227,Hyundai,Verna,7,120000,Diesel,Manual,22.32,1600,610000,2006
14264,Tata,Harrier,2,22000,Diesel,Manual,17.0,2000,1500000,2019
9935,Hyundai,i20,4,39000,Petrol,Manual,18.6,1200,590000,2008
12288,Maruti,Alto,8,48000,Petrol,Manual,22.74,800,200000,2000
5979,Maruti,Swift Dzire,6,90000,Diesel,Manual,26.59,1250,600000,2008
7615,Hyundai,Grand,4,10000,Petrol,Manual,18.9,1200,465000,2013
5430,Honda,Civic,9,70000,Petrol,Manual,14.8,1800,500000,2006
11703,Ford,Figo,11,89254,Diesel,Manual,20.0,1400,285000,2010
14532,Hyundai,i20,5,19000,Petrol,Manual,18.6,1200,550000,2008
2123,Toyota,Innova,11,125000,Diesel,Manual,12.8,2500,550000,2005
7891,Renault,KWID,5,15000,Petrol,Manual,23.01,1000,300000,2015
11501,Maruti,Wagon R,11,315000,Petrol,Manual,18.9,1100,130000,1999
1273,Toyota,Innova,7,70000,Diesel,Manual,12.8,2500,740000,2005
61,Maruti,Swift Dzire,3,30000,Petrol,Manual,21.21,1200,575000,2008
14287,Hyundai,i10,12,70000,Petrol,Automatic,16.95,1200,235000,2007
10919,Volkswagen,Polo,8,46000,Petrol,Manual,16.47,1200,365000,2010
141,Maruti,Swift,6,65000,Diesel,Manual,28.4,1250,495000,2005
9459,Skoda,Octavia,4,3700,Petrol,Automatic,15.1,1800,2200000,2001
4103,Maruti,Wagon R,9,66000,Petrol,Manual,20.51,1000,291000,1999
1098,Maruti,Baleno,3,20000,Petrol,Manual,21.4,1200,580000,2015
13331,Volkswagen,Polo,2,7000,Petrol,Manual,18.78,1000,730000,2010
15221,Maruti,Ertiga,4,20564,"Others (CNG,LPG)",Manual,26.8,1500,812000,2012
12730,Maruti,Vitara,3,35000,Diesel,Automatic,24.3,1250,975000,2016
131,Mahindra,KUV,5,52000,Diesel,Manual,25.32,1200,375000,2016
5898,BMW,3,6,87000,Diesel,Automatic,21.76,2000,2480000,2007
7950,Maruti,Swift Dzire,4,17637,Diesel,Automatic,28.4,1250,790000,2008
6477,Hyundai,Santro,10,59081,Petrol,Manual,17.92,1100,285000,1998
2330,Maruti,Swift,6,38000,Petrol,Manual,22.0,1200,485000,2005
10194,Maruti,Ertiga,4,45000,"Others (CNG,LPG)",Manual,26.08,1500,775000,2012
14122,Mahindra,Bolero,8,65000,Diesel,Manual,15.96,2500,390000,2000
11057,Toyota,Innova,9,85000,Diesel,Manual,12.8,2500,575000,2005
9785,Honda,City,4,33000,Petrol,Manual,17.8,1500,790000,1998
1520,Hyundai,Grand,7,49000,Petrol,Automatic,18.9,1200,475000,2013
12912,Hyundai,Verna,7,43000,Petrol,Automatic,17.1,1600,690000,2006
2372,Maruti,Alto,11,67789,Petrol,Manual,19.7,800,175000,2000
7071,BMW,3,5,12000,Diesel,Automatic,13.2,2000,2300000,2007
10550,Maruti,Swift,2,14316,Petrol,Manual,21.21,1200,535000,2005
8918,Honda,City,7,85000,Diesel,Manual,26.0,1500,520000,1998
8261,Tata,Tiago,3,60000,Diesel,Manual,27.28,1050,375000,2016
14664,Hyundai,i20,3,25000,Petrol,Manual,18.6,1200,770000,2008
757,Toyota,Fortuner,10,75000,Diesel,Manual,11.5,3000,1099000,2009
14984,Honda,City,5,50000,Petrol,Manual,17.8,1500,600000,1998
11024,Audi,A4,6,62000,Diesel,Automatic,17.11,2000,1549000,2008
4876,Honda,City,6,84000,Petrol,Manual,17.4,1500,675000,1998
2812,Hyundai,Grand,6,38000,Petrol,Manual,18.9,1200,485000,2013
13313,Toyota,Innova,13,143448,Diesel,Manual,12.8,2500,700000,2005
15365,Hyundai,Grand,4,60000,Petrol,Manual,18.9,1200,350000,2013
7264,Maruti,Alto,14,46000,Petrol,Manual,19.7,800,110000,2000
6019,Maruti,Swift Dzire,3,33000,Petrol,Manual,21.21,1200,655000,2008
5905,Mercedes-Benz,C-Class,7,134000,Diesel,Automatic,14.84,2100,1200000,2001
7604,Maruti,Swift,5,68000,Diesel,Manual,28.4,1250,580000,2005
11430,Maruti,Vitara,4,18000,Diesel,Manual,24.3,1250,750000,2016
9214,Volkswagen,Polo,7,28492,Petrol,Manual,16.47,1200,400000,2010
3353,Hyundai,i20,4,25000,Diesel,Manual,21.19,1400,771000,2008
14895,Maruti,Alto,16,91000,Petrol,Manual,19.7,800,125000,2000
6120,Maruti,Vitara,5,95500,Diesel,Manual,24.3,1250,725000,2016
2180,Honda,City,7,36348,Petrol,Automatic,18.0,1500,695000,1998
12885,Mahindra,Thar,4,25000,Diesel,Manual,16.55,2500,700000,2010
5170,Hyundai,i10,11,54886,Petrol,Manual,20.36,1200,250000,2007
14951,Maruti,Alto,6,70000,Petrol,Manual,23.95,1000,300000,2000
8490,Hyundai,Creta,5,37859,Diesel,Manual,21.38,1400,709000,2015
4400,Maruti,Swift,6,92000,Diesel,Manual,22.9,1250,480000,2005
6249,Tata,Harrier,1,10000,Diesel,Manual,17.0,2000,1228000,2019
10257,Renault,Duster,8,72354,Diesel,Manual,19.64,1500,385000,2012
5954,Renault,KWID,1,3960,Petrol,Automatic,22.0,1000,550000,2015
2639,Maruti,Wagon R,7,61000,Petrol,Manual,20.51,1000,350000,1999
2877,BMW,3,5,46000,Diesel,Automatic,21.76,2000,2650000,2007
9653,Maruti,Swift,7,73956,Diesel,Manual,25.2,1250,378000,2005
8579,Maruti,Ciaz,3,40000,Petrol,Manual,20.73,1400,770000,2014
3308,Maruti,Alto,6,20000,Petrol,Manual,23.95,1000,300000,2000
1945,Hyundai,Verna,3,18000,Diesel,Manual,22.0,1600,1150000,2006
4859,Maruti,Alto,4,23701,Petrol,Manual,24.7,800,312000,2000
3362,Maruti,Wagon R,9,84000,Petrol,Manual,18.9,1000,215000,1999
11540,Honda,WR-V,4,50000,Diesel,Manual,25.5,1500,700000,2017
5237,Maruti,Wagon R,8,40000,Petrol,Manual,20.51,1000,395000,1999
3571,Toyota,Camry,6,81000,Petrol,Automatic,19.16,2500,1725000,2002
9309,Maruti,Vitara,3,34000,Diesel,Manual,24.3,1250,795000,2016
8311,Mahindra,Bolero,8,200000,Diesel,Manual,15.96,2500,360000,2000
5125,Maruti,Swift,9,100000,Diesel,Manual,22.9,1250,425000,2005
5936,Hyundai,Creta,4,43000,Petrol,Manual,13.0,1600,1050000,2015
10189,Maruti,Swift,7,70000,Diesel,Manual,25.2,1250,390000,2005
8332,Maruti,Ciaz,1,1685,Petrol,Manual,20.65,1500,810000,2014
15070,Hyundai,Grand,3,15000,Petrol,Manual,18.9,1200,465000,2013
8241,Datsun,RediGO,3,14000,Petrol,Automatic,23.0,1000,349000,2016
3945,BMW,3,8,90000,Diesel,Automatic,18.88,2000,1375000,2007
6121,Hyundai,i20,6,80000,Diesel,Manual,22.54,1400,520000,2008
6020,Mahindra,Scorpio,7,120000,Diesel,Automatic,11.79,2200,700000,2002
3404,Toyota,Innova,13,95000,Diesel,Manual,12.99,2500,525000,2005
1221,Maruti,Swift Dzire,3,60000,Diesel,Manual,28.4,1250,700000,2008
3781,Volkswagen,Polo,6,87000,Petrol,Automatic,17.21,1200,600000,2010
11215,Maruti,Swift,7,52000,Petrol,Manual,22.0,1200,361000,2005
13958,Maruti,Swift Dzire,6,52000,Petrol,Manual,20.85,1200,440000,2008
7873,Maruti,Wagon R,6,20000,Petrol,Automatic,20.51,1000,430000,1999
12607,Toyota,Innova,5,60000,Diesel,Manual,13.68,2400,1770000,2005
6018,Maruti,Alto,2,10000,Petrol,Manual,23.95,1000,373000,2000
6235,Hyundai,Grand,6,15000,Petrol,Manual,18.9,1200,450000,2013
794,Mahindra,Scorpio,7,70000,Diesel,Manual,14.0,2500,650000,2002
5009,Maruti,Swift,6,50000,Petrol,Manual,20.4,1200,450000,2005
12683,Maruti,Swift Dzire,4,27000,Diesel,Manual,28.4,1250,875000,2008
1043,Honda,Amaze,2,23000,Petrol,Manual,19.5,1200,651000,2013
14295,Hyundai,Santro,12,110000,"Others (CNG,LPG)",Manual,13.45,1100,200000,1998
5874,Toyota,Innova,4,130000,Diesel,Manual,13.68,2400,1645000,2005
6377,Maruti,Alto,5,25000,Petrol,Manual,22.74,800,220000,2000
14573,Hyundai,Grand,2,13900,Petrol,Manual,18.9,1200,590000,2013
3456,Toyota,Innova,6,69000,Diesel,Manual,12.8,2500,925000,2005
14259,Volkswagen,Vento,8,65000,Diesel,Manual,20.54,1600,385000,2010
900,Hyundai,i20,6,35000,Diesel,Manual,22.54,1400,600000,2008
9346,Skoda,Octavia,7,38000,Petrol,Automatic,14.7,1800,890000,2001
5421,Hyundai,Verna,12,121725,Diesel,Manual,16.8,1500,330000,2006
13612,Hyundai,Grand,4,12000,Petrol,Automatic,18.9,1200,625000,2013
1344,Toyota,Fortuner,4,67563,Diesel,Automatic,12.9,2800,2700000,2009
10976,Skoda,Superb,7,36000,Petrol,Automatic,13.7,1800,1099000,2004
7531,Hyundai,i20,4,48000,Petrol,Manual,17.19,1200,565000,2008
15269,Hyundai,i20,4,25000,Petrol,Manual,18.6,1200,650000,2008
11852,Hyundai,Verna,2,20000,Petrol,Manual,17.0,1600,990000,2006
1588,Maruti,Vitara,3,51000,Diesel,Manual,24.3,1250,950000,2016
12159,Maruti,Wagon R,6,55000,"Others (CNG,LPG)",Manual,26.2,1000,295000,1999
11976,Ford,Figo,9,151000,Diesel,Manual,20.0,1400,251000,2010
6244,BMW,X1,9,92000,Diesel,Automatic,17.05,2000,1200000,2010
7644,Mahindra,Thar,2,29800,Diesel,Manual,16.55,2500,795000,2010
9427,Maruti,Swift,8,105000,Diesel,Manual,22.9,1250,320000,2005
1818,Maruti,Wagon R,10,75000,"Others (CNG,LPG)",Manual,26.6,1000,275000,1999
13749,Maruti,Wagon R,4,44000,Petrol,Manual,20.51,1000,410000,1999
547,Maruti,Alto,11,100000,Petrol,Manual,20.92,1000,168000,2000
7261,Maruti,Wagon R,3,45455,Petrol,Manual,18.9,1000,425000,1999
5702,Mahindra,Bolero,3,90000,Diesel,Manual,15.96,2500,715000,2000
1612,Skoda,Rapid,7,36000,Diesel,Manual,20.5,1600,530000,2011
1943,Volkswagen,Polo,9,38000,Diesel,Manual,22.07,1200,295000,2010
6673,Honda,City,6,80540,Diesel,Manual,26.0,1500,585000,1998
1014,Honda,Amaze,4,58900,Petrol,Manual,17.8,1200,470000,2013
3835,Ford,Ecosport,5,71500,Diesel,Manual,21.7,1500,690000,2013
1326,Hyundai,i20,7,67000,Diesel,Manual,21.9,1400,355000,2008
7762,Maruti,Swift Dzire,2,60000,Petrol,Manual,21.21,1200,525000,2008
9369,Audi,A4,7,50000,Diesel,Automatic,17.11,2000,1450000,2008
14301,Maruti,Ciaz,5,35000,Diesel,Manual,28.09,1250,680000,2014
8706,Maruti,Swift Dzire,4,23000,Petrol,Manual,20.85,1200,525000,2008
3428,Skoda,Rapid,8,77300,Diesel,Manual,21.14,1500,475000,2011
11889,Hyundai,Venue,1,7066,Petrol,Automatic,18.15,1000,1185000,2019
12923,Ford,Ecosport,5,33000,Petrol,Manual,15.85,1500,550000,2013
5507,Skoda,Octavia,13,38000,Diesel,Manual,16.6,1900,540000,2001
14874,Hyundai,Creta,6,51000,Diesel,Manual,21.38,1400,910000,2015
11669,Maruti,Alto,4,23000,Petrol,Manual,23.95,1000,390000,2000
3396,Honda,WR-V,4,41632,Diesel,Manual,25.5,1500,745000,2017
12536,Toyota,Innova,7,115000,Diesel,Manual,12.99,2500,990000,2005
77,Mercedes-Benz,C-Class,9,74352,Petrol,Automatic,11.74,1800,775000,2001
12557,Renault,Duster,5,70000,Diesel,Manual,19.87,1500,580000,2012
11782,Maruti,Ertiga,8,55000,Diesel,Manual,20.77,1250,650000,2012
4674,Mahindra,KUV100,4,15000,Diesel,Manual,25.32,1200,570000,2016
5242,Maruti,Ertiga,3,5000,Diesel,Manual,25.47,1250,957000,2012
2333,Maruti,Baleno,4,22000,Petrol,Manual,21.01,1200,789000,2015
6921,Maruti,Swift,6,45000,Diesel,Manual,28.4,1250,475000,2005
2084,Renault,Duster,5,50000,Diesel,Manual,19.87,1500,850000,2012
2663,Hyundai,Verna,10,58000,Petrol,Manual,17.1,1600,399000,2006
15331,Maruti,Wagon R,8,64000,"Others (CNG,LPG)",Manual,26.2,1000,255000,1999
10587,Maruti,Swift Dzire,12,92000,Diesel,Manual,19.3,1250,199000,2008
10378,Audi,A6,9,44000,Diesel,Automatic,17.68,2000,1325000,2005
14150,Maruti,Swift Dzire,4,79224,Diesel,Automatic,28.4,1250,750000,2008
4362,Toyota,Innova,7,150000,Diesel,Manual,12.99,2500,900000,2005
13585,Hyundai,i20,2,13230,Petrol,Manual,18.6,1200,772000,2008
1703,Maruti,Ertiga,6,98000,Diesel,Manual,25.47,1250,750000,2012
4082,Maruti,Alto,3,30000,Petrol,Manual,23.95,1000,380000,2000
13662,Ford,Ecosport,2,11458,Diesel,Manual,21.7,1500,990000,2013
11798,Hyundai,i20,4,30000,Diesel,Manual,22.54,1400,760000,2008
10880,Maruti,Wagon R,4,55271,"Others (CNG,LPG)",Manual,26.2,1000,365000,1999
2587,Toyota,Fortuner,8,170000,Diesel,Automatic,12.55,3000,1435000,2009
6725,Hyundai,Grand,2,9000,Diesel,Manual,24.0,1200,650000,2013
3285,BMW,5,6,68000,Diesel,Automatic,18.12,2000,2550000,2007
5687,Maruti,Wagon R,14,89000,Petrol,Manual,18.9,1000,195000,1999
8834,Maruti,Wagon R,2,15000,Petrol,Manual,20.51,1000,420000,1999
6255,Hyundai,i20,4,70000,Diesel,Manual,21.19,1400,850000,2008
13630,Maruti,Ertiga,8,38000,Diesel,Manual,20.77,1250,650000,2012
3738,Hyundai,i10,8,40000,Petrol,Manual,19.81,1100,295000,2007
8232,Hyundai,Creta,6,35000,Diesel,Manual,19.67,1600,850000,2015
5342,Maruti,Wagon R,11,40000,Petrol,Manual,18.9,1000,214000,1999
13928,Ford,Ecosport,8,60000,Diesel,Manual,22.7,1500,425000,2013
7169,Renault,KWID,4,70000,Petrol,Manual,23.01,1000,345000,2015
11013,Skoda,Rapid,7,72000,Diesel,Automatic,21.66,1500,515000,2011
85,Ford,Figo,10,40000,Petrol,Manual,15.6,1200,130000,2010
11762,Honda,City,4,23000,Diesel,Manual,26.0,1500,875000,1998
10772,Honda,Amaze,5,46000,Petrol,Manual,18.0,1200,425000,2013
12402,Maruti,Swift,12,54000,Petrol,Manual,16.1,1300,360000,2005
1460,Ford,Ecosport,4,70000,Diesel,Manual,22.77,1500,750000,2013
11544,Maruti,Baleno,4,46931,Petrol,Manual,21.01,1200,500000,2015
3966,Ford,Aspire,5,75000,Petrol,Manual,18.16,1200,395000,2015
3842,Hyundai,Santro,10,50000,Petrol,Manual,17.92,1100,250000,1998
1453,Hyundai,Santro,1,100,Petrol,Manual,20.3,1100,475000,1998
701,Honda,City,7,110000,Diesel,Manual,25.1,1500,550000,1998
7390,Maruti,Alto,11,87743,Petrol,Manual,19.7,800,150000,2000
3808,Maruti,Ertiga,6,100000,"Others (CNG,LPG)",Manual,22.8,1400,650000,2012
5083,BMW,5,9,90000,Diesel,Automatic,16.73,3000,1650000,2007
7062,Ford,Ecosport,6,90000,Diesel,Manual,22.77,1500,565000,2013
2285,Maruti,Alto,10,70000,Petrol,Manual,20.92,1000,180000,2000
8353,Mahindra,Thar,4,15000,Diesel,Manual,16.55,2500,850000,2010
9663,Honda,City,6,71678,Diesel,Manual,25.1,1500,610000,1998
13769,Skoda,Octavia,4,48592,Diesel,Manual,18.7,1900,1675000,2001
7611,Maruti,Alto,2,5000,Petrol,Manual,24.7,800,300000,2000
3371,Hyundai,i20,9,79330,Petrol,Manual,17.0,1200,375000,2008
10495,Hyundai,Grand,3,45000,"Others (CNG,LPG)",Manual,18.9,1200,490000,2013
9117,Renault,Duster,6,120000,Diesel,Manual,20.45,1500,550000,2012
7530,Honda,Jazz,4,20000,Petrol,Automatic,19.0,1200,625000,2009
11335,Hyundai,Santro,9,55324,Petrol,Manual,17.92,1100,200000,1998
12442,Tata,Nexon,2,25000,Diesel,Manual,21.5,1500,862000,2017
13352,Mercedes-Benz,C-Class,9,64212,Diesel,Automatic,14.94,2100,1000000,2001
3836,Maruti,Swift Dzire,8,71200,Diesel,Manual,19.3,1250,465000,2008
14431,Maruti,Wagon R,7,65000,Petrol,Manual,20.51,1000,350000,1999
2913,Hyundai,Grand,6,40103,Petrol,Manual,18.9,1200,440000,2013
8299,Hyundai,Grand,1,1000,Petrol,Manual,18.9,1200,636000,2013
2543,Hyundai,Creta,5,71000,Diesel,Automatic,17.01,1600,1080000,2015
8297,Hyundai,Grand,4,73000,Diesel,Manual,24.0,1200,375000,2013
2390,Tata,Safari,5,53000,Diesel,Manual,14.1,2200,845000,1998
4750,Honda,Amaze,3,11000,Petrol,Manual,17.8,1200,690000,2013
14224,Toyota,Innova,3,37000,Diesel,Automatic,11.36,2800,1950000,2005
11819,Audi,A6,8,60000,Diesel,Automatic,17.68,2000,1500000,2005
7168,Maruti,Wagon R,9,12000,Petrol,Manual,18.9,1000,265000,1999
12063,Maruti,Vitara,3,20900,Diesel,Automatic,24.3,1250,995000,2016
4175,Hyundai,i20,6,90000,Diesel,Manual,21.9,1400,540000,2008
12330,Maruti,Swift Dzire,8,38000,Petrol,Manual,19.1,1200,395000,2008
5752,Ford,Ecosport,5,72000,Diesel,Manual,21.7,1500,690000,2013
8095,Maruti,Swift,7,60000,Diesel,Manual,28.4,1250,458000,2005
5865,Hyundai,Grand,5,77000,Petrol,Manual,18.9,1200,500000,2013
5529,Maruti,Vitara,5,66000,Diesel,Manual,24.3,1250,795000,2016
2308,Honda,City,4,54000,Petrol,Automatic,18.0,1500,845000,1998
15259,Hyundai,Creta,5,110000,Diesel,Manual,21.38,1400,850000,2015
5366,Maruti,Ciaz,5,50000,Diesel,Manual,28.09,1250,745000,2014
8440,Renault,KWID,5,28842,Petrol,Manual,25.17,800,350000,2015
704,Mercedes-Benz,GL-Class,7,89000,Diesel,Automatic,11.3,3000,3450000,2010
2556,Datsun,GO,5,40000,Petrol,Manual,19.44,1200,400000,2014
2137,Hyundai,Creta,3,65411,Diesel,Manual,19.67,1600,1360000,2015
14305,Maruti,Swift,11,36000,Petrol,Manual,16.6,1200,350000,2005
10453,Volkswagen,Polo,7,56000,Diesel,Manual,20.14,1500,345000,2010
4403,Maruti,Vitara,4,53892,Diesel,Manual,24.3,1250,780000,2016
10190,Ford,Ecosport,5,72000,Diesel,Manual,22.77,1500,615000,2013
10377,Hyundai,i10,7,49000,Petrol,Manual,19.81,1100,265000,2007
6101,Mahindra,Bolero,4,60000,Diesel,Manual,15.96,2500,690000,2000
5768,Maruti,Swift Dzire,7,102000,Diesel,Manual,19.3,1250,550000,2008
10563,Maruti,Wagon R,6,47000,Petrol,Manual,18.9,1000,325000,1999
2505,Toyota,Innova,8,128000,Diesel,Manual,12.99,2500,975000,2005
3219,Maruti,Swift,5,8000,Petrol,Manual,22.0,1200,475000,2005
15075,Maruti,Vitara,5,27000,Diesel,Manual,24.3,1250,875000,2016
5181,Maruti,Swift Dzire,6,77482,Diesel,Manual,26.59,1250,552000,2008
13494,Maruti,Ertiga,5,132000,Diesel,Manual,24.52,1250,800000,2012
5876,Maruti,Swift,10,97000,Diesel,Manual,22.9,1250,350000,2005
3357,Maruti,Ciaz,5,22000,Petrol,Manual,20.73,1400,715000,2014
786,Hyundai,i20,4,45000,Petrol,Manual,18.6,1200,600000,2008
838,Ford,Endeavour,10,62000,Diesel,Automatic,11.4,3000,425000,2003
13975,Mercedes-Benz,E-Class,6,50000,Diesel,Automatic,14.21,2100,2400000,1996
14645,Maruti,Celerio,6,40000,Petrol,Manual,21.63,1000,335000,2014
12752,Hyundai,Verna,6,60000,Petrol,Manual,17.43,1400,570000,2006
1737,Mercedes-Benz,E-Class,8,68000,Diesel,Automatic,14.21,2100,1690000,1996
10942,Honda,City,6,40212,Petrol,Manual,17.8,1500,650000,1998
4250,Maruti,Swift Dzire,5,20000,Petrol,Manual,20.85,1200,525000,2008
5596,Maruti,Vitara,5,56000,Diesel,Manual,24.3,1250,800000,2016
14590,Maruti,Swift Dzire,6,58904,Petrol,Manual,22.0,1200,475000,2008
4854,Honda,City,8,52438,Petrol,Manual,16.9,1500,420000,1998
3189,Hyundai,i20,7,42000,Petrol,Manual,18.6,1200,485000,2008
11488,Honda,Jazz,6,60000,Petrol,Manual,18.7,1200,495000,2009
12800,BMW,X1,5,55000,Diesel,Automatic,20.68,2000,2050000,2010
4606,Volkswagen,Polo,8,73000,Diesel,Manual,22.07,1200,420000,2010
39,Maruti,Baleno,5,52427,Petrol,Automatic,21.4,1200,590000,2015
6092,Maruti,Alto,9,15000,Petrol,Manual,20.92,1000,200000,2000
3046,Mahindra,XUV500,8,73000,Diesel,Manual,15.1,2200,675000,2011
9455,Maruti,Alto,4,50000,Petrol,Manual,23.95,1000,298000,2000
9920,Hyundai,Santro,12,36000,Petrol,Manual,17.92,1100,127000,1998
1057,Toyota,Innova,2,31999,Diesel,Automatic,11.36,2800,1825000,2005
8331,Mercedes-Benz,GL-Class,7,93000,Diesel,Automatic,12.0,3000,3450000,2010
6994,Ford,Freestyle,3,30000,Petrol,Manual,19.0,1200,630000,2018
3114,Honda,Jazz,10,58000,Petrol,Manual,16.0,1200,325000,2009
13129,Mercedes-Benz,C-Class,5,28000,Diesel,Automatic,14.84,2100,2500000,2001
4628,Hyundai,Creta,5,62000,Diesel,Automatic,17.01,1600,1275000,2015
4707,Hyundai,i20,8,62000,Diesel,Manual,21.9,1400,435000,2008
1324,Toyota,Fortuner,9,130000,Diesel,Automatic,12.55,3000,1450000,2009
5844,Audi,A4,7,65000,Diesel,Automatic,17.11,2000,1850000,2008
8828,Maruti,Celerio,7,43500,Petrol,Manual,23.1,1000,319000,2014
11107,Honda,City,9,69000,Petrol,Manual,17.0,1500,445000,1998
5087,Hyundai,i10,10,40000,Petrol,Manual,20.36,1200,350000,2007
525,Maruti,Wagon R,4,70000,Petrol,Manual,20.51,1000,360000,1999
12991,Renault,Duster,6,68000,Diesel,Manual,19.87,1500,497000,2012
5373,Maruti,Wagon R,12,82149,Petrol,Manual,21.79,1000,220000,1999
7469,Maruti,Vitara,4,15000,Diesel,Manual,24.3,1250,740000,2016
3822,Maruti,Ciaz,6,40000,Petrol,Manual,20.73,1400,715000,2014
9073,Toyota,Innova,4,85000,Diesel,Manual,13.68,2400,1546000,2005
13760,Hyundai,Creta,5,70000,Diesel,Manual,20.5,1600,1125000,2015
4517,Renault,KWID,2,10000,Petrol,Automatic,24.04,1000,448000,2015
8688,Maruti,Swift,7,47500,Petrol,Manual,22.0,1200,400000,2005
13771,Hyundai,i20,3,38000,Diesel,Manual,22.54,1400,875000,2008
2727,Tata,Hexa,3,46000,Diesel,Manual,17.6,2200,1225000,2017
8137,BMW,X1,9,65000,Diesel,Automatic,15.06,2000,850000,2010
8449,Toyota,Fortuner,8,140305,Diesel,Manual,11.5,3000,1375000,2009
9065,Toyota,Innova,11,128787,Diesel,Manual,12.8,2500,825000,2005
9858,Honda,City,10,39000,Petrol,Manual,17.0,1500,349000,1998
7933,Toyota,Innova,3,60000,Diesel,Manual,13.68,2400,1650000,2005
13642,Datsun,GO,6,70000,Petrol,Manual,19.44,1200,350000,2014
4753,Maruti,Ertiga,3,40000,Petrol,Manual,17.5,1400,650000,2012
10487,Hyundai,Creta,5,58000,Diesel,Automatic,17.01,1600,999000,2015
10195,Honda,Amaze,6,22000,Petrol,Manual,18.0,1200,450000,2013
2335,Maruti,Ciaz,2,5000,Petrol,Manual,21.56,1500,830000,2014
1201,Hyundai,i20,3,50000,Petrol,Manual,18.6,1200,700000,2008
2869,Hyundai,Verna,2,14000,Diesel,Manual,22.0,1600,1125000,2006
4908,Renault,KWID,4,60000,Petrol,Manual,23.01,1000,350000,2015
9271,Toyota,Camry,5,86000,Petrol,Automatic,19.16,2500,1995000,2002
3179,Maruti,Ertiga,4,73338,"Others (CNG,LPG)",Manual,17.5,1400,800000,2012
10114,Ford,Ecosport,4,25000,Diesel,Manual,23.0,1500,800000,2013
9726,Mercedes-Benz,C-Class,7,69550,Diesel,Automatic,14.84,2100,1295000,2001
14131,Honda,City,6,20000,Petrol,Automatic,18.0,1500,800000,1998
13479,Honda,Amaze,7,170000,Diesel,Manual,25.8,1500,450000,2013
2664,Maruti,Ciaz,4,31400,Diesel,Manual,28.09,1250,785000,2014
11018,Volkswagen,Polo,11,106451,Petrol,Manual,16.47,1200,225000,2010
14440,Hyundai,Venue,2,6500,Petrol,Automatic,18.15,1000,1100000,2019
9608,Hyundai,Santro,1,8268,Petrol,Manual,20.3,1100,445000,1998
12880,Volkswagen,Polo,4,55000,Petrol,Manual,16.2,1200,675000,2010
1751,Hyundai,Grand,2,15000,Petrol,Manual,18.9,1200,575000,2013
8516,Renault,KWID,4,30000,Petrol,Automatic,24.04,1000,320000,2015
13263,Toyota,Fortuner,10,85000,Diesel,Manual,11.5,3000,1100000,2009
6391,Jaguar,XF,7,69000,Diesel,Automatic,16.36,2200,2100000,2009
5919,Maruti,Alto,11,50000,Petrol,Manual,20.92,1000,225000,2000
1159,Renault,Duster,9,58000,Diesel,Manual,19.87,1500,500000,2012
7677,Ford,Ecosport,3,30000,Diesel,Manual,23.0,1500,950000,2013
4267,Mahindra,XUV500,3,40328,Diesel,Manual,15.1,2200,1550000,2011
10244,Maruti,Celerio,3,20067,Petrol,Manual,23.1,1000,410000,2014
261,Hyundai,i10,9,110699,Petrol,Manual,20.36,1200,194000,2007
4738,Mahindra,Scorpio,14,76600,Diesel,Manual,10.5,2200,375000,2002
10240,BMW,3,11,45000,Petrol,Automatic,12.05,2000,675000,2007
10124,Maruti,Ertiga,6,49000,"Others (CNG,LPG)",Manual,26.08,1500,650000,2012
1429,Maruti,Wagon R,13,100000,Petrol,Manual,18.9,1100,150000,1999
11484,Ford,Ecosport,3,9929,Petrol,Manual,17.0,1500,750000,2013
5452,Mahindra,XUV500,9,80000,Diesel,Manual,15.1,2200,650000,2011
5299,Mahindra,Scorpio,2,70000,Diesel,Manual,9.0,2200,950000,2002
11055,Maruti,Ertiga,2,5298,Petrol,Manual,19.34,1500,900000,2012
3788,BMW,7,4,21119,Diesel,Automatic,16.46,3000,7500000,2002
8052,Maruti,Swift Dzire,2,10000,Diesel,Manual,28.4,1250,810000,2008
9540,Honda,Amaze,2,11000,Diesel,Automatic,23.8,1500,900000,2013
13233,Maruti,Swift,4,62904,Diesel,Manual,28.4,1250,700000,2005
3427,Honda,City,2,2600,Petrol,Automatic,17.4,1500,1400000,1998
10202,Ford,Endeavour,3,50000,Diesel,Automatic,12.62,2200,2950000,2003
1938,Mahindra,Thar,3,11000,Diesel,Manual,18.06,2500,771000,2010
13308,Maruti,Swift Dzire,8,86300,Petrol,Manual,19.1,1200,440000,2008
13515,Maruti,Ciaz,6,48000,Diesel,Manual,26.21,1250,685000,2014
1303,Maruti,Wagon R,6,15000,Petrol,Manual,20.51,1000,300000,1999
9930,Toyota,Camry,5,87000,Petrol,Automatic,19.16,2500,1995000,2002
2242,Maruti,Ertiga,6,42895,"Others (CNG,LPG)",Manual,17.5,1400,690000,2012
14587,Hyundai,i20,2,18000,Petrol,Manual,18.6,1200,700000,2008
3530,Maruti,Ciaz,5,35701,Petrol,Manual,20.73,1400,645000,2014
12002,Maruti,Celerio,5,30000,Petrol,Automatic,23.1,1000,500000,2014
905,Mercedes-Benz,GL-Class,5,70000,Diesel,Automatic,12.0,3000,4100000,2010
10514,Skoda,Rapid,8,54000,Diesel,Manual,20.5,1600,365000,2011
578,Maruti,Swift,7,60000,Diesel,Manual,25.2,1250,450000,2005
1613,Toyota,Fortuner,9,102000,Diesel,Automatic,12.55,3000,1425000,2009
8591,Mercedes-Benz,C-Class,11,58000,Petrol,Automatic,11.7,1800,840000,2001
2738,Maruti,Celerio,6,36000,"Others (CNG,LPG)",Manual,31.79,1000,422000,2014
9312,Maruti,Ciaz,5,20000,Diesel,Manual,28.09,1250,685000,2014
10139,Maruti,Swift,8,73000,Diesel,Manual,22.9,1250,350000,2005
1632,Toyota,Innova,9,120000,Diesel,Manual,12.99,2500,850000,2005
774,Hyundai,i10,13,30000,Petrol,Manual,19.81,1100,160000,2007
11064,Honda,City,3,21094,Petrol,Automatic,18.0,1500,940000,1998
5368,Hyundai,i10,7,89800,Petrol,Manual,20.36,1200,275000,2007
11433,Hyundai,Verna,8,69000,Diesel,Manual,22.32,1600,400000,2006
15202,Maruti,Swift Dzire,3,12000,Petrol,Automatic,22.0,1200,800000,2008
7985,Maruti,Swift,7,62000,Diesel,Manual,25.2,1250,400000,2005
4861,Hyundai,Verna,13,85753,Diesel,Manual,18.1,1500,250000,2006
13362,Maruti,Swift,13,57000,Petrol,Manual,16.1,1300,205000,2005
12869,Maruti,Vitara,2,20000,Diesel,Manual,24.3,1250,750000,2016
11871,Maruti,Swift Dzire,4,28603,Petrol,Manual,22.0,1200,565000,2008
12003,Hyundai,i10,12,50000,Petrol,Manual,20.36,1200,200000,2007
14378,Maruti,Ciaz,5,103000,Diesel,Manual,28.09,1250,745000,2014
9354,Toyota,Innova,4,56000,Diesel,Manual,13.68,2400,1675000,2005
13334,Maruti,Vitara,3,40000,Diesel,Manual,24.3,1250,800000,2016
11632,Tata,Harrier,2,13000,Diesel,Manual,17.0,2000,1711000,2019
7288,Tata,Tiago,3,20000,Petrol,Manual,23.84,1200,440000,2016
14402,Mahindra,XUV500,6,50000,Diesel,Manual,15.1,2200,675000,2011
1355,Toyota,Innova,8,75000,Diesel,Manual,12.99,2500,600000,2005
1229,Renault,KWID,5,80000,Petrol,Manual,25.17,800,250000,2015
9314,Maruti,Ciaz,3,20000,Diesel,Manual,28.09,1250,875000,2014
9774,Hyundai,i20,5,62000,Petrol,Manual,17.0,1200,545000,2008
12131,Mercedes-Benz,S-Class,11,50000,Petrol,Automatic,10.13,3500,1751000,1994
8503,Honda,City,4,80000,Diesel,Manual,25.6,1500,961000,1998
11843,Maruti,Wagon R,11,45000,Petrol,Manual,18.9,1100,190000,1999
7729,Maruti,Baleno,4,44000,Diesel,Manual,27.39,1250,650000,2015
12133,Ford,Aspire,5,53500,Diesel,Manual,25.83,1500,575000,2015
10347,Volkswagen,Vento,7,59000,Petrol,Manual,15.04,1600,450000,2010
13935,Hyundai,Creta,5,50000,Diesel,Manual,19.67,1600,1000000,2015
6269,Maruti,Celerio,5,54000,Petrol,Automatic,23.1,1000,450000,2014
7429,Honda,WR-V,4,34250,Petrol,Manual,17.5,1200,825000,2017
6446,Maruti,Alto,8,52000,Petrol,Manual,20.92,1000,260000,2000
4715,Hyundai,i10,11,171289,Petrol,Manual,20.36,1200,230000,2007
15152,Renault,KWID,4,25000,Petrol,Manual,23.01,1000,390000,2015
1035,Renault,Duster,8,56000,Diesel,Manual,19.01,1500,450000,2012
911,Honda,Jazz,6,88541,Diesel,Manual,27.3,1500,500000,2009
971,Tata,Tigor,3,50000,Petrol,Manual,20.3,1200,410000,2017
1994,Mercedes-Benz,S-Class,11,50312,Diesel,Automatic,13.5,3000,1455000,1994
4693,Mahindra,Thar,9,15000,Diesel,Manual,18.06,2500,153000,2010
6433,Hyundai,Creta,3,31500,Petrol,Manual,15.8,1600,1275000,2015
9529,Maruti,Swift,7,42000,Diesel,Manual,25.2,1250,365000,2005
2458,Audi,Q7,5,40182,Diesel,Automatic,14.75,3000,4800000,2006
15190,BMW,3,8,54251,Diesel,Automatic,18.88,2000,1250000,2007
14147,Hyundai,Grand,3,35000,Petrol,Manual,18.9,1200,450000,2013
12906,Volkswagen,Polo,9,58700,Petrol,Manual,16.47,1200,299000,2010
2136,Hyundai,Grand,6,13000,Petrol,Manual,18.9,1200,480000,2013
2099,Mahindra,Bolero,3,43214,Diesel,Manual,15.96,2500,755000,2000
8144,Hyundai,Venue,2,10000,Petrol,Manual,18.27,1000,950000,2019
5558,Maruti,Wagon R,4,38311,Petrol,Manual,20.51,1000,469000,1999
2687,Ford,Ecosport,1,6000,Diesel,Manual,23.0,1500,1095000,2013
430,Hyundai,i20,6,35213,Diesel,Manual,22.54,1400,535000,2008
5133,Datsun,RediGO,4,40000,Petrol,Manual,22.5,1000,260000,2016
14903,Maruti,Swift Dzire,1,18000,Petrol,Manual,21.21,1200,800000,2008
9926,Maruti,Wagon R,7,50000,Petrol,Manual,20.51,1000,300000,1999
3234,BMW,5,4,51000,Diesel,Automatic,18.12,2000,3300000,2007
3794,Maruti,Baleno,4,23000,Petrol,Manual,21.01,1200,600000,2015
14395,Honda,City,3,20000,Petrol,Manual,17.8,1500,870000,1998
9762,Volkswagen,Polo,9,90000,Diesel,Manual,22.07,1200,210000,2010
9070,Hyundai,i10,10,74953,Petrol,Manual,20.36,1200,145000,2007
1741,Skoda,Superb,12,68387,Petrol,Automatic,12.0,3600,499000,2004
7482,Maruti,Wagon R,13,84915,"Others (CNG,LPG)",Manual,17.3,1100,175000,1999
3745,Maruti,Swift Dzire,4,25000,Diesel,Manual,28.4,1250,754000,2008
11233,Ford,Ecosport,5,56000,Petrol,Manual,18.88,1000,675000,2013
4522,Maruti,Ignis,4,22574,Petrol,Automatic,20.89,1200,565000,2017
5460,Renault,Duster,8,88000,Diesel,Manual,20.45,1500,450000,2012
7266,Hyundai,i20,5,20000,Petrol,Manual,17.19,1200,540000,2008
6351,Maruti,Alto,5,35000,Petrol,Manual,23.95,1000,285000,2000
1963,Maruti,Ignis,3,25000,Petrol,Manual,20.89,1200,576000,2017
14107,Honda,Amaze,8,78000,Petrol,Automatic,15.5,1200,500000,2013
12806,Honda,Jazz,12,53000,Petrol,Manual,16.0,1200,225000,2009
14396,Maruti,Wagon R,9,40000,Petrol,Manual,18.9,1000,240000,1999
4991,Maruti,Swift Dzire,4,32000,Diesel,Automatic,28.4,1250,785000,2008
3771,Maruti,Ertiga,5,76000,Diesel,Manual,24.52,1250,825000,2012
1881,Mercedes-Benz,E-Class,14,85250,Petrol,Automatic,10.5,1800,499000,1996
2789,Honda,Amaze,7,56000,Diesel,Manual,25.8,1500,399000,2013
2584,Mercedes-Benz,S-Class,10,57000,Petrol,Automatic,10.13,3500,1850000,1994
3834,Maruti,Ciaz,5,71000,Petrol,Manual,20.73,1400,600000,2014
1309,Mahindra,Bolero,2,35000,Diesel,Manual,16.5,1500,850000,2000
14644,Ford,Figo,9,70000,Diesel,Manual,20.0,1400,225000,2010
9233,BMW,3,8,83000,Diesel,Automatic,18.88,2000,1170000,2007
11981,Mahindra,Scorpio,11,93000,Diesel,Manual,10.5,2200,475000,2002
12809,Honda,Amaze,3,17362,Petrol,Manual,18.6,1200,825000,2013
12170,Maruti,Swift Dzire,8,70000,Diesel,Manual,23.4,1250,300000,2008
10629,Toyota,Innova,2,20000,Diesel,Automatic,13.68,2400,1875000,2005
11036,Tata,Nexon,3,27700,Petrol,Automatic,17.0,1200,890000,2017
6760,Toyota,Innova,5,118321,Diesel,Manual,13.68,2400,1750000,2005
12138,Maruti,Wagon R,10,20000,Petrol,Manual,18.9,1000,250000,1999
511,Mahindra,Bolero,8,80000,Diesel,Manual,15.96,2500,470000,2000
3309,Mahindra,KUV,5,30000,Diesel,Manual,25.32,1200,450000,2016
11656,Hyundai,i10,7,96000,Petrol,Manual,20.36,1200,385000,2007
12310,Toyota,Innova,7,30000,Diesel,Manual,12.99,2500,1250000,2005
12103,Hyundai,i20,6,120000,Diesel,Manual,22.54,1400,650000,2008
3901,Hyundai,Verna,4,20000,Petrol,Manual,17.7,1600,775000,2006
12059,Maruti,Celerio,4,60000,Petrol,Automatic,23.1,1000,530000,2014
10278,Hyundai,i20,4,45000,Petrol,Manual,18.6,1200,625000,2008
6979,Maruti,Ertiga,5,44160,Diesel,Manual,24.52,1250,670000,2012
3229,Ford,Figo,10,66000,Diesel,Manual,20.0,1400,255000,2010
9802,Honda,Amaze,7,87000,Diesel,Manual,25.8,1500,375000,2013
7140,Renault,KWID,5,35000,Petrol,Manual,25.17,800,244000,2015
9515,Hyundai,Venue,2,21000,Diesel,Manual,23.7,1500,900000,2019
9725,Honda,City,6,73000,Diesel,Manual,26.0,1500,540000,1998
15113,Honda,Jazz,12,87000,Petrol,Manual,16.0,1200,335000,2009
8616,Honda,Amaze,8,66000,Diesel,Manual,25.8,1500,360000,2013
12987,Maruti,Eeco,8,72000,"Others (CNG,LPG)",Manual,20.88,1200,325000,2010
3152,Honda,Jazz,5,22000,Petrol,Manual,18.7,1200,575000,2009
14525,Maruti,Alto,14,69000,Petrol,Manual,19.7,800,178000,2000
9703,Hyundai,Verna,3,8143,Petrol,Manual,19.1,1400,930000,2006
7308,Hyundai,Elantra,3,32000,Petrol,Automatic,14.62,2000,1199000,2004
12376,BMW,3,5,46000,Diesel,Automatic,22.69,2000,2650000,2007
5794,Honda,CR-V,14,155000,Petrol,Automatic,10.1,2350,475000,2003
5356,Honda,Amaze,4,60000,Diesel,Manual,25.8,1500,600000,2013
7322,Maruti,Swift Dzire,6,100000,Diesel,Manual,26.59,1250,500000,2008
8921,Maruti,Swift,3,37000,Diesel,Automatic,28.4,1250,775000,2005
11381,Honda,Amaze,8,50000,Diesel,Manual,25.8,1500,340000,2013
849,Mahindra,XUV500,5,100000,Diesel,Automatic,16.0,2000,1180000,2011
2031,Tata,Nexon,3,21000,Diesel,Automatic,21.5,1500,960000,2017
3388,Mahindra,Scorpio,4,68462,Diesel,Manual,15.4,2200,900000,2002
13097,Maruti,Wagon R,8,48000,Petrol,Manual,18.9,1000,325000,1999
1669,Ford,Aspire,3,50000,Diesel,Manual,26.1,1500,800000,2015
8824,Renault,KWID,5,30000,Petrol,Manual,25.17,800,225000,2015
2191,Maruti,Wagon R,9,80000,Petrol,Manual,18.9,1000,275000,1999
14977,Maruti,Swift,6,54000,Diesel,Manual,28.4,1250,585000,2005
8451,Hyundai,i10,13,55000,Petrol,Manual,19.81,1100,100000,2007
11171,Hyundai,Grand,7,49000,Petrol,Automatic,18.9,1200,425000,2013
12655,Maruti,Swift,3,38815,Diesel,Automatic,28.4,1250,775000,2005
12593,Maruti,Swift,11,80000,Diesel,Manual,17.8,1250,270000,2005
4335,Mahindra,Bolero,6,120000,Diesel,Manual,15.96,2500,600000,2000
15094,Hyundai,i10,9,35000,Petrol,Automatic,19.2,1200,350000,2007
14420,Maruti,Swift,7,70000,Diesel,Manual,25.2,1250,400000,2005
7742,Mahindra,XUV500,7,120000,Diesel,Manual,15.1,2200,600000,2011
1662,Hyundai,i20,12,88000,Petrol,Manual,18.5,1200,275000,2008
1591,Maruti,Swift Dzire,9,37809,Petrol,Manual,17.5,1300,335000,2008
6490,Volkswagen,Polo,8,101840,Diesel,Manual,22.07,1200,450000,2010
14385,Honda,Jazz,5,20040,Petrol,Automatic,19.0,1200,645000,2009
4685,Maruti,Swift,8,54000,Diesel,Manual,22.9,1250,450000,2005
9797,Honda,City,6,35000,Diesel,Manual,26.0,1500,621000,1998
14651,Maruti,Wagon R,6,65000,Petrol,Automatic,21.79,1000,550000,1999
8347,Maruti,Vitara,2,40000,Diesel,Manual,24.3,1250,810000,2016
167,Ford,Ecosport,3,7500,Diesel,Manual,23.0,1500,890000,2013
14204,Maruti,Vitara,5,69919,Diesel,Manual,24.3,1250,725000,2016
4172,Maruti,Swift Dzire,7,101931,Diesel,Manual,19.3,1250,530000,2008
1791,Skoda,Rapid,5,56789,Diesel,Automatic,21.66,1500,775000,2011
7654,Maruti,Swift,3,50000,Petrol,Manual,22.0,1200,500000,2005
7371,Mahindra,Bolero,5,58800,Diesel,Manual,13.6,2500,585000,2000
11020,Mahindra,Thar,8,56000,Diesel,Manual,16.55,2500,515000,2010
5154,Hyundai,i10,5,16500,Petrol,Manual,19.81,1100,465000,2007
1603,Maruti,Celerio,7,66000,"Others (CNG,LPG)",Manual,31.79,1000,360000,2014
8407,Hyundai,i20,3,25000,Petrol,Manual,17.19,1200,750000,2008
852,Honda,City,5,55000,Petrol,Manual,17.8,1500,650000,1998
10839,Mahindra,Scorpio,6,59999,Diesel,Manual,15.4,2000,845000,2002
12641,Hyundai,i20,3,10000,Petrol,Automatic,17.4,1200,750000,2008
14055,Maruti,Swift,6,38000,Petrol,Manual,21.21,1200,450000,2005
12417,Maruti,Swift,6,60000,Petrol,Manual,20.4,1200,525000,2005
675,Mahindra,Scorpio,3,39000,Diesel,Manual,16.36,2200,1275000,2002
626,Renault,KWID,3,22000,Petrol,Manual,23.01,1000,306000,2015
8863,Hyundai,Grand,1,5600,Petrol,Manual,18.9,1200,580000,2013
8302,Honda,Jazz,6,40000,Petrol,Manual,18.7,1200,495000,2009
5143,BMW,3,8,15000,Diesel,Automatic,18.88,2000,1900000,2007
8957,Maruti,Alto,6,48000,Petrol,Manual,22.74,800,215000,2000
12202,Ford,Freestyle,3,29303,Diesel,Manual,23.8,1500,665000,2018
6407,Honda,City,5,45000,Petrol,Manual,17.8,1500,800000,1998
6870,Hyundai,Grand,5,80000,Diesel,Manual,24.0,1100,480000,2013
6772,Maruti,Alto,6,42000,Petrol,Manual,23.95,1000,300000,2000
2231,Hyundai,Creta,5,27700,Petrol,Manual,15.29,1600,820000,2015
5531,Volkswagen,Polo,7,64341,Diesel,Manual,20.14,1500,530000,2010
3238,Maruti,Baleno,4,26000,Petrol,Automatic,21.4,1200,850000,2015
664,Maruti,Alto,6,20000,Petrol,Manual,23.95,1000,275000,2000
12519,Mahindra,KUV,5,50000,Petrol,Manual,18.15,1200,400000,2016
735,Mahindra,Bolero,6,60000,Diesel,Manual,15.96,2500,551000,2000
6209,Honda,City,5,78123,Petrol,Manual,17.8,1500,651000,1998
11454,Ford,Ecosport,7,62000,Diesel,Manual,22.7,1500,545000,2013
2470,Mahindra,XUV500,9,70000,Diesel,Manual,15.1,2200,740000,2011
2512,Maruti,Ertiga,5,61149,Petrol,Manual,19.01,1500,755000,2012
9559,Hyundai,Grand,5,6600,Petrol,Manual,18.9,1200,440000,2013
12960,BMW,5,6,25000,Diesel,Automatic,18.12,2000,2499000,2007
5622,Maruti,Baleno,5,71205,Petrol,Manual,21.4,1200,570000,2015
8466,Mahindra,Bolero,3,40000,Diesel,Manual,15.96,2500,580000,2000
11882,Maruti,Swift Dzire,5,100000,Diesel,Manual,26.59,1250,650000,2008
13033,Maruti,Swift Dzire,13,115000,Diesel,Manual,19.3,1250,350000,2008
3469,Mahindra,Bolero,4,50000,Diesel,Manual,15.96,2500,670000,2000
3899,Renault,KWID,4,33000,Petrol,Automatic,24.04,1000,395000,2015
2215,Toyota,Innova,13,142000,Diesel,Manual,12.8,2500,490000,2005
7119,Honda,City,5,34000,Diesel,Manual,25.1,1500,629000,1998
6942,Maruti,Swift,11,87000,Diesel,Manual,17.8,1250,205000,2005
9091,Hyundai,Creta,5,121054,Diesel,Manual,21.38,1400,770000,2015
5575,Mahindra,XUV500,3,10000,Diesel,Automatic,16.0,2200,1400000,2011
2807,Skoda,Rapid,8,70000,Diesel,Manual,20.5,1600,410000,2011
549,Mercedes-Benz,E-Class,9,86500,Diesel,Automatic,14.21,2100,1400000,1996
823,Maruti,Vitara,3,34000,Diesel,Automatic,24.3,1250,875000,2016
12514,Volkswagen,Polo,9,57000,Diesel,Manual,22.07,1200,335000,2010
11027,Honda,City,6,66000,Diesel,Manual,26.0,1500,575000,1998
12209,Maruti,Baleno,4,26000,Petrol,Manual,21.01,1200,749000,2015
5786,Skoda,Rapid,8,60000,Diesel,Manual,20.5,1600,350000,2011
9984,Volkswagen,Vento,8,65000,Diesel,Manual,20.54,1600,324000,2010
5913,Ford,Figo,5,40000,Petrol,Manual,18.16,1200,400000,2010
7269,Toyota,Innova,2,25000,Diesel,Manual,13.68,2400,1950000,2005
8403,Maruti,Swift,7,42120,Petrol,Manual,18.6,1200,470000,2005
4123,Honda,Amaze,8,92000,Diesel,Manual,25.8,1500,425000,2013
3370,Maruti,Alto,11,40000,Petrol,Manual,20.92,1000,250000,2000
5243,Maruti,Ertiga,9,110000,Diesel,Manual,20.77,1250,600000,2012
14208,Toyota,Innova,6,172000,Diesel,Manual,12.99,2500,1179000,2005
6541,Mahindra,Scorpio,6,80000,Diesel,Manual,15.4,2500,700000,2002
12694,Ford,Figo,8,45000,Diesel,Manual,20.0,1400,375000,2010
10421,Maruti,Vitara,4,20272,Diesel,Manual,24.3,1250,862000,2016
5710,Maruti,Alto,17,85000,Petrol,Manual,19.7,800,135000,2000
4401,Hyundai,Creta,5,37000,Petrol,Automatic,13.0,1600,1095000,2015
9406,Skoda,Rapid,6,54000,Diesel,Automatic,21.66,1500,625000,2011
2655,Toyota,Innova,8,117000,Diesel,Manual,12.99,2500,950000,2005
144,Tata,Tiago,5,9500,Petrol,Manual,23.84,1200,530000,2016
9637,Maruti,Swift Dzire,8,78000,Diesel,Manual,23.4,1250,325000,2008
10651,Maruti,Alto,12,63000,Petrol,Manual,19.7,800,140000,2000
1277,Tata,Tiago,4,60000,Petrol,Manual,23.84,1200,380000,2016
11886,Toyota,Innova,12,89300,Diesel,Manual,12.8,2500,395000,2005
10560,Renault,Duster,4,40000,Petrol,Manual,13.24,1600,690000,2012
7553,Maruti,Swift Dzire,6,60000,Diesel,Manual,26.59,1250,495000,2008
8104,Ford,Freestyle,2,5000,Diesel,Manual,24.4,1500,780000,2018
7852,Ford,Figo,10,40000,Diesel,Manual,20.0,1400,150000,2010
489,Mahindra,XUV500,6,47300,Diesel,Manual,15.1,2200,745000,2011
2953,Hyundai,Grand,4,7000,Petrol,Manual,18.9,1200,490000,2013
3825,Toyota,Fortuner,8,75000,Diesel,Automatic,12.55,3000,1525000,2009
4192,Mahindra,Thar,4,30000,Diesel,Manual,16.55,2500,850000,2010
4080,BMW,X5,11,95000,Diesel,Automatic,11.7,3000,1899000,2007
10262,Hyundai,i10,10,64000,Petrol,Manual,20.36,1200,235000,2007
14887,Honda,City,6,90000,Petrol,Automatic,18.0,1500,750000,1998
13798,Ford,Ecosport,3,60000,Diesel,Manual,23.0,1500,990000,2013
11108,Hyundai,i10,6,27599,Petrol,Manual,19.81,1100,350000,2007
9236,Hyundai,Grand,4,42000,Petrol,Automatic,18.9,1200,495000,2013
2862,Maruti,Alto,12,67833,Petrol,Manual,19.7,800,175000,2000
13164,Mahindra,Bolero,6,66274,Diesel,Manual,13.6,2500,478000,2000
4472,Ford,Figo,9,76000,Diesel,Manual,20.0,1400,250000,2010
11984,Maruti,Celerio,2,15230,Petrol,Manual,21.63,1000,475000,2014
14187,Renault,Duster,7,179000,Diesel,Manual,19.01,1500,550000,2012
14866,Maruti,Alto,4,20920,Petrol,Manual,24.7,800,310000,2000
13613,Maruti,Ertiga,5,56000,Diesel,Manual,24.52,1250,975000,2012
9068,Renault,Duster,3,90000,Diesel,Manual,19.87,1500,750000,2012
10801,Maruti,Wagon R,8,63000,"Others (CNG,LPG)",Manual,32.52,1000,250000,1999
14581,Hyundai,i10,9,50000,Petrol,Manual,20.36,1200,350000,2007
10480,Ford,Ecosport,5,45000,Diesel,Manual,23.0,1500,600000,2013
1649,Hyundai,i20,6,34000,Petrol,Manual,18.5,1200,495000,2008
14922,Maruti,Swift,13,73000,Diesel,Manual,17.8,1250,250000,2005
6181,Maruti,Alto,6,30000,Petrol,Manual,22.74,800,255000,2000
3221,Honda,WR-V,4,40011,Diesel,Manual,25.5,1500,799000,2017
37,Honda,City,6,31180,Petrol,Automatic,18.0,1500,700000,1998
14038,Honda,City,3,31000,Petrol,Manual,17.4,1500,900000,1998
3299,Hyundai,Grand,2,16000,Petrol,Automatic,18.9,1200,575000,2013
5908,Maruti,Swift Dzire,4,49000,Diesel,Manual,19.3,1250,715000,2008
8962,Hyundai,Elantra,3,13000,Petrol,Automatic,14.62,2000,1575000,2004
219,Hyundai,Verna,7,45000,Diesel,Manual,22.32,1600,635000,2006
9060,Mahindra,Bolero,9,40000,Diesel,Manual,15.96,2500,500000,2000
6536,Datsun,RediGO,3,30000,Petrol,Manual,22.5,1000,300000,2016
1916,Maruti,Ertiga,8,73000,Diesel,Manual,25.47,1250,665000,2012
12363,Honda,Jazz,5,53044,Petrol,Manual,18.7,1200,555000,2009
3634,Maruti,Swift Dzire,4,50000,Diesel,Manual,19.3,1250,730000,2008
1946,Volkswagen,Polo,3,27000,Petrol,Automatic,17.21,1200,875000,2010
8748,Hyundai,Verna,12,25000,Petrol,Manual,13.9,1600,140000,2006
10940,Maruti,Swift,5,28000,Petrol,Manual,20.4,1200,440000,2005
4174,Maruti,Swift,5,82000,Diesel,Manual,25.2,1250,575000,2005
9114,Tata,Harrier,2,20000,Diesel,Manual,17.0,2000,1750000,2019
6319,Maruti,Ciaz,4,50000,Petrol,Automatic,19.12,1400,780000,2014
14415,Ford,Endeavour,4,43000,Diesel,Automatic,10.91,3200,2875000,2003
10874,Maruti,Ciaz,4,56000,Diesel,Manual,28.09,1250,665000,2014
4910,Hyundai,i20,11,49011,Petrol,Manual,17.0,1200,385000,2008
8794,Tata,Nexon,3,21000,Diesel,Manual,21.5,1500,900000,2017
381,Renault,Duster,7,46500,Diesel,Manual,20.45,1500,460000,2012
652,Maruti,Swift,2,30000,Petrol,Manual,21.21,1200,592000,2005
4938,Hyundai,i20,5,40000,Petrol,Manual,18.6,1200,500000,2008
12176,Maruti,Ertiga,4,49000,"Others (CNG,LPG)",Manual,17.5,1400,775000,2012
1082,Maruti,Swift Dzire,8,80000,Diesel,Manual,23.4,1250,401000,2008
9955,Maruti,Swift Dzire,5,35000,Petrol,Manual,19.1,1200,475000,2008
8639,Maruti,Alto,6,32000,Petrol,Manual,22.74,800,300000,2000
5594,Hyundai,Verna,9,70000,Diesel,Manual,22.32,1600,475000,2006
3653,Renault,KWID,3,45000,Petrol,Manual,25.17,800,350000,2015
8568,Maruti,Baleno,5,30000,Petrol,Manual,21.4,1200,475000,2015
3197,Maruti,Swift Dzire,8,10000,Petrol,Manual,19.1,1200,475000,2008
5532,Honda,Civic,13,64537,Petrol,Automatic,12.9,1800,295000,2006
13819,Maruti,Ciaz,4,45185,Diesel,Manual,28.09,1250,875000,2014
7249,Ford,Ecosport,3,18000,Diesel,Manual,23.0,1500,1050000,2013
4072,Renault,KWID,5,34000,Petrol,Manual,23.01,1000,385000,2015
5526,Hyundai,i20,6,69482,Petrol,Manual,18.6,1200,565000,2008
6216,Ford,Figo,4,59819,Petrol,Manual,18.16,1200,575000,2010
13931,Maruti,Vitara,4,68000,Diesel,Manual,24.3,1250,800000,2016
8532,Ford,Figo,8,95000,Diesel,Manual,20.0,1400,220000,2010
12791,BMW,5,10,71000,Diesel,Automatic,16.73,2500,1750000,2007
1753,Ford,Ecosport,4,26000,Diesel,Manual,23.0,1500,700000,2013
75,Mahindra,Scorpio,5,44000,Diesel,Manual,15.4,2200,1050000,2002
7205,Ford,Figo,10,38256,Petrol,Manual,15.6,1200,220000,2010
4094,Hyundai,Grand,5,70000,Diesel,Manual,24.0,1100,425000,2013
6529,Hyundai,i20,3,10000,Petrol,Manual,18.6,1200,800000,2008
9253,Maruti,Swift Dzire,9,87800,Diesel,Manual,19.3,1250,290000,2008
13948,Maruti,Eeco,2,13500,Petrol,Manual,15.37,1200,420000,2010
6693,Mahindra,Scorpio,4,11000,Diesel,Manual,15.4,2000,1351000,2002
1117,Honda,City,11,49000,Petrol,Manual,17.4,1500,360000,1998
8593,Maruti,Ertiga,5,103000,Diesel,Manual,24.52,1250,675000,2012
4922,Hyundai,i20,3,8000,Petrol,Manual,18.6,1200,775000,2008
14857,Maruti,Alto,10,32000,Petrol,Manual,20.92,1000,200000,2000
2446,Hyundai,i10,12,80000,Petrol,Manual,20.36,1200,180000,2007
13170,Maruti,Wagon R,7,31692,Petrol,Manual,20.51,1000,330000,1999
9880,BMW,3,5,69000,Diesel,Automatic,22.69,2000,2100000,2007
8202,Maruti,Alto,5,10000,Petrol,Manual,23.95,1000,316000,2000
8884,Honda,City,6,56210,Diesel,Manual,26.0,1500,875000,1998
992,Ford,Figo,5,60000,Petrol,Manual,18.16,1200,420000,2010
4739,Maruti,Swift,9,140000,Diesel,Manual,22.9,1250,340000,2005
7240,Mahindra,Scorpio,3,6345,Diesel,Manual,16.36,2200,1425000,2002
5683,Volkswagen,Polo,4,75000,Diesel,Manual,20.14,1500,590000,2010
11495,Hyundai,i20,9,108000,Diesel,Manual,21.9,1400,220000,2008
6515,Maruti,Swift,9,120000,Diesel,Manual,22.9,1250,360000,2005
13752,Ford,Figo,8,73000,Petrol,Manual,15.6,1200,299000,2010
1566,Skoda,Octavia,3,16000,Petrol,Automatic,15.1,1800,1975000,2001
8171,Hyundai,Grand,2,10000,Petrol,Automatic,20.7,1200,650000,2013
6535,Hyundai,Grand,5,71900,Diesel,Manual,24.0,1100,490000,2013
7934,Ford,Aspire,2,30000,Diesel,Manual,26.1,1500,660000,2015
10428,Honda,City,7,62000,Diesel,Manual,26.0,1500,475000,1998
14622,Maruti,Wagon R,8,63000,Petrol,Manual,21.79,1000,330000,1999
2534,Toyota,Innova,14,95000,Diesel,Manual,12.8,2500,474000,2005
13206,Maruti,Baleno,5,20000,Petrol,Manual,21.4,1200,599000,2015
1287,Maruti,Wagon R,9,120000,"Others (CNG,LPG)",Manual,26.2,1000,260000,1999
8146,Maruti,Wagon R,21,120000,Petrol,Manual,18.9,1000,95000,1999
12233,Maruti,Swift Dzire,5,68000,Diesel,Manual,19.3,1250,465000,2008
3077,Volkswagen,Polo,5,110000,Petrol,Manual,16.2,1200,525000,2010
14956,Datsun,GO,6,56000,Petrol,Manual,19.44,1200,395000,2014
9205,Maruti,Wagon R,2,8873,Petrol,Automatic,21.5,1200,540000,1999
12189,Maruti,Baleno,4,60000,Diesel,Manual,27.39,1250,700000,2015
11440,Honda,Amaze,4,32000,Petrol,Manual,17.8,1200,510000,2013
8395,Maruti,Vitara,4,34000,Diesel,Manual,24.3,1250,650000,2016
12092,Maruti,Swift Dzire,9,100000,Petrol,Manual,19.1,1200,300000,2008
1564,Maruti,Wagon R,7,89000,"Others (CNG,LPG)",Manual,32.52,1000,310000,1999
7054,Renault,KWID,3,10000,Petrol,Manual,23.01,1000,380000,2015
13311,Maruti,Wagon R,6,42100,"Others (CNG,LPG)",Manual,26.6,1000,375000,1999
6592,Maruti,Wagon R,11,40000,Petrol,Manual,17.3,1100,250000,1999
13285,Renault,KWID,4,35000,Petrol,Automatic,24.04,1000,350000,2015
7348,Hyundai,i20,4,12000,Petrol,Manual,18.6,1200,775000,2008
6094,Maruti,Swift Dzire,5,89000,Diesel,Manual,26.59,1250,685000,2008
7646,Mahindra,Bolero,6,150000,Diesel,Manual,15.96,2500,650000,2000
6729,Maruti,Swift Dzire,3,35000,Diesel,Manual,28.4,1250,730000,2008
7662,Maruti,Baleno,4,53701,Diesel,Manual,27.39,1250,670000,2015
13869,Ford,Aspire,2,40000,Diesel,Manual,26.1,1500,700000,2015
5389,Maruti,Wagon R,4,39612,Petrol,Automatic,21.79,1000,465000,1999
3647,Mahindra,Thar,8,60000,Diesel,Manual,16.55,2500,500000,2010
2402,Skoda,Rapid,6,40418,Petrol,Automatic,14.3,1600,575000,2011
4942,Maruti,Ertiga,2,32000,Petrol,Automatic,18.69,1500,975000,2012
12751,Toyota,Fortuner,3,25344,Diesel,Automatic,12.9,2800,3485000,2009
13269,Maruti,Wagon R,4,10000,Petrol,Automatic,20.51,1000,400000,1999
9140,Maruti,Baleno,2,10000,Petrol,Automatic,21.4,1200,790000,2015
76,Volkswagen,Polo,5,78000,Petrol,Manual,18.78,1200,450000,2010
5227,Mahindra,Bolero,12,120000,Diesel,Manual,13.6,2500,300000,2000
10875,Audi,A4,9,38000,Diesel,Automatic,15.2,2000,1175000,2008
328,Mahindra,Scorpio,8,140000,Diesel,Manual,12.05,2200,530000,2002
1889,Maruti,Swift Dzire,5,30000,Petrol,Manual,17.5,1300,600000,2008
13215,Hyundai,Venue,2,18700,Diesel,Manual,23.7,1400,1045000,2019
2533,Honda,City,3,18000,Diesel,Manual,26.0,1500,1150000,1998
15123,Mercedes-Benz,C-Class,4,70000,Diesel,Automatic,14.94,2100,2700000,2001
2229,Honda,City,2,25000,Petrol,Automatic,18.0,1500,1400000,1998
4181,Maruti,Wagon R,2,11400,Petrol,Manual,20.52,1200,490000,1999
9624,Ford,Ecosport,7,65554,Diesel,Manual,22.7,1500,565000,2013
9513,Hyundai,i20,4,31000,Petrol,Manual,18.6,1200,650000,2008
11994,Maruti,Swift,4,19072,Petrol,Manual,22.0,1200,499000,2005
2148,Volkswagen,Vento,9,33500,Petrol,Manual,15.04,1600,325000,2010
9991,Ford,Ecosport,7,55000,Petrol,Manual,15.8,1500,510000,2013
5624,Hyundai,i20,4,26759,Petrol,Manual,18.6,1200,698000,2008
9548,Hyundai,Creta,5,63000,Diesel,Manual,21.38,1400,750000,2015
82,Toyota,Innova,5,120000,Diesel,Manual,12.99,2500,950000,2005
2848,Hyundai,i20,4,27000,Petrol,Manual,17.19,1200,595000,2008
5159,Maruti,Alto,4,80000,Petrol,Manual,23.95,1000,300000,2000
5428,Maruti,Wagon R,13,173000,Petrol,Manual,18.9,1100,115000,1999
9039,Mahindra,KUV100,1,35000,Diesel,Manual,25.32,1200,700000,2016
3076,Mahindra,Bolero,6,78028,Diesel,Manual,15.96,2500,635000,2000
9230,Maruti,Ciaz,5,72000,Diesel,Manual,28.09,1250,595000,2014
14914,Maruti,Wagon R,5,29000,Petrol,Automatic,20.51,1000,365000,1999
2208,Honda,Jazz,4,32714,Petrol,Manual,18.7,1200,650000,2009
3073,Honda,City,4,45000,Petrol,Manual,17.4,1500,715000,1998
6705,Hyundai,i20,12,46025,Petrol,Manual,17.0,1200,325000,2008
2444,Honda,City,10,100000,Petrol,Manual,17.0,1500,380000,1998
4978,Toyota,Innova,8,170000,Diesel,Manual,12.99,2500,700000,2005
7538,Ford,Ecosport,6,36490,Diesel,Manual,21.7,1500,525000,2013
8859,Maruti,Eeco,6,70000,Petrol,Manual,15.37,1200,250000,2010
10705,Hyundai,i20,4,34000,Diesel,Manual,22.54,1400,680000,2008
1731,Renault,KWID,4,33000,Petrol,Manual,23.01,1000,360000,2015
3863,Maruti,Swift,10,46700,Diesel,Manual,22.9,1250,270000,2005
10871,Maruti,Swift,8,51405,Diesel,Manual,28.4,1250,345000,2005
1672,Hyundai,Verna,7,100000,Diesel,Manual,22.32,1600,700000,2006
14696,Maruti,Vitara,5,20000,Diesel,Manual,24.3,1250,900000,2016
6033,Mahindra,XUV500,3,90000,Diesel,Manual,16.0,2200,1500000,2011
14115,Maruti,Vitara,5,67000,Diesel,Manual,24.3,1250,780000,2016
6781,Maruti,Swift,3,42321,Diesel,Manual,28.4,1250,763000,2005
11873,Maruti,Celerio,7,55000,Petrol,Automatic,23.1,1000,425000,2014
3323,Volkswagen,Polo,5,110000,Diesel,Manual,20.14,1500,550000,2010
10009,Maruti,Swift,7,55000,Petrol,Manual,21.21,1200,390000,2005
6775,Tata,Safari,10,80000,Diesel,Manual,13.93,2200,300000,1998
11413,Maruti,Swift,10,70255,Petrol,Manual,16.1,1200,260000,2005
14648,Maruti,Wagon R,4,16000,Petrol,Manual,20.51,1000,425000,1999
12368,Hyundai,i20,4,40000,Petrol,Manual,18.6,1200,590000,2008
12943,Maruti,Alto,13,60000,Petrol,Manual,19.7,800,91000,2000
13222,Hyundai,i20,6,109555,Diesel,Manual,22.54,1400,655000,2008
5676,Maruti,Swift,12,60000,Petrol,Manual,16.1,1300,350000,2005
10451,Maruti,Wagon R,9,47000,Petrol,Manual,18.9,1000,245000,1999
9295,Maruti,Baleno,5,60000,Petrol,Automatic,21.4,1200,635000,2015
9899,Tata,Tigor,3,40000,Diesel,Manual,24.7,1050,650000,2017
6833,Toyota,Innova,8,144321,Diesel,Manual,12.99,2500,975000,2005
762,Maruti,Alto,2,10300,Petrol,Manual,24.7,800,300000,2000
5322,Maruti,Wagon R,9,61000,Petrol,Manual,18.9,1000,275000,1999
2879,Volkswagen,Vento,8,90000,Diesel,Manual,20.54,1600,520000,2010
1989,Hyundai,Elantra,8,80000,Diesel,Manual,22.7,1600,700000,2004
10232,Toyota,Innova,10,199000,Diesel,Manual,12.99,2500,500000,2005
7235,Maruti,Ciaz,5,37000,Petrol,Automatic,19.12,1400,550000,2014
155,Maruti,Swift,5,71245,Diesel,Manual,28.4,1250,375000,2005
12357,Maruti,Swift,9,85517,Petrol,Manual,18.6,1200,425000,2005
13502,Hyundai,Grand,8,23135,Petrol,Manual,18.9,1200,450000,2013
7162,Hyundai,i20,10,70000,Diesel,Manual,21.9,1400,200000,2008
324,Maruti,Swift Dzire,3,32000,Diesel,Manual,19.3,1250,675000,2008
6881,Maruti,Celerio,2,18500,Petrol,Automatic,21.63,1000,575000,2014
5339,Maruti,Alto,7,60000,Petrol,Manual,23.95,1000,230000,2000
14598,Mahindra,Scorpio,7,98000,Diesel,Manual,12.05,2200,745000,2002
2347,BMW,5,6,55121,Diesel,Automatic,18.48,2000,2111000,2007
9441,Toyota,Fortuner,9,140000,Diesel,Automatic,12.55,3000,1160000,2009
3920,Ford,Figo,7,77000,Diesel,Manual,20.0,1400,325000,2010
2008,Tata,Nexon,3,12000,Diesel,Manual,21.5,1500,885000,2017
316,Honda,City,7,63000,Petrol,Manual,17.8,1500,435000,1998
10472,Datsun,RediGO,5,41000,Petrol,Manual,22.7,800,215000,2016
11577,BMW,3,8,80000,Diesel,Automatic,18.88,2000,1600000,2007
1675,Jaguar,XF,7,28001,Diesel,Automatic,16.36,2200,1895000,2009
1955,Jaguar,XF,8,33500,Diesel,Automatic,16.36,2200,1895000,2009
11105,Mahindra,XUV500,8,80220,Diesel,Manual,15.1,2200,675000,2011
3358,Maruti,Wagon R,9,65000,Petrol,Manual,18.9,1000,265000,1999
10663,Maruti,Wagon R,13,61400,Petrol,Manual,18.9,1000,128000,1999
8538,Volkswagen,Vento,4,57700,Petrol,Manual,15.04,1600,750000,2010
9943,Honda,City,10,60000,Petrol,Manual,17.0,1500,352000,1998
4188,Maruti,Baleno,4,75000,Diesel,Manual,27.39,1250,645000,2015
4424,Tata,Nexon,3,35000,Diesel,Manual,21.5,1500,775000,2017
5231,Maruti,Wagon R,6,120000,"Others (CNG,LPG)",Manual,26.6,1000,333000,1999
6537,Maruti,Alto,6,20000,Petrol,Manual,23.95,1000,200000,2000
1967,Maruti,Wagon R,7,101200,Petrol,Manual,18.9,1000,380000,1999
7454,Maruti,Swift,8,60000,Diesel,Manual,22.9,1250,360000,2005
2968,Skoda,Rapid,6,27000,Petrol,Manual,15.0,1600,525000,2011
1960,Mahindra,Marazzo,3,40000,Diesel,Manual,17.3,1500,1055000,2018
1937,Maruti,Vitara,4,77665,Diesel,Manual,24.3,1250,850000,2016
4981,Hyundai,i10,10,66000,Petrol,Manual,20.36,1200,285000,2007
10611,Mahindra,XUV500,9,86000,Diesel,Manual,15.1,2200,500000,2011
2792,Hyundai,i20,5,54000,Diesel,Manual,23.0,1400,650000,2008
13986,Maruti,Alto,12,90000,Petrol,Manual,19.7,800,115000,2000
10134,Datsun,RediGO,4,37001,Petrol,Manual,22.7,800,245000,2016
5078,Maruti,Ignis,0,5000,Petrol,Manual,20.89,1200,550000,2017
508,Ford,Ecosport,4,35000,Diesel,Manual,23.0,1500,785000,2013
9194,Maruti,Wagon R,14,90000,"Others (CNG,LPG)",Manual,17.3,1100,90000,1999
12810,Hyundai,Verna,6,56000,Diesel,Manual,23.9,1600,585000,2006
7258,Hyundai,Grand,1,3800,Petrol,Manual,20.7,1200,600000,2013
3302,Maruti,Swift Dzire,10,88000,Diesel,Manual,19.3,1250,365000,2008
3922,Ford,Ecosport,3,38959,Diesel,Manual,23.0,1500,825000,2013
4875,Tata,Nexon,2,10700,Petrol,Manual,17.0,1200,920000,2017
12630,BMW,5,8,69000,Diesel,Automatic,18.12,2000,1575000,2007
361,Toyota,Innova,6,143000,Diesel,Manual,12.99,2500,780000,2005
758,Honda,Amaze,7,89000,Diesel,Manual,25.8,1500,320000,2013
9231,Honda,Amaze,6,66000,Diesel,Manual,25.8,1500,388000,2013
13327,Maruti,Swift,9,120000,Diesel,Manual,22.9,1250,350000,2005
14155,Volkswagen,Vento,10,145000,Diesel,Manual,20.54,1600,200000,2010
8899,Maruti,Celerio,4,40000,Petrol,Automatic,23.1,1000,420000,2014
6936,Ford,Ecosport,3,53000,Diesel,Manual,23.0,1500,1100000,2013
1362,Honda,City,6,53000,Petrol,Automatic,18.0,1500,741000,1998
4940,Hyundai,Creta,3,20000,Diesel,Manual,19.67,1600,1100000,2015
7497,Mahindra,XUV500,5,40000,Diesel,Manual,16.0,2200,1150000,2011
11435,Mahindra,Scorpio,7,70200,Diesel,Manual,12.05,2200,495000,2002
12910,Skoda,Octavia,6,81000,Petrol,Automatic,14.7,1800,1275000,2001
10893,Maruti,Alto,13,92000,Petrol,Manual,19.7,800,115000,2000
8003,Maruti,Ertiga,6,34520,Petrol,Manual,16.02,1400,565000,2012
9893,Maruti,Baleno,3,19000,Petrol,Manual,21.01,1200,585000,2015
957,Maruti,Swift,3,40000,Petrol,Automatic,22.0,1200,630000,2005
4874,Volkswagen,Polo,9,92000,Diesel,Manual,22.07,1200,385000,2010
5722,Hyundai,i20,3,29000,Petrol,Manual,18.6,1200,650000,2008
7888,Maruti,Swift Dzire,6,47000,Petrol,Manual,20.85,1200,575000,2008
5863,Maruti,Swift,13,96000,Diesel,Manual,17.8,1250,290000,2005
3739,Hyundai,Santro,3,4075,Petrol,Automatic,20.3,1100,550000,1998
7559,Honda,Amaze,6,80000,Petrol,Manual,18.0,1200,350000,2013
2959,Hyundai,Creta,5,80000,Petrol,Manual,13.0,1600,925000,2015
14365,Hyundai,i10,10,49000,Petrol,Manual,20.36,1200,249000,2007
10349,Mercedes-Benz,E-Class,9,72000,Diesel,Automatic,10.0,2150,1155000,1996
4171,Mahindra,Marazzo,2,33000,Diesel,Manual,17.3,1500,1335000,2018
4193,Maruti,Celerio,6,50000,Diesel,Manual,27.62,800,290000,2014
5650,Maruti,Celerio,6,34000,Petrol,Automatic,23.1,1000,425000,2014
6631,Renault,KWID,3,9000,Petrol,Automatic,24.04,1000,450000,2015
2004,Maruti,Alto,5,13000,Petrol,Manual,23.95,1000,299000,2000
13957,Hyundai,Grand,3,42000,Petrol,Manual,18.9,1200,582000,2013
4683,Honda,Jazz,6,82000,Diesel,Manual,27.3,1500,475000,2009
14235,Mahindra,XUV500,9,120456,Diesel,Manual,15.1,2200,825000,2011
8372,Maruti,Ciaz,5,34000,Diesel,Manual,28.09,1250,575000,2014
8032,Hyundai,Grand,8,40000,Diesel,Manual,24.0,1100,380000,2013
14969,Hyundai,i20,2,14000,Petrol,Manual,18.6,1200,880000,2008
13859,Maruti,Swift,12,108000,Diesel,Manual,17.8,1250,275000,2005
4677,Maruti,Ciaz,4,52000,Diesel,Manual,28.09,1250,725000,2014
13905,Maruti,Swift Dzire,3,40000,Diesel,Automatic,28.4,1250,700000,2008
5960,Honda,City,7,63200,Diesel,Manual,25.1,1500,785000,1998
7180,Ford,Ecosport,7,78409,Petrol,Automatic,16.5,1500,560000,2013
26,Maruti,Swift Dzire,8,45000,Diesel,Manual,26.59,1250,390000,2008
4497,Hyundai,Verna,5,85000,Diesel,Automatic,19.08,1600,720000,2006
9438,Hyundai,i20,7,80000,Diesel,Manual,21.9,1400,300000,2008
4019,Honda,City,4,10000,Petrol,Automatic,18.0,1500,1225000,1998
1792,Maruti,Ertiga,5,37000,Petrol,Manual,17.5,1400,695000,2012
10265,Hyundai,i20,12,51000,Petrol,Manual,17.0,1200,230000,2008
1959,Renault,KWID,4,54000,Petrol,Automatic,24.04,1000,345000,2015
4722,Renault,KWID,3,8000,Petrol,Automatic,24.04,1000,430000,2015
4443,Jaguar,XF,8,79000,Diesel,Automatic,14.74,3000,2500000,2009
10936,Hyundai,Grand,7,65000,Petrol,Manual,18.9,1200,399000,2013
6129,Maruti,Ciaz,5,77185,Petrol,Manual,20.73,1400,600000,2014
1578,Maruti,Vitara,3,62000,Diesel,Manual,24.3,1250,900000,2016
2361,Hyundai,i20,8,167200,Diesel,Manual,21.27,1400,380000,2008
4284,BMW,X3,9,80000,Diesel,Automatic,16.09,2000,1850000,2007
473,Maruti,Swift Dzire,2,15000,Petrol,Manual,21.21,1200,600000,2008
7810,Hyundai,Grand,3,62728,Petrol,Manual,18.9,1200,475000,2013
4554,Maruti,Wagon R,5,11999,Petrol,Manual,20.51,1000,436000,1999
8712,Hyundai,Verna,8,48265,Petrol,Automatic,17.01,1600,415000,2006
14138,Volkswagen,Vento,8,80000,Petrol,Manual,15.04,1600,350000,2010
11556,Maruti,Vitara,5,120000,Diesel,Manual,24.3,1250,700000,2016
14120,Mahindra,Bolero,7,140000,Diesel,Manual,15.96,2500,600000,2000
4965,Hyundai,Verna,4,28000,Petrol,Automatic,17.0,1600,1090000,2006
12484,Mahindra,KUV,5,72000,Diesel,Manual,25.32,1200,475000,2016
3315,Maruti,Alto,5,29000,Petrol,Manual,22.74,800,285000,2000
4380,Maruti,Swift,4,85000,Diesel,Manual,22.9,1250,615000,2005
6093,Toyota,Fortuner,9,60000,Diesel,Manual,13.0,3000,1260000,2009
1509,Hyundai,Creta,2,38280,Petrol,Manual,15.29,1600,950000,2015
8597,Tata,Tiago,5,25000,Petrol,Manual,23.84,1200,350000,2016
5250,Tata,Tiago,4,50000,Diesel,Manual,27.28,1050,450000,2016
12177,Maruti,Ignis,4,24000,Petrol,Automatic,20.89,1200,545000,2017
10537,Honda,City,4,45000,Petrol,Manual,17.4,1500,790000,1998
13942,Maruti,Swift Dzire,6,20000,Petrol,Manual,20.85,1200,450000,2008
9052,Ford,Ecosport,3,74435,Diesel,Manual,22.7,1500,795000,2013
9660,Hyundai,i20,8,80849,Diesel,Manual,22.54,1400,290000,2008
2861,Jaguar,XF,8,44000,Diesel,Automatic,19.33,2000,1675000,2009
6237,Mahindra,XUV500,2,18000,Diesel,Manual,15.1,2200,1400000,2011
9986,Mahindra,Scorpio,4,45023,Diesel,Manual,15.4,2200,1249000,2002
9982,Volkswagen,Vento,8,55000,Diesel,Manual,20.34,1500,350000,2010
7129,Hyundai,i10,9,38452,Petrol,Manual,20.36,1200,219000,2007
8453,Ford,Figo,9,50000,Diesel,Manual,20.0,1400,240000,2010
8974,Maruti,Swift,2,38000,Petrol,Manual,20.4,1200,632000,2005
12258,Hyundai,i10,9,16000,Petrol,Manual,19.81,1100,275000,2007
14538,Hyundai,Verna,4,50000,Petrol,Manual,17.01,1600,675000,2006
5917,Maruti,Alto,10,40000,Petrol,Manual,20.92,1000,240000,2000
4286,Volkswagen,Polo,5,98000,Diesel,Manual,20.14,1500,599000,2010
926,Datsun,RediGO,5,10000,Petrol,Manual,22.7,800,245000,2016
15377,Hyundai,i20,8,120000,Petrol,Manual,18.5,1200,300000,2008
10269,Skoda,Octavia,7,30000,Petrol,Automatic,14.7,1800,945000,2001
6844,Hyundai,i10,11,49700,Petrol,Automatic,19.2,1200,342000,2007
4457,Mahindra,XUV500,4,43000,Diesel,Manual,16.0,2200,1300000,2011
2353,Maruti,Wagon R,7,27000,Petrol,Manual,21.5,1200,370000,1999
7775,Renault,KWID,3,7000,Petrol,Automatic,24.04,1000,330000,2015
9601,Mahindra,XUV500,2,25000,Diesel,Automatic,15.1,2200,1800000,2011
8377,Maruti,Alto,3,20000,Petrol,Manual,23.95,1000,310000,2000
2018,Maruti,Swift Dzire,10,35000,Petrol,Manual,17.5,1300,350000,2008
8939,Datsun,RediGO,3,14001,Petrol,Automatic,23.0,1000,349000,2016
993,Skoda,Rapid,9,120000,Petrol,Automatic,14.3,1600,500000,2011
13345,Mahindra,XUV500,4,60000,Diesel,Manual,15.1,2200,1500000,2011
5448,Maruti,Wagon R,7,80000,Petrol,Manual,20.51,1000,300000,1999
8544,Toyota,Fortuner,10,252000,Diesel,Manual,11.5,3000,800000,2009
1545,Mahindra,XUV500,3,30000,Diesel,Manual,16.0,2200,1200000,2011
14278,Skoda,Rapid,8,77000,Diesel,Manual,21.14,1500,425000,2011
13312,Maruti,Alto,6,35000,Petrol,Manual,22.74,800,300000,2000
6116,Maruti,Swift,3,39852,Diesel,Manual,28.4,1250,725000,2005
9111,Hyundai,Santro,2,25000,Petrol,Automatic,20.3,1100,545000,1998
3638,Renault,KWID,4,15000,Petrol,Manual,23.01,1000,330000,2015
5001,Mahindra,Bolero,10,95000,Diesel,Manual,13.6,2500,330000,2000
10159,Hyundai,Creta,5,38000,Petrol,Automatic,13.0,1600,800000,2015
137,Hyundai,Verna,6,55000,Diesel,Manual,23.9,1600,650000,2006
11178,Mercedes-Benz,E-Class,7,65000,Diesel,Automatic,13.0,2100,2250000,1996
11141,Maruti,Wagon R,1,7640,Petrol,Manual,21.79,1000,460000,1999
3798,Maruti,Swift,6,55000,Petrol,Manual,22.0,1200,530000,2005
12700,Hyundai,Santro,8,64000,Petrol,Manual,17.92,1100,240000,1998
6396,Maruti,Ignis,4,15000,Petrol,Manual,20.89,1200,450000,2017
4170,Maruti,Wagon R,10,78010,Petrol,Manual,20.51,1000,309000,1999
2600,Hyundai,Verna,15,70000,Diesel,Manual,16.8,1500,125000,2006
2749,Maruti,Baleno,3,16348,Petrol,Manual,21.4,1200,700000,2015
9689,Hyundai,i20,8,65001,Diesel,Manual,21.9,1400,349000,2008
1346,Toyota,Camry,6,64500,Petrol,Automatic,19.16,2500,1699000,2002
7137,BMW,X1,4,40100,Diesel,Automatic,20.68,2000,2499000,2010
1730,Maruti,Alto,12,25000,Petrol,Manual,19.7,800,155000,2000
5152,Skoda,Rapid,5,51930,Diesel,Automatic,21.66,1500,795000,2011
12389,Maruti,Swift Dzire,8,54000,Diesel,Manual,23.4,1250,475000,2008
7501,Tata,Tiago,4,9000,Petrol,Manual,23.84,1200,410000,2016
7897,Datsun,GO,4,15000,Petrol,Manual,20.63,1200,295000,2014
4419,Tata,Safari,12,110000,Diesel,Manual,11.57,2200,300000,1998
2871,Maruti,Baleno,4,30726,Petrol,Manual,21.1,1000,659000,2015
3259,Maruti,Ciaz,4,43000,Diesel,Manual,28.09,1250,850000,2014
6730,Maruti,Wagon R,6,37203,Petrol,Automatic,20.51,1000,375000,1999
5724,Maruti,Swift,9,100000,Diesel,Manual,22.9,1250,300000,2005
15145,Datsun,RediGO,5,11169,Petrol,Manual,22.7,800,250000,2016
8364,Maruti,Swift Dzire,5,67004,Diesel,Manual,19.3,1250,585000,2008
10418,Honda,City,11,57000,Petrol,Manual,17.0,1500,295000,1998
3568,Mercedes-Benz,C-Class,10,90000,Diesel,Automatic,14.94,2100,1000000,2001
609,Renault,Duster,7,56000,Diesel,Manual,20.45,1500,450000,2012
115,Maruti,Swift,3,35000,Petrol,Manual,22.0,1200,575000,2005
3116,Hyundai,i20,7,44000,Petrol,Manual,18.5,1200,380000,2008
14555,Volkswagen,Polo,3,16000,Petrol,Manual,16.2,1200,635000,2010
8726,Maruti,Alto,7,80000,Petrol,Manual,22.74,800,210000,2000
14356,Audi,A4,8,60000,Diesel,Automatic,16.55,2000,1550000,2008
1086,Maruti,Swift,6,45000,Diesel,Manual,22.9,1250,450000,2005
8716,Maruti,Vitara,5,40000,Diesel,Manual,24.3,1250,700000,2016
14843,Mahindra,Scorpio,4,110000,Diesel,Manual,15.4,2000,800000,2002
12373,Hyundai,i20,5,55000,Petrol,Manual,18.6,1200,500000,2008
10644,Ford,Ecosport,4,17000,Diesel,Manual,23.0,1500,730000,2013
4584,Hyundai,i20,6,85000,Diesel,Manual,22.54,1400,610000,2008
2539,Maruti,Swift,9,120000,Diesel,Manual,22.9,1250,380000,2005
8635,Maruti,Celerio,4,20500,Petrol,Manual,23.1,1000,350000,2014
3655,Hyundai,i20,5,64000,Diesel,Manual,21.19,1400,695000,2008
14493,Toyota,Fortuner,8,92000,Diesel,Manual,12.55,3000,1511000,2009
3685,Maruti,Alto,7,48828,Petrol,Manual,22.74,800,275000,2000
6746,Hyundai,Grand,5,22000,Diesel,Manual,24.0,1100,625000,2013
5690,Hyundai,Santro,13,15000,Petrol,Manual,17.92,1100,120000,1998
8642,Mahindra,Scorpio,3,50000,Diesel,Manual,16.36,2200,1450000,2002
12385,Maruti,Baleno,3,22072,Petrol,Manual,21.01,1200,840000,2015
15352,Hyundai,Grand,7,90000,Petrol,Manual,18.9,1200,400000,2013
14904,Ford,Figo,6,100000,Diesel,Manual,25.83,1500,400000,2010
8328,Maruti,Swift,9,50500,Petrol,Manual,18.6,1200,325000,2005
11627,Hyundai,Creta,5,25286,Petrol,Automatic,13.0,1600,1025000,2015
6932,Maruti,Swift Dzire,3,35000,Petrol,Manual,21.21,1200,550000,2008
8161,Maruti,Ertiga,7,26000,Petrol,Manual,16.02,1400,530000,2012
7023,Maruti,Alto,3,25000,Petrol,Manual,24.7,800,255000,2000
11585,Maruti,Celerio,6,57226,Petrol,Automatic,23.1,1000,450000,2014
6472,Maruti,Wagon R,12,78000,"Others (CNG,LPG)",Manual,26.2,1000,175000,1999
14024,Maruti,Swift,9,76000,Diesel,Manual,22.9,1250,385000,2005
13168,Hyundai,Grand,4,56169,Petrol,Manual,18.9,1200,550000,2013
13419,Hyundai,Creta,6,70000,Diesel,Manual,21.38,1400,800000,2015
5629,Volkswagen,Polo,6,54232,Petrol,Automatic,17.21,1200,750000,2010
8666,Maruti,Swift Dzire,8,82000,Diesel,Manual,23.4,1250,425000,2008
10674,Maruti,Ciaz,4,44507,Petrol,Manual,20.65,1500,690000,2014
12664,Maruti,Ertiga,7,36000,Petrol,Manual,16.02,1400,645000,2012
7219,Mahindra,Thar,3,36000,Diesel,Manual,18.06,2500,745000,2010
13051,Tata,Safari,6,145000,Diesel,Manual,14.0,2200,550000,1998
8796,Mahindra,Bolero,1,2500,Diesel,Manual,15.96,2500,800000,2000
5665,Tata,Harrier,2,16700,Diesel,Manual,17.0,2000,1725000,2019
347,Maruti,Swift Dzire,4,20000,Diesel,Manual,28.4,1250,700000,2008
13724,Jaguar,XF,2,14000,Diesel,Automatic,19.33,2000,4550000,2009
2980,Hyundai,Verna,10,58222,Diesel,Manual,22.32,1600,421000,2006
1016,Hyundai,Santro,2,30000,Petrol,Manual,20.3,1100,550000,1998
6079,Hyundai,i20,2,5000,Petrol,Manual,18.6,1200,700000,2008
14080,Tata,Tiago,4,15000,Petrol,Manual,23.84,1200,425000,2016
1719,Volkswagen,Vento,5,43000,Petrol,Automatic,18.19,1200,690000,2010
11906,Maruti,Ciaz,6,39000,Petrol,Automatic,19.12,1400,675000,2014
4411,Maruti,Alto,5,40000,Petrol,Manual,23.95,1000,300000,2000
12812,Volkswagen,Polo,6,7000,Petrol,Manual,16.2,1200,615000,2010
11850,Maruti,Alto,5,45222,"Others (CNG,LPG)",Manual,30.46,800,299000,2000
13171,Skoda,Superb,11,74000,Petrol,Automatic,13.7,1800,365000,2004
14898,Mercedes-Benz,C-Class,6,35000,Petrol,Automatic,14.74,2000,2250000,2001
15219,Maruti,Swift,3,17000,Petrol,Automatic,21.21,1200,765000,2005
6699,Maruti,Alto,7,20068,Petrol,Manual,23.95,1000,286000,2000
4896,Maruti,Baleno,4,60881,Diesel,Manual,27.39,1250,730000,2015
3636,Maruti,Ciaz,4,44046,Diesel,Manual,28.09,1250,800000,2014
9527,Skoda,Superb,5,80260,Petrol,Automatic,14.67,1800,1675000,2004
8312,Hyundai,i20,8,30000,Petrol,Manual,18.5,1200,500000,2008
3987,Hyundai,Grand,6,69300,Petrol,Automatic,18.9,1200,475000,2013
11370,Volkswagen,Vento,6,64576,Diesel,Automatic,21.5,1500,575000,2010
13016,Tata,Safari,6,50000,Diesel,Manual,14.0,2200,625000,1998
13471,Mahindra,KUV,5,50000,Diesel,Manual,25.32,1200,550000,2016
2819,Maruti,Vitara,4,32000,Diesel,Manual,24.3,1250,845000,2016
2093,BMW,X1,5,14000,Diesel,Automatic,20.68,2000,2850000,2010
11376,Audi,A4,11,82000,Petrol,Automatic,12.3,1800,750000,2008
10698,Toyota,Camry,5,85000,Petrol,Automatic,19.16,2500,1850000,2002
7659,Hyundai,Santro,10,38000,Petrol,Manual,17.92,1100,129000,1998
2978,Mahindra,XUV500,6,51000,Diesel,Manual,15.1,2200,945000,2011
6411,Hyundai,i20,8,47000,Petrol,Manual,17.0,1200,475000,2008
8878,Hyundai,i10,12,50000,Petrol,Manual,19.81,1100,191000,2007
8150,Maruti,Ciaz,3,10000,Petrol,Manual,20.73,1400,875000,2014
11060,Hyundai,i10,8,37200,Petrol,Manual,19.81,1100,250000,2007
7548,Honda,City,4,15000,Diesel,Manual,25.6,1500,1045000,1998
2204,Maruti,Eeco,7,161209,Petrol,Manual,15.37,1200,250000,2010
9603,Maruti,Vitara,3,52000,Diesel,Manual,24.3,1250,745000,2016
5292,Honda,City,10,73000,Petrol,Manual,17.0,1500,450000,1998
5983,Volkswagen,Vento,7,32000,Diesel,Manual,20.34,1500,725000,2010
10485,Maruti,Wagon R,8,61000,"Others (CNG,LPG)",Manual,26.2,1000,275000,1999
11223,Maruti,Wagon R,10,71000,Petrol,Manual,20.51,1000,220000,1999
14775,Hyundai,i10,8,71236,Petrol,Manual,20.36,1200,310000,2007
12899,Maruti,Alto,8,52000,Petrol,Manual,22.74,800,236000,2000
3400,Hyundai,Verna,6,25000,Petrol,Manual,17.43,1400,500000,2006
13421,Mercedes-Benz,GL-Class,4,38000,Diesel,Automatic,17.9,2100,2975000,2010
5218,Maruti,Wagon R,12,69000,Petrol,Manual,21.79,1000,250000,1999
4723,Maruti,Swift Dzire,3,18000,Diesel,Automatic,28.4,1250,775000,2008
13209,BMW,X5,7,60000,Diesel,Automatic,15.97,3000,3350000,2007
813,Maruti,Swift Dzire,7,114605,Petrol,Manual,19.1,1200,380000,2008
9294,Toyota,Innova,7,98000,Diesel,Manual,12.8,2500,750000,2005
11034,Hyundai,i20,4,50740,Petrol,Manual,18.6,1200,600000,2008
789,Maruti,Baleno,6,38819,Petrol,Manual,21.4,1200,510000,2015
12667,Honda,City,4,120000,Diesel,Manual,26.0,1500,750000,1998
6802,Maruti,Swift Dzire,3,140000,Diesel,Manual,28.4,1250,720000,2008
4853,Maruti,Celerio,6,23121,Petrol,Automatic,23.1,1000,461000,2014
376,Hyundai,Grand,4,35000,Petrol,Manual,18.9,1200,490000,2013
4354,Maruti,Ertiga,6,44000,Diesel,Manual,20.77,1250,770000,2012
11982,Toyota,Innova,3,29000,Diesel,Manual,13.68,2400,1775000,2005
8486,Hyundai,i20,2,15000,Diesel,Manual,22.54,1400,700000,2008
8327,Toyota,Fortuner,5,40000,Diesel,Automatic,12.55,3000,2250000,2009
1216,Hyundai,i20,4,27000,Petrol,Manual,18.6,1200,575000,2008
9844,Maruti,Wagon R,7,51000,"Others (CNG,LPG)",Manual,32.52,1000,245000,1999
12864,Maruti,Ertiga,8,15000,Petrol,Manual,16.02,1400,550000,2012
3716,Maruti,Alto,10,20000,Petrol,Manual,19.7,800,170000,2000
8906,BMW,3,6,39000,Diesel,Automatic,19.59,2000,1890000,2007
5528,Hyundai,Creta,4,40000,Petrol,Manual,15.29,1600,970000,2015
9269,Mercedes-Benz,GL-Class,2,4000,Petrol,Automatic,11.5,2000,4800000,2010
1048,Maruti,Alto,9,10000,Petrol,Manual,20.92,1000,225000,2000
7626,Maruti,Swift Dzire,10,43125,Petrol,Manual,20.85,1200,250000,2008
557,Maruti,Swift Dzire,6,86000,Diesel,Manual,26.59,1250,550000,2008
4544,Maruti,Swift Dzire,6,16500,Petrol,Manual,20.85,1200,600000,2008
1534,Mahindra,XUV500,3,21000,Diesel,Manual,15.1,2200,1325000,2011
843,Maruti,Wagon R,6,114183,Petrol,Manual,21.79,1000,350000,1999
6647,Hyundai,Grand,4,25000,Petrol,Manual,18.9,1200,580000,2013
7458,Maruti,Swift Dzire,9,50000,Petrol,Manual,20.85,1200,400000,2008
1965,Mahindra,Bolero,18,120000,Diesel,Manual,13.6,2500,100000,2000
1528,Maruti,Ciaz,6,13000,Petrol,Manual,20.73,1400,640000,2014
3190,Ford,Figo,11,76400,Diesel,Manual,20.0,1400,221000,2010
2154,Volkswagen,Vento,11,106000,Diesel,Manual,20.54,1600,300000,2010
14441,Hyundai,Verna,3,16000,Petrol,Automatic,17.0,1600,1125000,2006
277,Hyundai,Grand,3,40000,Petrol,Manual,18.9,1200,450000,2013
5307,Ford,Ecosport,3,74000,Diesel,Manual,23.0,1500,795000,2013
10736,Maruti,Baleno,4,51000,Petrol,Manual,21.4,1200,565000,2015
1508,Maruti,Swift,3,30000,Diesel,Manual,28.4,1250,760000,2005
5264,Volkswagen,Polo,5,76574,Diesel,Manual,22.07,1200,650000,2010
12470,Maruti,Swift Dzire,9,35000,Petrol,Manual,17.5,1200,350000,2008
6896,Maruti,Alto,2,5000,Petrol,Manual,23.95,1000,355000,2000
4939,Ford,Figo,11,51060,Diesel,Manual,20.0,1400,280000,2010
2139,Maruti,Vitara,4,50000,Diesel,Manual,24.3,1250,800000,2016
2582,Skoda,Octavia,5,68387,Diesel,Automatic,19.3,2000,950000,2001
13001,Mahindra,KUV,5,70000,Petrol,Manual,18.15,1200,275000,2016
15406,Hyundai,i10,9,10723,Petrol,Manual,19.81,1100,250000,2007
8458,Maruti,Ertiga,8,90000,Petrol,Manual,16.02,1400,500000,2012
5922,Hyundai,i20,9,23000,Diesel,Manual,21.9,1400,435000,2008
7573,Maruti,Wagon R,6,28207,Petrol,Manual,21.79,1000,320000,1999
9501,Hyundai,Grand,2,11000,Petrol,Manual,18.9,1200,490000,2013
7838,Hyundai,Creta,5,45000,Diesel,Manual,21.38,1400,925000,2015
11469,Toyota,Fortuner,7,85000,Diesel,Manual,13.0,3000,1600000,2009
3071,Hyundai,i20,9,66259,Diesel,Manual,21.9,1400,435000,2008
14811,Toyota,Innova,6,70000,Diesel,Manual,12.99,2500,1500000,2005
8648,Mahindra,Bolero,4,60000,Diesel,Manual,15.96,2500,550000,2000
1728,Mercedes-Benz,E-Class,6,26952,Diesel,Automatic,13.0,2100,2600000,1996
15127,Maruti,Celerio,5,29330,Petrol,Automatic,23.1,1000,451000,2014
14926,Hyundai,i20,6,50000,Diesel,Manual,22.54,1400,680000,2008
13452,Maruti,Wagon R,6,64000,"Others (CNG,LPG)",Manual,26.2,1000,390000,1999
1884,Skoda,Octavia,6,110000,Petrol,Automatic,14.7,1800,990000,2001
13037,Maruti,Vitara,4,45000,Diesel,Manual,24.3,1250,750000,2016
12823,Maruti,Ertiga,9,50000,Diesel,Manual,20.77,1250,600000,2012
11946,Jeep,Compass,4,42000,Diesel,Manual,17.1,2000,1790000,2017
524,Renault,KWID,3,10000,Petrol,Manual,23.01,1000,350000,2015
1584,Volkswagen,Vento,6,50000,Petrol,Automatic,18.19,1200,525000,2010
10637,Honda,City,4,50000,Petrol,Manual,17.4,1500,760000,1998
14154,Ford,Figo,6,67362,Diesel,Manual,20.0,1400,445000,2010
7128,Maruti,Ertiga,9,90000,Diesel,Manual,20.77,1250,350000,2012
6885,BMW,3,10,35000,Diesel,Automatic,16.07,2000,1150000,2007
5961,Maruti,Swift,7,87832,Diesel,Manual,25.2,1250,460000,2005
9464,Honda,City,10,72000,Petrol,Manual,17.0,1500,320000,1998
12364,BMW,X3,9,60000,Diesel,Automatic,16.09,2000,1350000,2007
4016,Maruti,Swift,8,50000,Diesel,Manual,22.9,1250,420000,2005
8554,Maruti,Alto,11,100000,Petrol,Manual,19.7,800,160000,2000
9915,Maruti,Alto,9,42489,Petrol,Manual,20.92,1000,235000,2000
10938,Maruti,Celerio,5,12957,Petrol,Manual,23.1,1000,400000,2014
6228,Toyota,Innova,3,60000,Diesel,Manual,13.68,2400,1950000,2005
3163,Mahindra,Scorpio,7,51000,Diesel,Manual,15.4,2200,925000,2002
9980,BMW,X5,6,47500,Diesel,Automatic,15.97,3000,3700000,2007
3615,Datsun,GO,5,30000,Petrol,Manual,19.44,1200,300000,2014
15283,Maruti,Baleno,5,35000,Petrol,Automatic,21.4,1200,750000,2015
4200,Mahindra,XUV500,6,87000,Diesel,Manual,16.0,2200,1350000,2011
9931,Maruti,Wagon R,6,33000,Petrol,Automatic,20.51,1000,425000,1999
10508,Mahindra,Scorpio,3,50000,Diesel,Manual,15.4,2500,900000,2002
828,Hyundai,i20,8,110000,Diesel,Manual,21.9,1400,350000,2008
1971,Maruti,Alto,11,50000,Petrol,Manual,19.7,800,140000,2000
13734,Datsun,RediGO,4,35000,Petrol,Manual,22.5,1000,250000,2016
10699,Hyundai,i20,3,30000,Petrol,Manual,17.19,1200,550000,2008
5779,Honda,City,14,146000,Petrol,Manual,17.7,1500,125000,1998
3982,Tata,Nexon,3,87000,Diesel,Manual,21.5,1500,735000,2017
2404,Toyota,Innova,2,9154,Diesel,Manual,13.68,2400,2100000,2005
274,Honda,City,5,40000,Petrol,Automatic,18.0,1500,845000,1998
7349,Maruti,Alto,7,50000,Petrol,Manual,22.74,800,210000,2000
11675,Maruti,Ertiga,4,50000,Diesel,Manual,24.2,1500,740000,2012
10613,Volkswagen,Polo,7,44202,Petrol,Automatic,17.21,1200,515000,2010
13695,Tata,Tiago,2,35000,Petrol,Manual,23.84,1200,434000,2016
2437,Hyundai,i20,6,50000,Petrol,Manual,18.5,1200,550000,2008
2839,Hyundai,Grand,6,85000,Diesel,Manual,24.0,1100,385000,2013
186,Hyundai,i20,5,11000,Petrol,Manual,18.6,1200,575000,2008
9036,Hyundai,Verna,9,65000,Diesel,Manual,23.9,1600,475000,2006
7966,Tata,Safari,5,60000,Diesel,Manual,14.1,2200,850000,1998
8671,Honda,City,7,25000,Diesel,Manual,26.0,1500,525000,1998
10930,Hyundai,i20,5,40000,Petrol,Manual,18.6,1200,500000,2008
12078,Hyundai,i10,10,55845,Petrol,Manual,20.36,1200,350000,2007
10380,Mahindra,XUV500,4,50000,Diesel,Manual,16.0,2200,1350000,2011
10765,Toyota,Fortuner,9,97000,Diesel,Automatic,12.55,3000,1175000,2009
6649,Hyundai,i20,6,77597,Petrol,Manual,20.35,1200,666000,2008
11912,Mercedes-Benz,C-Class,6,37000,Diesel,Automatic,14.84,2100,2399000,2001
5005,Ford,Figo,9,90000,Diesel,Manual,20.0,1400,280000,2010
11362,Maruti,Vitara,5,52000,Diesel,Manual,24.3,1250,680000,2016
607,Tata,Tiago,4,42000,Diesel,Manual,27.28,1050,435000,2016
9613,Hyundai,Verna,6,43000,Petrol,Manual,17.43,1400,580000,2006
2951,Mahindra,Scorpio,11,97000,Diesel,Manual,10.5,2200,475000,2002
13422,Hyundai,Grand,4,47000,Petrol,Manual,18.9,1200,555000,2013
3550,Maruti,Alto,3,23150,Petrol,Automatic,23.95,1000,394000,2000
71,Hyundai,i20,8,15000,Petrol,Manual,18.5,1200,375000,2008
5910,Hyundai,i20,7,90000,Diesel,Manual,22.54,1400,444000,2008
527,Mahindra,XUV500,3,50000,Diesel,Automatic,15.1,2200,1300000,2011
12915,BMW,7,11,71000,Diesel,Automatic,16.46,3000,1950000,2002
12938,Hyundai,Verna,4,56100,Diesel,Manual,24.0,1400,750000,2006
14165,Tata,Tiago,3,35505,Petrol,Manual,23.84,1200,545000,2016
14536,Hyundai,i10,11,52000,Petrol,Manual,20.36,1200,310000,2007
2003,Honda,City,6,66996,Petrol,Manual,17.4,1500,675000,1998
1592,Maruti,Wagon R,5,29000,Petrol,Automatic,20.51,1000,450000,1999
9428,Renault,Duster,8,65000,Diesel,Manual,19.01,1500,375000,2012
13841,Maruti,Alto,3,59000,"Others (CNG,LPG)",Manual,33.44,800,300000,2000
4217,Honda,CR-V,14,87000,Petrol,Manual,10.8,2350,475000,2003
13807,Honda,City,7,62000,Diesel,Manual,26.0,1500,580000,1998
6807,Volkswagen,Polo,5,60000,Diesel,Manual,20.14,1500,750000,2010
5095,Maruti,Swift,13,92000,Diesel,Manual,17.8,1250,290000,2005
4178,Maruti,Alto,6,25000,Petrol,Manual,23.95,1000,350000,2000
5431,Ford,Ecosport,3,40000,Diesel,Manual,23.0,1500,950000,2013
515,Skoda,Rapid,5,47612,Diesel,Manual,21.13,1500,590000,2011
4219,Maruti,Celerio,2,58000,Petrol,Manual,21.63,1000,495000,2014
8188,Toyota,Innova,3,69000,Diesel,Manual,13.68,2400,2090000,2005
12122,Maruti,Swift Dzire,5,80000,Petrol,Manual,20.85,1200,450000,2008
5055,Toyota,Innova,7,100000,Diesel,Manual,12.99,2500,1011000,2005
14472,Ford,Aspire,5,80000,Diesel,Manual,26.1,1500,600000,2015
11754,Honda,Jazz,5,39000,Petrol,Manual,18.7,1200,545000,2009
6786,Volkswagen,Vento,10,80000,Diesel,Manual,20.54,1600,315000,2010
15323,Honda,City,4,10000,Petrol,Automatic,18.0,1500,1000000,1998
5024,Renault,Duster,4,50000,Diesel,Manual,19.87,1500,750000,2012
14833,Hyundai,Verna,8,81000,Petrol,Automatic,17.1,1600,425000,2006
2948,Toyota,Innova,13,85216,Diesel,Manual,12.8,2500,465000,2005
9887,BMW,X1,4,22000,Diesel,Automatic,20.68,2000,2500000,2010
5686,Hyundai,Grand,4,26000,Petrol,Manual,18.9,1200,555000,2013
3399,Maruti,Baleno,3,18000,Petrol,Manual,21.4,1200,750000,2015
9138,Maruti,Vitara,5,65000,Diesel,Manual,24.3,1250,620000,2016
13428,Toyota,Innova,5,85000,Diesel,Automatic,11.36,2800,1755000,2005
6552,Maruti,Ciaz,6,77000,Diesel,Manual,28.09,1250,735000,2014
1979,Volkswagen,Polo,5,30000,Petrol,Manual,16.2,1200,530000,2010
3537,Maruti,Swift Dzire,7,82500,Diesel,Manual,23.4,1250,425000,2008
7709,Toyota,Fortuner,3,57000,Diesel,Manual,14.24,2800,2650000,2009
9028,Hyundai,Creta,5,42530,Petrol,Manual,15.29,1600,825000,2015
12678,Mercedes-Benz,E-Class,7,80000,Diesel,Automatic,14.21,2100,1999000,1996
7594,Maruti,Swift Dzire,4,56494,Diesel,Manual,28.4,1250,850000,2008
10566,Honda,City,5,60000,Petrol,Automatic,18.0,1500,685000,1998
15292,Tata,Nexon,3,18000,Diesel,Automatic,21.5,1500,1030000,2017
1049,Maruti,Swift Dzire,10,70000,Petrol,Manual,17.5,1300,315000,2008
7770,Honda,Amaze,8,48000,Diesel,Manual,25.8,1500,299000,2013
2472,Skoda,Superb,5,65000,Petrol,Automatic,14.67,1800,1575000,2004
2157,Hyundai,i20,9,40000,Diesel,Manual,21.9,1400,435000,2008
12089,Hyundai,Verna,5,23000,Petrol,Manual,17.01,1600,625000,2006
12066,Maruti,Baleno,3,18000,Petrol,Automatic,21.4,1200,760000,2015
132,Datsun,GO,6,35000,Petrol,Manual,19.44,1200,400000,2014
15171,Maruti,Celerio,4,15000,Petrol,Automatic,21.63,1000,540000,2014
1212,Maruti,Swift,8,70000,Diesel,Manual,22.9,1250,330000,2005
13711,Maruti,Wagon R,7,39264,Petrol,Manual,20.51,1000,450000,1999
5417,Tata,Nexon,2,24000,Diesel,Manual,21.5,1500,800000,2017
15260,Audi,A4,8,58000,Diesel,Automatic,15.2,2000,1350000,2008
1715,Mahindra,Thar,3,40000,Diesel,Manual,16.55,2500,850000,2010
15016,Maruti,Alto,5,78950,"Others (CNG,LPG)",Manual,30.46,800,299000,2000
2983,Maruti,Baleno,3,10398,Diesel,Manual,27.39,1250,840000,2015
11652,Mahindra,Bolero,6,90000,Diesel,Manual,15.96,2500,550000,2000
11845,Hyundai,i20,6,66032,Petrol,Manual,17.0,1200,550000,2008
6947,Honda,City,4,80000,Diesel,Manual,26.0,1500,750000,1998
13834,Hyundai,i20,4,33181,Petrol,Manual,18.6,1200,625000,2008
4508,Hyundai,i20,4,35000,Diesel,Manual,22.54,1400,500000,2008
6723,Hyundai,i10,13,73000,Petrol,Manual,19.81,1100,180000,2007
7304,Maruti,Alto,10,29000,Petrol,Manual,19.7,800,180000,2000
5744,Maruti,Swift Dzire,7,74000,Diesel,Manual,23.4,1250,460000,2008
3379,Toyota,Innova,12,104000,Diesel,Manual,12.8,2500,525000,2005
11851,Skoda,Rapid,7,70000,Diesel,Manual,21.14,1500,535000,2011
10622,Hyundai,Verna,7,65706,Petrol,Manual,17.01,1600,510000,2006
3515,Maruti,Wagon R,3,36274,"Others (CNG,LPG)",Manual,26.6,1000,455000,1999
14331,Hyundai,i20,5,106000,Diesel,Manual,21.19,1400,675000,2008
9340,Maruti,Vitara,4,57000,Diesel,Manual,24.3,1250,795000,2016
11537,Maruti,Swift,6,46138,Petrol,Manual,20.4,1200,400000,2005
4008,Volkswagen,Vento,6,63096,Diesel,Manual,20.34,1500,690000,2010
10766,Honda,Amaze,7,58500,Diesel,Manual,25.8,1500,348000,2013
2351,Hyundai,Santro,11,60000,Petrol,Manual,17.92,1100,175000,1998
5621,Ford,Figo,10,88000,Diesel,Manual,20.0,1400,265000,2010
14612,Maruti,Vitara,4,22000,Diesel,Manual,24.3,1250,955000,2016
5932,Volkswagen,Vento,7,72806,Diesel,Manual,20.34,1500,611000,2010
6970,Maruti,Ciaz,6,103000,Diesel,Manual,28.09,1250,530000,2014
12583,Skoda,Rapid,4,50000,Diesel,Manual,21.13,1500,950000,2011
6899,Hyundai,i20,8,77000,Diesel,Manual,23.0,1400,455000,2008
2156,Maruti,Alto,11,70000,Petrol,Manual,20.92,1000,180000,2000
1749,Hyundai,Grand,5,40125,Petrol,Manual,18.9,1200,540000,2013
13681,Honda,Amaze,7,97000,Diesel,Manual,25.8,1500,400000,2013
2625,Maruti,Alto,5,20000,Petrol,Manual,23.95,1000,315000,2000
3882,Maruti,Alto,9,55294,Petrol,Manual,20.92,1000,251000,2000
8462,Maruti,Alto,9,70000,Petrol,Manual,19.7,800,170000,2000
7347,Mahindra,Bolero,6,170000,Diesel,Manual,15.96,2500,520000,2000
4639,Tata,Tiago,2,5000,Petrol,Automatic,23.84,1200,590000,2016
8966,Ford,Freestyle,2,10000,Diesel,Manual,24.4,1500,800000,2018
7911,Maruti,Swift Dzire,6,15000,Diesel,Manual,26.59,1250,600000,2008
6966,Honda,Jazz,5,19000,Diesel,Manual,27.3,1500,490000,2009
4166,Tata,Hexa,2,34293,Diesel,Manual,17.6,2200,1380000,2017
10650,Maruti,Ertiga,5,170000,"Others (CNG,LPG)",Manual,17.5,1400,600000,2012
918,Ford,Figo,8,43434,Diesel,Manual,20.0,1400,280000,2010
8852,Honda,Jazz,5,49000,Petrol,Manual,16.6,1200,499000,2009
9130,Maruti,Wagon R,7,40000,Petrol,Manual,20.51,1000,295000,1999
15085,Hyundai,Grand,2,15000,Petrol,Manual,18.9,1200,525000,2013
1228,Mahindra,XUV500,4,65000,Diesel,Automatic,16.0,2000,1175000,2011
12679,Hyundai,i20,7,40000,Petrol,Manual,17.0,1200,475000,2008
7664,Renault,KWID,4,28600,Petrol,Manual,25.17,800,235000,2015
13885,Honda,Jazz,5,44000,Diesel,Manual,27.3,1500,630000,2009
4527,Hyundai,Creta,4,66000,Diesel,Manual,19.67,1600,1040000,2015
7777,Toyota,Innova,8,277000,Diesel,Manual,12.99,2500,750000,2005
6609,Volkswagen,Polo,8,50000,Diesel,Manual,22.07,1200,300000,2010
2814,Volkswagen,Vento,3,30000,Diesel,Automatic,22.15,1500,951000,2010
9158,Mahindra,XUV500,6,68000,Diesel,Manual,16.0,2200,950000,2011
3803,Maruti,Alto,3,6800,Petrol,Manual,23.95,1000,375000,2000
6066,Volkswagen,Vento,5,72000,Diesel,Automatic,22.15,1500,735000,2010
571,Toyota,Innova,9,120000,Diesel,Manual,12.99,2500,860000,2005
7999,Maruti,Ignis,3,15000,Petrol,Manual,20.89,1200,440000,2017
916,Hyundai,Creta,5,43031,Diesel,Manual,21.38,1400,1050000,2015
3334,Hyundai,i10,12,73000,Petrol,Manual,20.36,1200,190000,2007
9884,Toyota,Innova,4,63000,Diesel,Manual,13.68,2400,1650000,2005
565,Honda,Jazz,5,29484,Petrol,Manual,18.7,1200,465000,2009
3220,Skoda,Octavia,6,35000,Diesel,Automatic,19.3,2000,1425000,2001
8412,Audi,A6,8,59654,Diesel,Automatic,17.68,2000,1449000,2005
8590,Datsun,RediGO,4,21300,Petrol,Manual,22.7,800,230000,2016
9325,Maruti,Baleno,5,32145,Petrol,Manual,21.4,1200,565000,2015
2622,Maruti,Baleno,3,4700,Petrol,Manual,21.01,1200,675000,2015
13238,Renault,Duster,8,62000,Diesel,Manual,19.87,1500,395000,2012
13480,Skoda,Rapid,3,9570,Petrol,Automatic,14.3,1600,1195000,2011
703,Maruti,Ertiga,2,20000,Petrol,Manual,19.34,1500,740000,2012
8500,Ford,Ecosport,6,31700,Diesel,Manual,22.7,1500,640000,2013
5703,Hyundai,Creta,4,30000,Petrol,Manual,15.29,1600,780000,2015
13155,Hyundai,Grand,6,25000,Petrol,Manual,18.9,1200,500000,2013
1174,Honda,WR-V,2,10000,Diesel,Manual,25.5,1500,975000,2017
6717,Tata,Safari,8,83000,Diesel,Manual,11.57,2200,485000,1998
14990,Hyundai,Verna,9,60795,Diesel,Manual,22.32,1600,635000,2006
8002,Hyundai,Santro,10,70000,Petrol,Manual,17.92,1100,140000,1998
8753,Renault,Duster,8,61000,Diesel,Manual,19.01,1500,500000,2012
2864,Ford,Ecosport,6,90000,Petrol,Automatic,15.63,1500,530000,2013
11117,Mahindra,XUV500,9,67000,Diesel,Manual,15.1,2200,525000,2011
10221,Maruti,Wagon R,6,71000,"Others (CNG,LPG)",Manual,26.6,1000,285000,1999
6064,Maruti,Wagon R,9,58000,Petrol,Manual,18.9,1000,310000,1999
1437,Maruti,Swift,10,80000,Diesel,Manual,22.9,1250,285000,2005
2287,Toyota,Camry,7,60000,Petrol,Automatic,19.16,2500,1190000,2002
14995,Mercedes-Benz,C-Class,8,66000,Diesel,Automatic,14.84,2100,1475000,2001
3157,Maruti,Ciaz,3,40000,Petrol,Manual,21.56,1500,850000,2014
8375,Honda,WR-V,4,86300,Diesel,Manual,25.5,1500,800000,2017
256,Mahindra,Scorpio,4,30000,Diesel,Manual,15.4,2000,1080000,2002
696,Maruti,Swift,3,50000,Petrol,Manual,21.21,1200,540000,2005
12598,Maruti,Celerio,3,15000,Petrol,Manual,21.63,1000,485000,2014
12192,BMW,X3,7,66000,Diesel,Automatic,18.56,2000,2150000,2007
8386,Maruti,Swift,7,78000,Diesel,Manual,25.2,1250,550000,2005
3329,Honda,Jazz,6,19570,Petrol,Manual,18.7,1200,560000,2009
2741,Maruti,Ertiga,6,92457,Diesel,Manual,20.77,1250,699000,2012
3475,Maruti,Eeco,7,53000,"Others (CNG,LPG)",Manual,21.94,1200,395000,2010
11578,Maruti,Ertiga,3,75000,Diesel,Manual,25.47,1250,950000,2012
10844,Honda,Jazz,5,38739,Diesel,Manual,27.3,1500,575000,2009
4355,Hyundai,Creta,4,116589,Diesel,Manual,19.67,1600,1100000,2015
13125,Renault,KWID,3,40000,Petrol,Automatic,24.04,1000,300000,2015
11099,Maruti,Swift,6,73000,Diesel,Manual,28.4,1250,425000,2005
14580,Hyundai,Creta,6,60000,Diesel,Manual,19.67,1600,910000,2015
11567,Honda,Amaze,3,18000,Petrol,Automatic,18.1,1200,635000,2013
590,Toyota,Fortuner,6,48000,Diesel,Automatic,12.55,3000,1930000,2009
15258,Volkswagen,Polo,7,18520,Petrol,Manual,16.2,1200,465000,2010
6021,Mahindra,Scorpio,18,198565,Diesel,Manual,10.5,2200,150000,2002
6053,Maruti,Vitara,5,80000,Diesel,Manual,24.3,1250,624000,2016
10423,Hyundai,i10,5,42000,Petrol,Manual,19.81,1100,375000,2007
2881,Maruti,Swift Dzire,3,17000,Petrol,Manual,21.21,1200,705000,2008
1944,Maruti,Swift Dzire,6,86000,Diesel,Manual,26.59,1250,675000,2008
13017,Hyundai,Creta,2,65972,Diesel,Manual,20.5,1600,1360000,2015
5626,Maruti,Alto,15,55000,Petrol,Manual,19.7,800,95000,2000
11113,Mahindra,Thar,8,49000,Diesel,Manual,16.55,2500,525000,2010
1581,Maruti,Swift,3,13000,Petrol,Automatic,22.0,1200,670000,2005
4911,Ford,Figo,7,48000,Diesel,Manual,20.0,1400,450000,2010
7952,Tata,Tiago,3,50000,Petrol,Manual,23.84,1200,350000,2016
4020,Ford,Figo,7,30000,Petrol,Manual,15.6,1200,295000,2010
4295,Tata,Tiago,2,6500,Petrol,Manual,23.84,1200,500000,2016
12200,Toyota,Innova,4,29244,Diesel,Automatic,11.36,2800,1765000,2005
4416,Renault,Duster,5,73000,Diesel,Automatic,19.6,1500,895000,2012
15369,Honda,City,9,54311,Petrol,Manual,16.8,1500,465000,1998
9572,Volkswagen,Vento,6,51000,Diesel,Automatic,22.15,1500,585000,2010
13594,Ford,Figo,4,17000,Petrol,Manual,18.16,1200,485000,2010
6359,Maruti,Ciaz,2,15000,Petrol,Manual,21.56,1500,830000,2014
7388,BMW,X1,5,24000,Diesel,Automatic,19.62,2000,2575000,2010
7068,Maruti,Baleno,4,80000,Diesel,Manual,27.39,1250,520000,2015
14329,Maruti,Eeco,3,14917,"Others (CNG,LPG)",Manual,21.94,1200,475000,2010
10275,Mercedes-Benz,C-Class,3,25000,Diesel,Automatic,19.27,2100,3350000,2001
8430,Maruti,Celerio,4,39000,Petrol,Automatic,23.1,1000,425000,2014
610,Maruti,Alto,9,37000,Petrol,Manual,20.92,1000,250000,2000
5974,Mahindra,Bolero,5,76000,Diesel,Manual,13.6,2500,590000,2000
8204,Honda,City,4,52000,Diesel,Manual,25.6,1500,1100000,1998
13131,Jeep,Compass,3,67000,Diesel,Manual,17.1,2000,1950000,2017
8050,Toyota,Fortuner,1,60000,Diesel,Manual,14.24,2800,2480000,2009
4249,Maruti,Wagon R,8,37000,Petrol,Manual,18.9,1000,390000,1999
2073,Maruti,Swift,3,54000,Diesel,Manual,28.4,1250,685000,2005
14509,Mercedes-Benz,GL-Class,8,153000,Diesel,Automatic,12.0,3000,2600000,2010
2339,Hyundai,Grand,7,56229,Petrol,Manual,18.9,1200,450000,2013
10046,Mahindra,XUV500,6,50000,Diesel,Manual,16.0,2200,955000,2011
13850,Honda,City,8,47000,Petrol,Manual,16.8,1500,445000,1998
12080,Honda,City,9,36905,Petrol,Manual,17.0,1500,585000,1998
15036,Hyundai,i10,10,66381,Petrol,Manual,20.36,1200,270000,2007
7284,Hyundai,Grand,4,18000,Petrol,Manual,18.9,1200,460000,2013
14742,Hyundai,i10,11,100000,Petrol,Manual,20.36,1200,170000,2007
8089,Renault,Duster,5,80000,Diesel,Manual,19.87,1500,640000,2012
1252,Maruti,Alto,7,70000,Petrol,Manual,20.92,1000,245000,2000
543,Maruti,Ciaz,4,60000,Petrol,Automatic,19.12,1400,715000,2014
13439,Maruti,Swift,7,85195,Petrol,Manual,18.6,1200,450000,2005
5524,Honda,Amaze,4,70000,Diesel,Manual,25.8,1500,350000,2013
5127,Maruti,Swift Dzire,6,53000,Diesel,Manual,26.59,1250,645000,2008
5914,Honda,Amaze,2,7000,Petrol,Manual,19.5,1200,715000,2013
15166,Maruti,Wagon R,5,20012,Petrol,Manual,21.79,1000,400000,1999
4501,Maruti,Ignis,4,27726,Petrol,Automatic,20.89,1200,565000,2017
6006,Mahindra,XUV500,9,82164,Diesel,Manual,15.1,2200,780000,2011
2130,Honda,City,11,55000,Petrol,Manual,17.0,1500,325000,1998
5738,Ford,Ecosport,8,70222,Diesel,Manual,22.7,1500,485000,2013
1990,Toyota,Innova,13,125000,Diesel,Manual,12.8,2500,450000,2005
14714,Skoda,Rapid,3,17000,Petrol,Manual,15.0,1600,775000,2011
570,Maruti,Wagon R,14,63000,Petrol,Manual,21.79,1000,120000,1999
7446,Renault,KWID,5,40000,Petrol,Manual,23.01,1000,255000,2015
15372,Hyundai,Verna,5,70000,Diesel,Manual,23.9,1600,850000,2006
11111,Renault,Duster,5,52000,Diesel,Manual,19.87,1500,575000,2012
726,Maruti,Swift Dzire,3,43000,Petrol,Automatic,21.21,1200,610000,2008
12096,Maruti,Celerio,5,22169,Petrol,Automatic,23.1,1000,490000,2014
9475,Maruti,Vitara,3,10000,Diesel,Manual,24.3,1250,825000,2016
4108,Hyundai,i20,4,50000,Petrol,Manual,17.19,1200,680000,2008
5351,Maruti,Wagon R,4,15000,Petrol,Automatic,20.51,1000,425000,1999
1412,Mahindra,Bolero,7,100000,Diesel,Manual,15.96,2500,400000,2000
2453,Honda,City,11,161445,Petrol,Manual,17.0,1500,275000,1998
11729,Toyota,Innova,11,106868,Diesel,Manual,12.8,2500,575000,2005
10554,Honda,Jazz,5,66000,Diesel,Manual,27.3,1500,625000,2009
563,Hyundai,Verna,3,15000,Diesel,Automatic,19.08,1600,1225000,2006
105,Maruti,Swift,6,58000,Diesel,Manual,25.2,1250,415000,2005
12553,Maruti,Wagon R,13,89430,Petrol,Manual,18.9,1100,249000,1999
8628,Datsun,RediGO,4,16000,Petrol,Manual,22.7,800,225000,2016
1266,Mahindra,Scorpio,6,80000,Diesel,Manual,15.4,2500,800000,2002
2504,Hyundai,Creta,6,83000,Diesel,Automatic,17.01,1600,955000,2015
777,Hyundai,i20,3,12000,Petrol,Manual,17.19,1200,600000,2008
14568,Maruti,Swift,5,110000,Diesel,Manual,25.2,1250,530000,2005
15105,Honda,Jazz,6,64000,Petrol,Manual,18.7,1200,570000,2009
9707,Maruti,Swift Dzire,6,65000,Diesel,Manual,19.3,1250,475000,2008
2057,Maruti,Alto,5,28000,Petrol,Automatic,23.95,1000,350000,2000
6480,Tata,Tiago,3,36840,Petrol,Manual,23.84,1200,425000,2016
7854,Hyundai,i20,6,20000,Petrol,Manual,18.6,1200,480000,2008
11968,Maruti,Swift Dzire,3,30000,Petrol,Manual,21.21,1200,300000,2008
14053,Maruti,Alto,15,72145,Petrol,Manual,19.7,800,65000,2000
15203,Maruti,Celerio,2,5000,Petrol,Manual,23.1,1000,440000,2014
5857,Maruti,Swift,7,63699,Petrol,Manual,21.21,1200,355000,2005
3614,Maruti,Swift Dzire,6,12000,Petrol,Manual,19.1,1200,650000,2008
11737,Maruti,Alto,9,57000,Petrol,Manual,19.7,800,180000,2000
5847,BMW,5,6,113000,Diesel,Automatic,18.48,2000,2500000,2007
2056,Skoda,Superb,10,61000,Petrol,Manual,13.14,1800,375000,2004
1969,Toyota,Fortuner,8,80000,Diesel,Automatic,12.55,3000,1500000,2009
452,Mahindra,Scorpio,4,42000,Diesel,Manual,15.4,2500,935000,2002
7885,Renault,Duster,7,65000,Diesel,Manual,19.64,1500,400000,2012
14177,Hyundai,Verna,3,30000,Diesel,Automatic,22.0,1600,1200000,2006
15067,Hyundai,i20,10,53541,Petrol,Manual,18.5,1200,425000,2008
6505,Mahindra,Bolero,7,120000,Diesel,Manual,15.96,2500,450000,2000
13136,Maruti,Ciaz,6,30000,Petrol,Manual,20.73,1400,600000,2014
4696,Tata,Tiago,2,20000,Petrol,Automatic,23.84,1200,540000,2016
1861,Maruti,Baleno,3,17947,Petrol,Automatic,21.4,1200,825000,2015
5935,Honda,City,4,25000,Petrol,Automatic,18.0,1500,1100000,1998
1974,Honda,City,18,177000,Petrol,Manual,11.7,1350,100000,1998
3949,Maruti,Vitara,4,83000,Diesel,Manual,24.3,1250,785000,2016
12311,Honda,City,7,84000,Diesel,Manual,26.0,1500,400000,1998
11300,Maruti,Swift Dzire,5,41556,Diesel,Manual,28.4,1250,453000,2008
5190,Volkswagen,Polo,7,65321,Petrol,Automatic,17.21,1200,575000,2010
8640,Mahindra,KUV,5,26026,Diesel,Manual,25.32,1200,400000,2016
1383,Hyundai,Verna,7,49599,Petrol,Automatic,17.1,1600,610000,2006
7312,Maruti,Swift,3,30000,Petrol,Manual,22.0,1200,550000,2005
3758,Mahindra,Scorpio,12,80000,Diesel,Manual,12.05,2200,400000,2002
9284,Maruti,Swift,7,80000,Diesel,Manual,28.4,1250,425000,2005
14646,Ford,Ecosport,5,66000,Diesel,Manual,22.77,1500,800000,2013
1113,Hyundai,i20,2,20000,Petrol,Manual,18.6,1200,625000,2008
4622,Maruti,Swift,9,60000,Diesel,Manual,17.8,1250,395000,2005
15128,Maruti,Ciaz,6,45000,Diesel,Manual,28.09,1250,536000,2014
13698,Renault,KWID,3,17500,Petrol,Manual,23.01,1000,360000,2015
11275,Jaguar,XF,8,45000,Diesel,Automatic,14.74,3000,1450000,2009
11256,Maruti,Wagon R,12,60000,Petrol,Manual,21.79,1000,140000,1999
7998,Hyundai,Verna,10,8000,Petrol,Manual,17.01,1600,550000,2006
9467,Mahindra,Marazzo,2,70000,Diesel,Manual,17.3,1500,600000,2018
11303,Honda,CR-V,5,60000,Petrol,Automatic,12.0,2350,1450000,2003
1522,Volkswagen,Vento,11,78000,Diesel,Manual,20.5,1600,289000,2010
9891,Mercedes-Benz,GL-Class,5,40000,Diesel,Automatic,17.9,2100,3350000,2010
6107,Skoda,Octavia,11,300000,Diesel,Manual,18.7,1900,400000,2001
15116,Maruti,Vitara,5,47000,Diesel,Manual,24.3,1250,870000,2016
88,Volkswagen,Polo,8,90000,Diesel,Manual,22.07,1200,365000,2010
7360,Maruti,Swift,2,15000,Petrol,Manual,22.0,1200,710000,2005
11363,Tata,Harrier,2,4000,Diesel,Manual,17.0,2000,1500000,2019
13623,Toyota,Innova,9,90000,Diesel,Manual,12.99,2500,575000,2005
8534,Mercedes-Benz,E-Class,10,49000,Diesel,Automatic,14.21,2100,999000,1996
10582,Honda,Civic,15,70000,Petrol,Automatic,12.9,1800,200000,2006
273,Toyota,Innova,4,52300,Diesel,Manual,13.68,2400,1450000,2005
14192,Honda,City,4,54000,Petrol,Automatic,18.0,1500,940000,1998
6323,Renault,KWID,3,8977,Petrol,Automatic,24.04,1000,490000,2015
8660,Maruti,Alto,4,42691,Petrol,Manual,24.7,800,300000,2000
6336,Honda,City,4,40000,Petrol,Automatic,18.0,1500,950000,1998
13576,Maruti,Baleno,4,57000,Petrol,Manual,21.4,1200,625000,2015
13851,Maruti,Ertiga,7,42000,Diesel,Manual,20.77,1250,750000,2012
2102,Renault,Duster,8,47000,Diesel,Manual,20.46,1500,625000,2012
2356,BMW,3,5,43000,Diesel,Automatic,19.59,2000,2250000,2007
3333,Maruti,Ertiga,7,40000,"Others (CNG,LPG)",Manual,17.5,1400,600000,2012
2589,Volkswagen,Polo,8,92000,Petrol,Automatic,17.2,1200,540000,2010
2909,BMW,3,6,74898,Diesel,Automatic,18.88,2000,1600000,2007
13979,Renault,KWID,4,13000,Petrol,Manual,25.17,800,290000,2015
4116,Maruti,Swift Dzire,3,18677,Petrol,Manual,22.0,1200,657000,2008
3160,Maruti,Swift,3,47000,Diesel,Manual,28.4,1250,800000,2005
9224,Maruti,Wagon R,8,58000,Petrol,Manual,20.51,1000,320000,1999
14805,Audi,A6,8,45000,Diesel,Automatic,17.68,2000,1390000,2005
6485,Maruti,Alto,3,7204,Petrol,Manual,24.7,800,336000,2000
9129,Tata,Harrier,2,17000,Diesel,Manual,17.0,2000,1650000,2019
3488,Hyundai,i10,9,66500,Petrol,Manual,19.81,1100,260000,2007
1954,Maruti,Eeco,11,40000,"Others (CNG,LPG)",Manual,21.94,1200,190000,2010
9731,Maruti,Swift,7,60001,Diesel,Manual,25.2,1250,310000,2005
1284,Tata,Safari,5,50000,Diesel,Manual,14.1,2200,1000000,1998
2513,Hyundai,Verna,2,14200,Petrol,Manual,17.0,1600,945000,2006
6542,Jaguar,XF,8,25000,Diesel,Automatic,16.36,2200,2650000,2009
223,Maruti,Vitara,3,15000,Diesel,Manual,24.3,1250,750000,2016
13653,Honda,WR-V,3,15000,Diesel,Manual,25.5,1500,790000,2017
1615,Volkswagen,Polo,8,89929,Diesel,Manual,20.14,1500,441000,2010
6091,Maruti,Wagon R,12,64321,Petrol,Manual,21.79,1000,235000,1999
7771,Renault,KWID,3,9000,Petrol,Manual,25.17,800,450000,2015
5260,Maruti,Alto,12,63000,Petrol,Manual,19.7,800,110000,2000
8521,Maruti,Wagon R,7,54099,Petrol,Manual,18.9,1000,280000,1999
3906,Honda,City,4,59000,Petrol,Automatic,18.0,1500,900000,1998
7135,Maruti,Baleno,5,50000,Petrol,Manual,21.4,1200,575000,2015
11082,Toyota,Innova,10,98000,Diesel,Manual,12.8,2500,575000,2005
13273,Ford,Ecosport,7,104859,Diesel,Manual,22.7,1500,425000,2013
5831,Maruti,Swift Dzire,5,72300,Diesel,Manual,28.4,1250,665000,2008
8785,Ford,Ecosport,7,80900,Diesel,Manual,22.7,1500,475000,2013
271,Maruti,Swift Dzire,4,19843,Petrol,Automatic,21.21,1200,620000,2008
12240,Volkswagen,Polo,6,33000,Petrol,Manual,16.47,1200,615000,2010
8456,Maruti,Alto,11,20000,Petrol,Manual,19.7,800,150000,2000
13241,Maruti,Ciaz,3,40000,Diesel,Manual,28.09,1250,800000,2014
9017,Datsun,GO,6,14000,Petrol,Automatic,18.57,1200,265000,2014
4514,Hyundai,i20,4,32000,Petrol,Manual,18.6,1200,585000,2008
5673,Maruti,Alto,11,86000,Petrol,Manual,23.95,1000,220000,2000
8034,Honda,Amaze,4,48000,Petrol,Automatic,18.1,1200,540000,2013
3741,Jeep,Compass,4,45212,Diesel,Manual,16.3,2000,1598000,2017
11771,Hyundai,Creta,3,98000,Diesel,Manual,22.1,1400,950000,2015
7799,Mahindra,Marazzo,2,15000,Diesel,Manual,17.3,1500,980000,2018
3481,Maruti,Wagon R,4,24000,Petrol,Manual,20.51,1000,450000,1999
9786,Mahindra,XUV500,5,70066,Diesel,Manual,16.0,2000,785000,2011
13940,Hyundai,Verna,6,57000,Petrol,Manual,17.1,1600,649000,2006
4037,Hyundai,i20,11,97845,Diesel,Manual,23.0,1400,320000,2008
4729,Maruti,Swift,2,14000,Petrol,Automatic,21.21,1200,690000,2005
8111,Honda,City,11,100380,Petrol,Automatic,15.6,1500,380000,1998
7699,Hyundai,Santro,10,50000,Petrol,Manual,17.92,1100,170000,1998
2858,Maruti,Swift,13,100000,Diesel,Manual,17.8,1250,265000,2005
12222,Hyundai,Verna,4,40000,Diesel,Manual,23.9,1600,950000,2006
8370,Ford,Ecosport,6,75000,Diesel,Manual,21.7,1500,575000,2013
4163,Mahindra,Thar,5,62000,Diesel,Manual,16.55,2500,799000,2010
5664,Tata,Safari,10,130000,Diesel,Manual,13.93,2200,300000,1998
8105,Maruti,Ciaz,5,36889,Petrol,Manual,20.73,1400,530000,2014
4682,Maruti,Swift Dzire,1,22200,Diesel,Automatic,28.4,1250,790000,2008
7638,Maruti,Celerio,7,100000,Petrol,Manual,23.1,1000,340000,2014
49,Hyundai,i20,5,70000,Diesel,Manual,22.54,1400,750000,2008
4076,Mahindra,Scorpio,13,198000,Diesel,Manual,10.5,2200,350000,2002
4496,Ford,Figo,6,66000,Diesel,Manual,25.83,1500,410000,2010
10627,Maruti,Alto,8,30764,Petrol,Manual,23.95,1000,250000,2000
11573,Maruti,Swift,4,95000,Diesel,Manual,28.4,1250,615000,2005
4382,Mahindra,Scorpio,10,60000,Diesel,Manual,13.5,2200,400000,2002
15141,Mahindra,XUV500,6,42561,Diesel,Manual,16.0,2200,975000,2011
4351,Hyundai,Verna,8,50000,Diesel,Manual,22.32,1600,620000,2006
5915,Hyundai,i20,3,15000,Petrol,Manual,18.6,1200,660000,2008
14050,Maruti,Ertiga,6,120000,Diesel,Manual,20.77,1250,616000,2012
12900,Skoda,Rapid,6,33000,Petrol,Automatic,14.3,1600,575000,2011
3232,Skoda,Rapid,7,59000,Diesel,Manual,20.5,1600,475000,2011
7949,Maruti,Swift,13,34273,Petrol,Manual,16.1,1300,190000,2005
4468,Maruti,Swift,13,96000,Diesel,Manual,17.8,1250,295000,2005
4396,Honda,City,6,30000,Diesel,Manual,26.0,1500,500000,1998
135,Maruti,Wagon R,9,57413,"Others (CNG,LPG)",Manual,14.4,1000,270000,1999
11711,Skoda,Rapid,6,132000,Diesel,Manual,21.14,1500,450000,2011
11190,Maruti,Baleno,15,60500,Petrol,Manual,15.4,1600,60000,2015
4053,Hyundai,Venue,2,15000,Diesel,Manual,23.7,1400,1175000,2019
13184,Maruti,Swift Dzire,5,40000,Diesel,Manual,26.59,1250,650000,2008
2291,Maruti,Ciaz,6,78000,Diesel,Manual,26.21,1250,575000,2014
15273,Maruti,Swift,3,19000,Petrol,Manual,22.0,1200,582000,2005
2746,Hyundai,Grand,7,35000,Petrol,Manual,18.9,1200,425000,2013
5741,Honda,Jazz,6,33066,Petrol,Automatic,19.0,1200,625000,2009
8084,Maruti,Vitara,3,38000,Diesel,Automatic,24.3,1250,800000,2016
14244,Volkswagen,Vento,8,66000,Diesel,Manual,22.27,1500,390000,2010
3231,Maruti,Ertiga,4,84900,Petrol,Manual,17.5,1400,800000,2012
1618,Mahindra,Scorpio,7,46000,Diesel,Manual,15.4,2500,825000,2002
12739,Hyundai,i10,7,60000,Petrol,Manual,20.36,1200,276000,2007
8304,Maruti,Swift Dzire,4,10000,Petrol,Automatic,22.0,1200,630000,2008
4381,Volkswagen,Polo,6,48900,Petrol,Manual,16.47,1200,514000,2010
12927,Maruti,Swift,4,75000,Petrol,Manual,20.4,1200,475000,2005
9092,Toyota,Innova,14,110000,Diesel,Manual,12.8,2500,395000,2005
3090,BMW,3,9,61000,Diesel,Automatic,18.88,2000,1345000,2007
8703,Maruti,Ertiga,5,90000,Diesel,Manual,24.52,1250,550000,2012
4033,Hyundai,i10,6,63168,Petrol,Manual,19.81,1100,385000,2007
3619,Hyundai,Grand,4,7500,Petrol,Manual,18.9,1200,495000,2013
14284,Ford,Aspire,5,43652,Petrol,Manual,18.16,1200,430000,2015
3191,Maruti,Ertiga,7,48148,Diesel,Manual,20.77,1250,750000,2012
9217,Honda,WR-V,4,34000,Petrol,Manual,17.5,1200,750000,2017
2014,Honda,City,7,39000,Diesel,Manual,25.1,1500,725000,1998
5239,Hyundai,i20,12,80000,Petrol,Automatic,15.0,1400,280000,2008
10457,Maruti,Wagon R,4,42000,Petrol,Manual,21.79,1000,360000,1999
2082,Hyundai,Verna,4,50000,Diesel,Manual,23.9,1600,1100000,2006
11263,Hyundai,Santro,12,62000,Petrol,Manual,17.92,1100,150000,1998
1733,Maruti,Ciaz,7,64000,Diesel,Manual,26.21,1250,575000,2014
2755,BMW,5,5,27000,Diesel,Automatic,14.69,3000,3200000,2007
9947,Honda,Civic,11,80000,Petrol,Manual,14.8,1800,285000,2006
10738,Maruti,Swift Dzire,6,80000,Diesel,Manual,23.4,1250,365000,2008
7060,Maruti,Swift Dzire,5,40000,Petrol,Manual,20.85,1200,500000,2008
10600,Maruti,Swift Dzire,5,67195,Petrol,Manual,21.21,1200,510000,2008
8942,Toyota,Innova,2,50000,Diesel,Manual,13.68,2400,1526000,2005
4825,Tata,Safari,13,150000,Diesel,Manual,11.57,2200,300000,1998
10856,Tata,Nexon,4,34000,Petrol,Manual,17.0,1200,690000,2017
1558,Maruti,Ertiga,4,100000,Diesel,Manual,24.52,1250,800000,2012
3957,Maruti,Wagon R,10,69001,Petrol,Manual,17.3,1100,290000,1999
1373,Toyota,Innova,6,90000,Diesel,Manual,12.99,2500,950000,2005
11388,Maruti,Swift,10,53000,Petrol,Manual,16.1,1300,275000,2005
4592,Maruti,Wagon R,3,8973,Petrol,Manual,20.51,1000,500000,1999
11741,Ford,Figo,7,69800,Petrol,Manual,15.6,1200,380000,2010
13875,Mercedes-Benz,C-Class,10,59000,Petrol,Automatic,11.74,1800,650000,2001
13288,Skoda,Rapid,9,85600,Diesel,Manual,20.5,1600,475000,2011
7410,Mahindra,XUV500,3,27300,Diesel,Automatic,15.1,2200,1605000,2011
1919,Maruti,Baleno,4,43000,Petrol,Manual,21.4,1200,700000,2015
10542,Toyota,Camry,7,53000,Petrol,Automatic,12.98,2500,1099000,2002
6464,Maruti,Alto,7,62338,Petrol,Manual,23.95,1000,290000,2000
4088,Maruti,Ciaz,4,44000,Petrol,Automatic,19.12,1400,780000,2014
6629,Maruti,Wagon R,5,110000,Petrol,Manual,20.51,1000,400000,1999
11093,Maruti,Celerio,4,26000,Petrol,Automatic,23.1,1000,400000,2014
13052,Mahindra,Scorpio,6,48000,Diesel,Manual,15.4,2200,850000,2002
7817,Ford,Figo,10,39568,Petrol,Manual,15.6,1200,179000,2010
9388,Honda,Jazz,5,32700,Petrol,Manual,18.7,1200,491000,2009
14280,Mahindra,XUV500,4,30000,Diesel,Manual,16.0,2200,1575000,2011
6494,Ford,Ecosport,6,73000,Diesel,Manual,22.77,1500,650000,2013
2059,Maruti,Alto,5,26000,"Others (CNG,LPG)",Manual,30.46,800,280000,2000
9404,Honda,Amaze,8,33456,Petrol,Automatic,15.5,1200,425000,2013
7682,Maruti,Swift Dzire,3,114000,Petrol,Manual,19.0,1200,500000,2008
1756,Maruti,Wagon R,13,55000,Petrol,Manual,21.79,1000,175000,1999
3506,Hyundai,Grand,3,28000,Petrol,Manual,18.9,1200,480000,2013
13708,Skoda,Superb,8,55572,Petrol,Automatic,13.7,1800,1065000,2004
8583,Honda,Amaze,3,25000,Petrol,Manual,19.5,1200,630000,2013
13976,Mahindra,XUV500,9,74000,Diesel,Manual,16.0,2200,599000,2011
8836,Tata,Nexon,2,40000,Diesel,Manual,21.5,1500,900000,2017
95,Renault,KWID,3,22000,Petrol,Manual,23.01,1000,330000,2015
8238,BMW,X5,5,47270,Diesel,Automatic,15.97,3000,4150000,2007
402,Hyundai,Grand,2,15000,Petrol,Automatic,18.9,1200,535000,2013
9658,Maruti,Ignis,4,32000,Petrol,Manual,20.89,1200,465000,2017
14335,Volkswagen,Polo,3,7000,Petrol,Manual,16.47,1200,745000,2010
118,Hyundai,Grand,6,36000,Petrol,Manual,18.9,1200,400000,2013
7138,Hyundai,i20,10,66692,Petrol,Manual,17.0,1200,310000,2008
5266,Ford,Aspire,5,100000,Diesel,Manual,25.83,1500,350000,2015
9244,Hyundai,Grand,4,25000,Petrol,Manual,18.9,1200,495000,2013
11320,Tata,Safari,8,105000,Diesel,Manual,14.0,2200,410000,1998
6037,Honda,City,5,88099,Petrol,Manual,17.4,1500,620000,1998
12480,Hyundai,Santro,9,47000,Petrol,Manual,17.92,1100,260000,1998
9836,Maruti,Swift Dzire,3,9313,Petrol,Automatic,21.21,1200,745000,2008
12850,Hyundai,Creta,6,97247,Diesel,Manual,19.67,1600,950000,2015
1339,Toyota,Innova,13,200000,Diesel,Manual,12.8,2500,600000,2005
5608,Tata,Tiago,4,40000,Petrol,Manual,23.84,1200,360000,2016
6926,Hyundai,Creta,3,10000,Petrol,Manual,15.29,1600,1235000,2015
7900,Renault,Duster,7,34000,Diesel,Manual,19.87,1500,475000,2012
4186,Honda,City,7,98000,Diesel,Manual,26.0,1500,580000,1998
10198,Maruti,Baleno,3,24000,Petrol,Manual,21.4,1200,635000,2015
3499,Skoda,Superb,10,83000,Diesel,Automatic,17.2,2000,675000,2004
10837,Hyundai,i20,9,65000,Petrol,Manual,17.0,1200,320000,2008
2611,Ford,Ecosport,4,14000,Petrol,Manual,15.85,1500,650000,2013
14624,Maruti,Ciaz,6,45000,Petrol,Manual,20.73,1400,540000,2014
4901,Maruti,Eeco,5,15000,Petrol,Manual,15.37,1200,350000,2010
9549,Maruti,Alto,15,20000,Petrol,Manual,19.7,800,85000,2000
15187,Volkswagen,Polo,10,49000,Petrol,Manual,16.47,1200,285000,2010
12115,Renault,Duster,6,93292,Diesel,Manual,19.64,1500,690000,2012
624,Mahindra,Scorpio,7,80000,Diesel,Manual,12.05,2200,555000,2002
7090,Hyundai,Creta,5,16000,Diesel,Manual,19.67,1600,851000,2015
2451,Mahindra,XUV500,8,95000,Diesel,Manual,15.1,2200,750000,2011
12458,Mahindra,XUV500,7,84000,Diesel,Manual,15.1,2200,900000,2011
11411,Skoda,Superb,5,46002,Petrol,Automatic,14.67,1800,1750000,2004
14320,Renault,KWID,4,15000,Petrol,Manual,23.01,1000,370000,2015
9008,Mahindra,Scorpio,6,80000,Diesel,Manual,15.4,2200,850000,2002
6155,Toyota,Fortuner,11,140000,Diesel,Manual,11.5,3000,1150000,2009
11160,Maruti,Swift,13,66000,Petrol,Manual,16.1,1200,170000,2005
11945,Toyota,Innova,9,180000,Diesel,Manual,12.8,2500,775000,2005
15228,Hyundai,Grand,6,110000,Diesel,Manual,24.0,1100,325000,2013
11568,Maruti,Wagon R,6,23853,Petrol,Automatic,21.79,1000,460000,1999
8474,Hyundai,Grand,2,25000,Petrol,Manual,18.9,1200,550000,2013
8715,Hyundai,Elantra,6,59000,Petrol,Manual,16.3,1800,699000,2004
13172,Maruti,Swift,3,80000,Diesel,Manual,28.4,1250,675000,2005
11966,Maruti,Swift,9,78231,Diesel,Manual,22.9,1250,495000,2005
12175,Maruti,Eeco,2,30000,Petrol,Manual,15.37,1200,345000,2010
10345,Maruti,Swift Dzire,6,63000,Diesel,Manual,19.3,1250,490000,2008
635,Maruti,Ciaz,5,20500,Petrol,Automatic,19.12,1400,795000,2014
2843,Tata,Tiago,3,10000,Diesel,Manual,27.28,1050,500000,2016
6745,Mercedes-Benz,E-Class,14,77000,Diesel,Automatic,11.0,3000,750000,1996
12989,Renault,Duster,5,50000,Diesel,Automatic,19.6,1500,1050000,2012
14304,Mahindra,XUV500,7,90000,Diesel,Manual,15.1,2200,780000,2011
8010,Maruti,Alto,5,30000,Petrol,Manual,22.74,800,240000,2000
8843,Maruti,Ciaz,6,65000,Diesel,Manual,28.09,1250,475000,2014
232,Hyundai,Grand,4,90000,Petrol,Manual,18.9,1200,470000,2013
7457,Toyota,Fortuner,4,19000,Diesel,Manual,14.24,2800,2950000,2009
1848,Maruti,Wagon R,10,48000,Petrol,Manual,18.9,1000,235000,1999
3697,Mahindra,XUV500,9,82000,Diesel,Manual,16.0,2200,690000,2011
5727,Datsun,GO,5,20000,Petrol,Manual,20.62,1200,350000,2014
14048,Maruti,Celerio,4,50000,Petrol,Automatic,23.1,1000,410000,2014
763,Maruti,Ertiga,2,25000,Diesel,Manual,25.47,1250,1100000,2012
13743,Hyundai,i20,8,90000,Diesel,Manual,21.9,1400,300000,2008
13239,Renault,KWID,4,40000,Petrol,Automatic,24.04,1000,350000,2015
10842,Mahindra,XUV500,4,50000,Diesel,Manual,16.0,2200,1300000,2011
10066,Hyundai,Verna,8,81000,Petrol,Manual,17.1,1600,475000,2006
12155,Maruti,Ertiga,4,51234,Diesel,Manual,24.52,1250,881000,2012
15015,Honda,Jazz,5,40000,Petrol,Automatic,19.0,1200,650000,2009
8567,Tata,Tiago,5,35000,Petrol,Manual,23.84,1200,350000,2016
4177,Hyundai,Verna,3,75000,Diesel,Manual,22.0,1600,900000,2006
8646,Renault,KWID,3,34000,Petrol,Manual,25.17,800,285000,2015
3660,Hyundai,i20,3,16285,Petrol,Manual,18.6,1200,675000,2008
12745,Datsun,RediGO,2,20000,Petrol,Automatic,22.5,1000,270000,2016
14168,Hyundai,i20,5,60000,Diesel,Manual,22.54,1400,700000,2008
14932,Maruti,Celerio,2,50000,"Others (CNG,LPG)",Manual,31.79,1000,390000,2014
12352,Maruti,Celerio,3,20365,Petrol,Manual,23.1,1000,410000,2014
10107,Volkswagen,Polo,10,27282,Petrol,Manual,16.47,1200,285000,2010
5615,Honda,City,5,51000,Petrol,Manual,17.0,1500,680000,1998
12660,Maruti,Wagon R,9,70000,Petrol,Manual,18.9,1000,210000,1999
2906,Maruti,Alto,11,29000,Petrol,Manual,19.7,800,175000,2000
11774,Tata,Tiago,3,49500,Petrol,Manual,23.84,1200,525000,2016
14973,Maruti,Ertiga,7,70000,Diesel,Manual,20.77,1250,500000,2012
11779,Maruti,Swift Dzire,8,60000,Diesel,Manual,23.4,1250,550000,2008
9563,Maruti,Celerio,3,15161,Petrol,Manual,21.63,1000,485000,2014
13843,Maruti,Ciaz,4,450003,Petrol,Manual,20.73,1400,690000,2014
5238,Volkswagen,Polo,9,120000,Diesel,Manual,22.07,1200,300000,2010
2548,Renault,KWID,4,19200,Petrol,Automatic,24.04,1000,349000,2015
1328,Mahindra,Bolero,14,40000,Diesel,Manual,13.6,2500,250000,2000
9798,Maruti,Swift Dzire,12,145000,Petrol,Manual,17.5,1300,175000,2008
5404,Hyundai,i20,5,23500,Petrol,Manual,18.6,1200,590000,2008
5839,Volkswagen,Vento,6,74000,Diesel,Automatic,21.5,1500,690000,2010
3804,Mahindra,XUV500,8,68192,Diesel,Manual,15.1,2200,699000,2011
1280,Maruti,Swift,7,30000,Diesel,Manual,25.2,1250,500000,2005
7973,Maruti,Ciaz,5,25000,Diesel,Manual,28.09,1250,670000,2014
5770,Hyundai,i20,1,72800,Diesel,Manual,25.2,1500,500000,2008
2452,Hyundai,Verna,12,66000,Diesel,Manual,25.0,1500,375000,2006
6441,Maruti,Alto,3,30000,Petrol,Manual,23.95,1000,350000,2000
3895,Ford,Figo,7,60000,Diesel,Manual,20.0,1400,250000,2010
312,Maruti,Wagon R,1,10000,Petrol,Manual,20.52,1200,500000,1999
14444,Hyundai,i10,9,49000,Petrol,Automatic,16.95,1200,315000,2007
5519,Hyundai,Verna,8,65000,Diesel,Manual,23.9,1600,595000,2006
10344,Honda,City,10,68000,Petrol,Manual,17.0,1500,350000,1998
10333,Honda,City,3,29006,Petrol,Manual,17.4,1500,875000,1998
7072,Volkswagen,Polo,5,34000,Petrol,Automatic,17.21,1200,650000,2010
10671,Hyundai,Grand,6,41000,Petrol,Manual,18.9,1200,368000,2013
9063,Maruti,Wagon R,5,29000,Petrol,Manual,20.51,1000,365000,1999
13575,Maruti,Celerio,3,15000,Petrol,Automatic,21.63,1000,570000,2014
7681,Hyundai,Verna,8,90000,Diesel,Manual,23.5,1400,300000,2006
7078,Honda,City,5,55000,Petrol,Manual,17.8,1500,624000,1998
9805,Renault,KWID,5,45000,Petrol,Manual,23.01,1000,225000,2015
7755,Maruti,Eeco,5,40000,Petrol,Manual,15.37,1200,310000,2010
2334,Maruti,Ignis,4,33000,Petrol,Automatic,20.89,1200,575000,2017
10264,Maruti,Ciaz,4,38000,Diesel,Manual,28.09,1250,650000,2014
14522,Hyundai,i10,13,67000,Petrol,Manual,20.36,1200,180000,2007
1185,Maruti,Vitara,5,63000,Diesel,Manual,24.3,1250,735000,2016
1458,Mercedes-Benz,E-Class,10,40000,Diesel,Automatic,10.0,2150,1450000,1996
12018,Hyundai,i20,2,25000,Petrol,Manual,18.6,1200,770000,2008
8800,Volkswagen,Polo,5,19000,Petrol,Manual,16.2,1200,420000,2010
7541,Maruti,Celerio,3,72000,Petrol,Manual,21.63,1000,470000,2014
4748,Hyundai,i10,6,21000,Petrol,Manual,20.36,1200,365000,2007
15099,Maruti,Swift Dzire,3,50000,Diesel,Manual,28.4,1250,600000,2008
14312,Maruti,Baleno,4,70000,Diesel,Manual,27.39,1250,820000,2015
12198,Mercedes-Benz,C-Class,10,80000,Diesel,Automatic,19.71,2100,1090000,2001
14386,Toyota,Innova,14,118000,Diesel,Manual,12.8,2500,450000,2005
9306,Ford,Ecosport,4,26100,Diesel,Manual,23.0,1500,700000,2013
9508,Ford,Ecosport,6,80000,Diesel,Manual,22.77,1500,450000,2013
13301,Honda,City,11,47000,Petrol,Manual,17.0,1500,325000,1998
12043,Hyundai,Grand,4,48000,Petrol,Manual,18.9,1200,550000,2013
10882,Hyundai,Grand,6,49000,Diesel,Manual,24.0,1100,370000,2013
2836,Maruti,Ertiga,3,37000,Petrol,Manual,19.34,1500,825000,2012
10408,Maruti,Vitara,2,22000,Diesel,Automatic,24.3,1250,900000,2016
9946,Toyota,Innova,4,67000,Diesel,Automatic,11.36,2800,1480000,2005
8838,Mahindra,XUV500,5,70000,Diesel,Automatic,16.0,2200,1030000,2011
3439,Maruti,Swift,9,80000,Diesel,Manual,28.4,1250,425000,2005
2315,Honda,WR-V,4,44500,Petrol,Manual,17.5,1200,640000,2017
15241,Maruti,Swift,2,19587,Petrol,Automatic,22.0,1200,800000,2005
14319,Tata,Safari,7,151037,Diesel,Manual,14.0,2200,725000,1998
7217,Hyundai,i20,5,65000,Petrol,Manual,17.19,1200,545000,2008
3137,Renault,KWID,2,40000,Petrol,Manual,25.17,800,325000,2015
8790,Maruti,Baleno,3,20000,Petrol,Manual,21.01,1200,570000,2015
14834,Maruti,Ciaz,3,33000,Petrol,Automatic,19.12,1400,945000,2014
4238,Maruti,Swift Dzire,5,90000,Diesel,Manual,26.59,1250,552000,2008
6672,Ford,Aspire,6,49743,Petrol,Manual,18.16,1200,480000,2015
178,Honda,City,8,62000,Petrol,Manual,16.8,1500,465000,1998
10621,Toyota,Fortuner,9,106059,Diesel,Automatic,12.55,3000,1230000,2009
10346,Hyundai,Verna,6,36619,Petrol,Manual,17.01,1600,625000,2006
2525,Maruti,Swift Dzire,9,79000,Diesel,Manual,23.4,1250,498000,2008
13591,Volkswagen,Polo,4,55000,Petrol,Manual,16.2,1200,675000,2010
7948,Maruti,Swift Dzire,9,110000,Diesel,Manual,19.3,1250,284000,2008
13445,Maruti,Ciaz,4,27400,Petrol,Manual,20.73,1400,655000,2014
1422,Renault,Duster,3,50000,Diesel,Manual,19.87,1500,810000,2012
2941,Skoda,Rapid,5,50000,Petrol,Manual,15.0,1600,570000,2011
6619,Maruti,Swift,8,93000,Diesel,Manual,22.9,1250,451000,2005
403,Maruti,Ertiga,2,15000,Petrol,Manual,19.34,1500,805000,2012
15256,Jeep,Compass,3,60000,Diesel,Manual,17.1,2000,1745000,2017
11206,Maruti,Wagon R,6,62000,Petrol,Manual,18.9,1000,265000,1999
5695,Hyundai,i20,7,71000,Diesel,Manual,21.27,1400,550000,2008
8530,Ford,Figo,9,60000,Diesel,Manual,20.0,1400,265000,2010
14449,Maruti,Baleno,4,60000,Petrol,Manual,21.1,1000,650000,2015
10583,Renault,Duster,6,67000,Diesel,Manual,19.87,1500,510000,2012
7111,Tata,Safari,6,120000,Diesel,Manual,14.0,2200,620000,1998
648,Maruti,Alto,16,40000,Petrol,Manual,19.7,800,121000,2000
10665,Honda,Amaze,6,59861,Petrol,Manual,18.0,1200,387000,2013
4781,Maruti,Swift,9,40000,Diesel,Manual,22.9,1250,400000,2005
6106,Hyundai,Creta,5,85000,Diesel,Manual,19.67,1600,1040000,2015
13896,Honda,City,7,43000,Petrol,Automatic,18.0,1500,675000,1998
741,Audi,Q7,7,120000,Diesel,Automatic,12.07,3000,2400000,2006
8489,Mahindra,Scorpio,2,30000,Diesel,Manual,15.4,2500,850000,2002
11560,Mercedes-Benz,C-Class,3,6577,Petrol,Automatic,14.74,2000,3480000,2001
3574,Maruti,Ertiga,6,78286,"Others (CNG,LPG)",Manual,22.8,1400,650000,2012
9141,Maruti,Swift Dzire,7,64523,Diesel,Manual,23.4,1250,370000,2008
12773,Hyundai,Grand,7,34400,Petrol,Automatic,18.9,1200,515000,2013
1288,Honda,City,11,68000,Petrol,Manual,17.0,1500,325000,1998
1325,Maruti,Swift,14,187500,Diesel,Manual,17.8,1250,215000,2005
10755,Ford,Ecosport,2,19323,Petrol,Manual,17.0,1500,985000,2013
15073,Maruti,Swift Dzire,5,24000,Petrol,Manual,20.85,1200,520000,2008
15284,Toyota,Innova,6,270000,Diesel,Manual,12.99,2500,1300000,2005
6548,Maruti,Wagon R,9,43000,Petrol,Manual,20.51,1000,299000,1999
5344,Volkswagen,Polo,3,14510,Petrol,Manual,18.78,1000,560000,2010
207,Honda,City,3,25000,Petrol,Manual,17.4,1500,750000,1998
499,Honda,Amaze,3,50000,Petrol,Manual,17.8,1200,550000,2013
5331,Maruti,Alto,15,110000,Petrol,Manual,19.7,800,148000,2000
8017,Renault,Duster,6,113000,Diesel,Manual,19.64,1500,500000,2012
12610,Ford,Endeavour,5,89000,Diesel,Automatic,12.62,2200,2195000,2003
11823,Maruti,Wagon R,5,29989,Petrol,Manual,21.79,1000,445000,1999
10477,Honda,CR-V,6,70000,Petrol,Automatic,11.1,2350,1185000,2003
13023,Hyundai,Grand,5,20000,Petrol,Manual,18.9,1200,500000,2013
4590,Maruti,Ciaz,7,45498,Diesel,Manual,26.21,1250,685000,2014
3171,Maruti,Alto,5,47233,Petrol,Automatic,23.95,1000,300000,2000
2875,Renault,KWID,3,10000,Petrol,Manual,23.01,1000,375000,2015
14576,Ford,Figo,8,60000,Diesel,Manual,20.0,1400,250000,2010
11878,Honda,Civic,13,80000,Petrol,Automatic,12.9,1800,210000,2006
12805,Hyundai,Santro,2,6932,Petrol,Automatic,20.3,1100,650000,1998
5832,Volkswagen,Polo,3,25000,Diesel,Manual,20.14,1500,850000,2010
5330,Renault,KWID,4,9000,Petrol,Manual,25.17,800,410000,2015
12386,Hyundai,i20,9,39200,Petrol,Manual,17.0,1200,345000,2008
13511,Honda,Amaze,3,20000,Petrol,Manual,17.8,1200,530000,2013
4534,Mahindra,XUV500,6,50000,Diesel,Automatic,16.0,2200,1170000,2011
4460,Mahindra,Bolero,10,120000,Diesel,Manual,13.6,2500,450000,2000
6482,Hyundai,Grand,2,4000,Petrol,Manual,18.9,1200,710000,2013
14891,Maruti,Celerio,7,39800,Petrol,Automatic,23.1,1000,375000,2014
12180,Maruti,Swift,3,19000,Petrol,Automatic,22.0,1200,695000,2005
10687,Skoda,Rapid,7,60000,Petrol,Automatic,14.3,1600,490000,2011
9153,Maruti,Swift Dzire,6,75251,Diesel,Manual,23.4,1250,490000,2008
4395,Audi,A6,6,100000,Diesel,Automatic,18.53,2000,2275000,2005
5605,Volkswagen,Polo,6,60202,Diesel,Manual,20.14,1500,550000,2010
10217,Mahindra,XUV500,4,65000,Diesel,Automatic,16.0,2200,1175000,2011
3969,Honda,City,17,79000,Petrol,Automatic,16.8,1500,145000,1998
1154,Hyundai,i20,4,7500,Petrol,Manual,17.19,1200,660000,2008
10950,Audi,Q7,8,55000,Diesel,Automatic,12.07,3000,2100000,2006
10814,Honda,Amaze,7,53589,Diesel,Manual,25.8,1500,350000,2013
2833,Maruti,Baleno,3,40000,Diesel,Manual,27.39,1250,700000,2015
15344,Hyundai,i10,12,65000,Petrol,Manual,20.36,1200,290000,2007
253,Hyundai,i20,8,90000,Diesel,Manual,22.54,1400,285000,2008
3383,Honda,Amaze,3,12000,Petrol,Manual,17.8,1200,645000,2013
7260,Renault,KWID,4,20914,Petrol,Manual,23.01,1000,340000,2015
6906,Honda,City,9,47321,Petrol,Manual,17.4,1500,349000,1998
2077,Renault,Duster,7,79600,Diesel,Manual,20.45,1500,550000,2012
7318,Hyundai,Creta,5,20234,Petrol,Manual,15.8,1600,925000,2015
1795,Ford,Figo,6,20319,Petrol,Manual,18.16,1200,355000,2010
13224,Honda,Amaze,8,75000,Diesel,Manual,25.8,1500,390000,2013
15388,Maruti,Alto,10,41000,Petrol,Manual,20.92,1000,215000,2000
9503,Honda,City,6,80484,Petrol,Automatic,18.0,1500,650000,1998
913,Hyundai,Creta,5,66500,Petrol,Automatic,13.0,1600,998000,2015
809,Hyundai,i20,4,33230,Petrol,Manual,18.6,1200,655000,2008
4228,Maruti,Alto,3,80000,Petrol,Manual,22.74,800,290000,2000
13839,Maruti,Swift,12,100000,Petrol,Manual,16.1,1300,320000,2005
11017,BMW,5,13,70000,Diesel,Automatic,16.73,2500,550000,2007
4541,Mahindra,XUV500,6,67067,Diesel,Manual,16.0,2000,1320000,2011
14265,Hyundai,Creta,5,43000,Petrol,Automatic,14.8,1600,1050000,2015
2266,Maruti,Alto,4,27000,Petrol,Manual,24.7,800,290000,2000
3415,Hyundai,Grand,6,88500,Petrol,Manual,18.9,1200,445000,2013
11444,Maruti,Baleno,5,58000,Petrol,Manual,21.4,1200,550000,2015
9397,Hyundai,i20,3,30000,Diesel,Manual,22.54,1400,731000,2008
9403,Honda,Civic,11,100000,Petrol,Automatic,12.9,1800,275000,2006
4524,Maruti,Vitara,5,62000,Diesel,Manual,24.3,1250,850000,2016
1961,Maruti,Alto,4,9210,Petrol,Manual,24.7,800,310000,2000
12769,Hyundai,Verna,7,43000,Petrol,Manual,17.43,1400,600000,2006
10849,Maruti,Vitara,1,1000,Petrol,Manual,17.03,1500,1050000,2016
2722,Skoda,Superb,12,61205,Petrol,Automatic,13.7,1800,449000,2004
1282,Maruti,Swift Dzire,6,50000,Petrol,Manual,22.0,1200,490000,2008
13077,Skoda,Superb,12,98000,Diesel,Automatic,17.2,2000,350000,2004
3182,Maruti,Baleno,2,12705,Petrol,Manual,21.01,1200,775000,2015
9263,Hyundai,Grand,7,28000,Petrol,Manual,18.9,1200,365000,2013
3085,Hyundai,Verna,2,20000,Petrol,Manual,17.0,1600,1025000,2006
1219,Hyundai,i20,7,50000,Petrol,Manual,18.6,1200,400000,2008
12861,Mahindra,Scorpio,6,35000,Diesel,Manual,15.4,2200,875000,2002
12740,Skoda,Superb,5,65000,Petrol,Automatic,14.67,1800,1525000,2004
7104,Hyundai,Grand,2,36000,Petrol,Manual,18.9,1200,525000,2013
1498,Hyundai,i20,6,30000,Diesel,Manual,22.54,1400,550000,2008
9525,Ford,Ecosport,3,19000,Diesel,Manual,23.0,1500,950000,2013
3436,BMW,3,12,114000,Petrol,Automatic,12.05,2000,650000,2007
9393,Hyundai,i20,6,52000,Petrol,Manual,18.6,1200,470000,2008
1298,Hyundai,Verna,9,50000,Petrol,Manual,17.1,1600,450000,2006
10372,Audi,A4,8,75000,Diesel,Automatic,17.11,2000,1350000,2008
5562,Maruti,Celerio,5,64211,Petrol,Automatic,23.1,1000,440000,2014
11278,Mahindra,Scorpio,7,85000,Diesel,Manual,12.05,2200,521000,2002
2677,Maruti,Ertiga,7,54000,"Others (CNG,LPG)",Manual,22.8,1400,675000,2012
9489,Honda,Amaze,5,48000,Petrol,Manual,18.6,1200,425000,2013
6137,Hyundai,Grand,2,6000,Petrol,Manual,18.9,1200,576000,2013
5259,Tata,Tiago,3,41000,Petrol,Manual,23.84,1200,520000,2016
1750,Hyundai,i20,12,57000,Petrol,Manual,17.0,1200,275000,2008
15119,Volkswagen,Vento,10,68000,Diesel,Manual,20.54,1600,335000,2010
7330,Honda,City,6,80000,Diesel,Manual,25.1,1500,600000,1998
6995,Audi,A4,4,40000,Petrol,Automatic,17.84,1400,3100000,2008
6176,Hyundai,i20,8,63000,Diesel,Manual,21.9,1400,460000,2008
8001,Maruti,Swift,6,65122,Diesel,Manual,28.4,1250,510000,2005
7307,Toyota,Innova,10,146781,Diesel,Manual,12.8,2500,610000,2005
14935,Ford,Figo,3,43266,Petrol,Manual,18.16,1200,620000,2010
2447,Hyundai,Creta,3,8400,Diesel,Manual,22.1,1400,1050000,2015
2876,Hyundai,Grand,5,48303,Petrol,Manual,18.9,1200,455000,2013
9488,Maruti,Ciaz,6,61000,Diesel,Manual,26.21,1250,511000,2014
13253,Jaguar,XF,7,28000,Diesel,Automatic,16.36,2200,3190000,2009
8180,Maruti,Wagon R,15,70000,Petrol,Manual,14.0,1100,78000,1999
8912,Skoda,Rapid,9,80000,Diesel,Manual,20.5,1600,400000,2011
8073,Maruti,Swift Dzire,11,120000,Petrol,Manual,17.5,1300,200000,2008
14693,Tata,Tiago,4,25000,Petrol,Automatic,23.84,1200,520000,2016
775,Hyundai,i10,10,29000,Petrol,Manual,20.36,1200,235000,2007
10966,Maruti,Alto,7,58001,Petrol,Manual,22.74,800,215000,2000
4391,Maruti,Celerio,2,25000,Petrol,Automatic,23.1,1000,530000,2014
9468,Maruti,Ertiga,4,50000,Petrol,Manual,19.34,1500,750000,2012
8444,Honda,City,4,14000,Petrol,Manual,17.4,1500,875000,1998
13657,Volkswagen,Polo,6,43000,Petrol,Manual,17.24,1200,600000,2010
7590,Mahindra,XUV500,8,70000,Diesel,Manual,15.1,2200,800000,2011
3363,Hyundai,i20,5,70000,Petrol,Manual,18.6,1200,510000,2008
7675,Maruti,Swift Dzire,7,101000,Petrol,Manual,17.5,1300,350000,2008
2628,Maruti,Ciaz,6,67927,Petrol,Manual,20.73,1400,650000,2014
8735,Ford,Ecosport,5,55000,Diesel,Manual,22.7,1500,750000,2013
8990,Honda,Amaze,5,40000,Diesel,Manual,25.8,1500,515000,2013
12252,Mahindra,XUV500,4,36000,Diesel,Automatic,16.0,2000,1400000,2011
2034,Ford,Figo,9,35000,Petrol,Manual,15.6,1200,245000,2010
5463,Hyundai,Grand,5,52000,Petrol,Manual,18.9,1200,445000,2013
771,Hyundai,Verna,9,96000,Diesel,Manual,22.32,1600,415000,2006
13192,Maruti,Baleno,2,8800,Petrol,Manual,21.4,1200,675000,2015
4802,Mahindra,Bolero,15,120000,Diesel,Manual,13.6,2500,300000,2000
7139,Maruti,Alto,5,8230,Petrol,Manual,20.92,1000,270000,2000
13647,Toyota,Innova,4,57000,Diesel,Manual,13.68,2400,1390000,2005
5470,Hyundai,i20,4,20000,Petrol,Manual,18.6,1200,740000,2008
8803,Maruti,Baleno,3,14000,Diesel,Manual,27.39,1250,730000,2015
14468,Maruti,Baleno,3,14000,Petrol,Manual,21.4,1200,731000,2015
9941,Honda,Amaze,6,60500,Petrol,Manual,18.0,1200,444000,2013
4520,Maruti,Ignis,4,43000,Petrol,Manual,20.89,1200,420000,2017
8230,Mahindra,KUV,5,40000,Diesel,Manual,25.32,1200,450000,2016
6913,Maruti,Ertiga,5,21600,Petrol,Manual,17.5,1400,725000,2012
12555,Hyundai,Verna,3,28000,Diesel,Automatic,22.0,1600,1300000,2006
15133,Maruti,Ignis,3,5000,Petrol,Automatic,20.89,1200,570000,2017
12582,Honda,City,7,40000,Petrol,Manual,17.4,1500,650000,1998
2634,Maruti,Ciaz,7,65000,Petrol,Manual,20.73,1400,540000,2014
12652,Ford,Ecosport,3,20000,Diesel,Manual,23.0,1500,999000,2013
691,Datsun,RediGO,3,30000,Petrol,Manual,22.5,1000,270000,2016
5554,Datsun,RediGO,5,11995,Petrol,Manual,22.7,800,330000,2016
5769,Maruti,Swift Dzire,7,68590,Diesel,Manual,23.4,1250,475000,2008
7103,Maruti,Swift Dzire,8,145495,Diesel,Manual,23.4,1250,550000,2008
8997,Maruti,Swift Dzire,8,70000,Diesel,Manual,23.4,1250,325000,2008
4325,Mahindra,Scorpio,5,65273,Diesel,Manual,15.4,2200,1240000,2002
8075,Maruti,Wagon R,5,20673,Petrol,Manual,18.9,1000,350000,1999
8537,Hyundai,Grand,2,5000,Petrol,Automatic,20.7,1200,650000,2013
6384,Maruti,Ciaz,4,83000,Diesel,Manual,26.32,1500,745000,2014
13701,Hyundai,Verna,6,70000,Diesel,Manual,23.9,1600,625000,2006
1680,Maruti,Ertiga,3,26938,"Others (CNG,LPG)",Manual,17.5,1400,855000,2012
11393,Ford,Endeavour,9,85000,Diesel,Automatic,12.8,3000,645000,2003
10001,Hyundai,Verna,8,68000,Diesel,Automatic,22.32,1600,475000,2006
7876,Maruti,Baleno,2,24000,Petrol,Manual,21.01,1200,810000,2015
11812,Maruti,Wagon R,5,72000,Petrol,Manual,21.79,1000,310000,1999
7624,Renault,KWID,2,6378,Petrol,Manual,23.01,1000,399000,2015
12839,Hyundai,i20,4,37015,Petrol,Manual,18.6,1200,695000,2008
1725,Hyundai,i20,6,52000,Petrol,Manual,18.6,1200,535000,2008
5186,BMW,X1,5,40000,Diesel,Automatic,20.68,2000,2900000,2010
6478,Ford,Figo,8,125000,Diesel,Manual,20.0,1400,350000,2010
9788,Honda,CR-V,5,62000,Petrol,Automatic,14.4,2000,1450000,2003
6001,Hyundai,Verna,8,113000,Diesel,Manual,22.32,1600,630000,2006
2826,Maruti,Wagon R,5,50000,Petrol,Automatic,20.51,1000,425000,1999
13259,Maruti,Swift,9,90000,Petrol,Manual,18.6,1200,280000,2005
7333,Maruti,Alto,7,37604,Petrol,Manual,20.92,1000,300000,2000
8858,Ford,Freestyle,3,50000,Diesel,Manual,24.4,1500,730000,2018
11334,Hyundai,Verna,4,24000,Diesel,Manual,22.0,1600,890000,2006
12438,Renault,KWID,3,28000,Petrol,Manual,23.01,1000,345000,2015
3784,Maruti,Alto,3,29000,"Others (CNG,LPG)",Manual,33.44,800,345000,2000
9430,Mahindra,Scorpio,4,35000,Diesel,Manual,15.4,2000,1290000,2002
8511,Hyundai,Grand,7,44500,Petrol,Manual,18.9,1200,375000,2013
8207,Renault,Duster,7,125000,Diesel,Manual,20.45,1500,425000,2012
12424,Toyota,Innova,10,98000,Diesel,Manual,12.99,2500,635000,2005
6117,Maruti,Swift,11,83000,Petrol,Manual,16.1,1200,335000,2005
1302,Maruti,Baleno,2,3500,Diesel,Manual,27.39,1250,700000,2015
12711,Maruti,Baleno,2,40000,Petrol,Manual,21.4,1200,525000,2015
3270,Hyundai,Verna,5,75000,Diesel,Automatic,19.08,1600,650000,2006
821,Datsun,GO,6,70000,Petrol,Manual,20.62,1200,300000,2014
15000,Maruti,Eeco,3,20000,Petrol,Manual,15.37,1200,350000,2010
10586,Maruti,Wagon R,11,73000,"Others (CNG,LPG)",Manual,26.6,1000,210000,1999
5976,Maruti,Alto,6,70000,Petrol,Manual,22.74,800,300000,2000
2590,Volkswagen,Polo,8,33000,Petrol,Manual,16.47,1200,395000,2010
8481,Hyundai,Grand,5,58000,Diesel,Manual,24.0,1200,360000,2013
13937,Volkswagen,Polo,6,64000,Petrol,Automatic,17.21,1200,650000,2010
13021,Maruti,Baleno,2,10000,Petrol,Manual,21.01,1200,550000,2015
13539,Mahindra,XUV500,8,113000,Diesel,Manual,16.0,2200,650000,2011
14051,Ford,Ecosport,3,39000,Diesel,Manual,21.7,1500,1025000,2013
9026,Tata,Tigor,3,15572,Petrol,Manual,20.3,1200,600000,2017
5635,Maruti,Celerio,6,28951,Petrol,Automatic,23.1,1000,448000,2014
5991,Maruti,Swift,6,50000,Petrol,Manual,22.0,1200,475000,2005
1130,Toyota,Innova,10,60000,Diesel,Manual,12.8,2500,600000,2005
11791,Honda,Jazz,6,64000,Petrol,Automatic,19.0,1200,551000,2009
7984,Audi,A4,11,60000,Diesel,Automatic,16.55,2000,1250000,2008
1006,Maruti,Celerio,2,10000,Petrol,Manual,23.1,1000,480000,2014
2219,Datsun,GO,5,29823,Petrol,Manual,20.63,1200,295000,2014
14195,Maruti,Ciaz,4,47000,Diesel,Manual,28.09,1250,745000,2014
8097,Maruti,Swift,6,60000,Diesel,Manual,25.2,1250,500000,2005
14528,Skoda,Rapid,9,110000,Diesel,Manual,20.5,1600,440000,2011
13336,Volkswagen,Polo,6,56084,Petrol,Automatic,17.21,1200,645000,2010
12814,Maruti,Swift,8,130000,Diesel,Manual,22.9,1250,420000,2005
3667,Toyota,Fortuner,11,85000,Diesel,Manual,11.5,3000,1000000,2009
13513,Mahindra,Scorpio,5,63452,Diesel,Manual,15.4,2200,1070000,2002
6000,Maruti,Alto,7,35000,Petrol,Manual,22.74,800,250000,2000
5038,Mercedes-Benz,E-Class,12,107742,Diesel,Automatic,11.0,3000,1175000,1996
11235,Toyota,Fortuner,3,11000,Diesel,Manual,14.24,2800,2925000,2009
463,Datsun,GO,4,42000,Petrol,Manual,20.63,1200,330000,2014
10010,Maruti,Swift,3,18000,Petrol,Manual,22.0,1200,570000,2005
8128,Maruti,Swift,9,40000,Diesel,Manual,22.9,1250,390000,2005
5211,Maruti,Swift Dzire,9,80000,Diesel,Manual,19.3,1250,384000,2008
10231,Ford,Ecosport,7,62000,Diesel,Manual,23.0,1500,490000,2013
1999,Hyundai,Grand,5,21000,Petrol,Manual,18.9,1200,480000,2013
6538,Hyundai,Creta,5,52000,Diesel,Manual,19.67,1600,975000,2015
3536,Maruti,Wagon R,4,37000,"Others (CNG,LPG)",Manual,26.6,1000,415000,1999
519,BMW,X1,2,22450,Diesel,Automatic,20.68,2000,3011000,2010
5361,Honda,Jazz,5,18000,Petrol,Manual,18.7,1200,540000,2009
14033,Maruti,Vitara,4,53100,Diesel,Manual,24.3,1250,885000,2016
2013,Honda,City,7,117000,Diesel,Manual,25.1,1500,691000,1998
12784,Hyundai,Creta,4,35000,Diesel,Manual,21.38,1400,890000,2015
13245,Maruti,Celerio,5,41944,Petrol,Automatic,23.1,1000,485000,2014
13964,BMW,3,5,49000,Diesel,Automatic,21.76,2000,2700000,2007
14567,Ford,Ecosport,7,74300,Petrol,Automatic,16.5,1500,649000,2013
10404,Maruti,Baleno,4,60000,Diesel,Manual,27.39,1250,599000,2015
882,Toyota,Fortuner,3,39000,Diesel,Automatic,12.9,2800,3040000,2009
8665,Maruti,Wagon R,10,30000,Petrol,Manual,18.9,1000,215000,1999
11218,Hyundai,Grand,8,70000,Diesel,Manual,24.0,1100,290000,2013
12599,Maruti,Alto,6,50000,Petrol,Manual,22.74,800,230000,2000
13193,Hyundai,Santro,12,40000,Petrol,Manual,17.92,1100,266000,1998
6709,Maruti,Alto,6,40000,Petrol,Manual,23.95,1000,280000,2000
9283,Hyundai,Verna,9,64100,Diesel,Manual,22.32,1600,350000,2006
4954,Hyundai,i20,12,11638,Petrol,Manual,20.35,1200,300000,2008
112,Datsun,GO,3,10000,Petrol,Manual,20.62,1200,480000,2014
6987,Maruti,Ertiga,9,90000,Diesel,Manual,20.77,1250,520000,2012
91,Hyundai,i20,5,11000,Petrol,Manual,18.6,1200,590000,2008
3352,Maruti,Vitara,1,12000,Petrol,Automatic,18.76,1500,1225000,2016
784,Ford,Ecosport,4,40000,Petrol,Manual,15.85,1500,700000,2013
12559,Hyundai,Creta,4,60008,Diesel,Automatic,17.01,1600,975000,2015
4141,Volkswagen,Polo,6,61000,Diesel,Manual,20.14,1500,625000,2010
8980,Ford,Figo,11,80000,Petrol,Manual,15.6,1200,150000,2010
13814,Honda,City,15,89500,Petrol,Manual,17.7,1500,249000,1998
9463,Maruti,Vitara,3,42000,Diesel,Manual,24.3,1250,765000,2016
967,Maruti,Vitara,4,32000,Diesel,Manual,24.3,1250,925000,2016
914,Hyundai,i20,7,24000,Petrol,Manual,18.6,1200,500000,2008
4311,Hyundai,Creta,5,85204,Diesel,Manual,19.67,1600,1025000,2015
5812,Renault,KWID,4,22017,Petrol,Manual,23.01,1000,380000,2015
10567,Maruti,Swift Dzire,5,58000,Petrol,Manual,20.85,1200,440000,2008
6498,Ford,Ecosport,3,29000,Diesel,Manual,21.7,1500,1100000,2013
5226,Ford,Ecosport,3,29100,Diesel,Manual,21.7,1500,1100000,2013
723,Maruti,Wagon R,6,38546,Petrol,Manual,20.51,1000,330000,1999
2886,Maruti,Wagon R,8,77000,"Others (CNG,LPG)",Manual,26.6,1000,335000,1999
2406,Audi,A4,5,70000,Diesel,Automatic,17.11,2000,1685000,2008
15281,Maruti,Wagon R,13,110000,Petrol,Manual,18.9,1100,120000,1999
6873,Renault,KWID,5,35000,Petrol,Manual,25.17,800,250000,2015
5407,Mahindra,Bolero,6,58480,Diesel,Manual,15.96,2500,551000,2000
13030,Maruti,Ertiga,8,55000,Diesel,Manual,24.2,1500,550000,2012
5358,Skoda,Superb,5,50000,Diesel,Automatic,18.19,2000,2100000,2004
3607,Honda,Jazz,5,48000,Diesel,Manual,27.3,1500,550000,2009
5806,Mercedes-Benz,C-Class,7,51000,Diesel,Automatic,14.84,2100,1675000,2001
13232,Honda,City,4,53000,Petrol,Automatic,18.0,1500,1095000,1998
1307,Hyundai,i20,4,53000,Petrol,Manual,18.6,1200,575000,2008
4027,Honda,City,6,128000,Diesel,Manual,26.0,1500,600000,1998
11032,Ford,Ecosport,8,55000,Diesel,Manual,22.7,1500,395000,2013
603,Maruti,Alto,10,55780,Petrol,Manual,20.92,1000,220000,2000
15359,Hyundai,i10,12,8500,Petrol,Automatic,19.2,1200,275000,2007
2859,Maruti,Swift,6,34000,Petrol,Manual,16.1,1200,450000,2005
7370,Maruti,Ciaz,7,78000,Diesel,Manual,26.21,1250,625000,2014
11279,Maruti,Ciaz,5,55000,Petrol,Manual,20.73,1400,585000,2014
4336,Honda,Amaze,6,48000,Diesel,Manual,27.4,1500,545000,2013
2306,Hyundai,i20,6,85000,Diesel,Manual,21.27,1400,630000,2008
4495,Volkswagen,Polo,6,41000,Diesel,Manual,20.14,1500,525000,2010
7083,Hyundai,Creta,6,90000,Diesel,Manual,21.38,1400,750000,2015
7110,Maruti,Swift Dzire,4,70000,Diesel,Manual,26.59,1250,590000,2008
14769,Honda,City,9,58000,Petrol,Manual,17.0,1500,575000,1998
14854,Maruti,Baleno,4,43318,Petrol,Automatic,19.56,1200,750000,2015
14349,Mahindra,KUV,5,57589,Diesel,Manual,25.32,1200,551000,2016
5597,Maruti,Swift Dzire,12,42000,Petrol,Manual,17.5,1300,345000,2008
8611,Tata,Tiago,2,20000,Diesel,Manual,27.28,1050,500000,2016
14318,Toyota,Innova,6,95000,Diesel,Manual,12.8,2500,1175000,2005
1283,Volkswagen,Vento,7,55000,Diesel,Manual,20.34,1500,375000,2010
6547,Maruti,Alto,7,38000,Petrol,Manual,22.74,800,265000,2000
7978,Ford,Figo,6,85000,Diesel,Manual,25.83,1500,250000,2010
6447,Tata,Tigor,3,25000,Petrol,Manual,20.3,1200,535000,2017
15134,Maruti,Swift,6,75000,Diesel,Manual,25.2,1250,400000,2005
10436,Hyundai,Verna,8,55000,Petrol,Manual,17.01,1600,450000,2006
14673,Maruti,Swift,8,68000,Diesel,Manual,17.8,1250,395000,2005
14546,Hyundai,Verna,9,61000,Diesel,Manual,22.32,1600,390000,2006
10947,BMW,3,8,75000,Diesel,Automatic,18.88,2000,1100000,2007
13865,Maruti,Swift Dzire,10,85000,Diesel,Manual,19.3,1250,340000,2008
6475,Honda,Amaze,5,7500,Petrol,Manual,18.0,1200,650000,2013
3625,Maruti,Swift Dzire,7,70310,Diesel,Manual,23.4,1250,575000,2008
7440,Toyota,Fortuner,11,115000,Diesel,Manual,11.5,3000,775000,2009
12178,Skoda,Rapid,3,39000,Diesel,Manual,21.14,1500,835000,2011
2473,Maruti,Swift,5,13300,Petrol,Manual,16.1,1200,510000,2005
12021,Volkswagen,Vento,6,44300,Petrol,Automatic,16.93,1200,625000,2010
13084,Maruti,Swift Dzire,4,41000,Diesel,Manual,26.59,1250,470000,2008
5059,Maruti,Swift Dzire,11,50000,Diesel,Manual,19.3,1250,300000,2008
1727,Honda,Amaze,8,164000,Diesel,Manual,25.8,1500,435000,2013
15263,Toyota,Innova,9,121000,Diesel,Manual,12.8,2500,750000,2005
9655,Maruti,Alto,6,15000,Petrol,Manual,22.74,800,275000,2000
3214,Jeep,Compass,4,29000,Diesel,Manual,17.1,2000,1550000,2017
14861,Hyundai,Verna,3,69000,Diesel,Manual,22.0,1600,1200000,2006
12205,Skoda,Octavia,7,99220,Diesel,Automatic,19.3,2000,970000,2001
5793,Maruti,Ciaz,4,130000,Diesel,Manual,28.09,1250,695000,2014
12712,Maruti,Swift,7,50000,Petrol,Manual,18.6,1200,450000,2005
10680,Maruti,Vitara,5,54000,Diesel,Manual,24.3,1250,750000,2016
1844,Hyundai,i20,9,36000,Petrol,Manual,17.0,1200,385000,2008
9281,Honda,City,10,65962,Petrol,Manual,16.8,1500,301000,1998
189,Datsun,GO,5,33350,Petrol,Manual,19.44,1200,320000,2014
10585,Hyundai,i20,8,64735,Diesel,Manual,21.9,1400,325000,2008
1718,Toyota,Innova,6,124000,Diesel,Manual,12.99,2500,1150000,2005
7667,BMW,X5,6,95500,Diesel,Automatic,15.3,3000,3350000,2007
4565,Hyundai,Verna,8,70000,Petrol,Automatic,17.1,1600,550000,2006
3187,Tata,Hexa,4,53000,Diesel,Automatic,17.6,2200,1050000,2017
6532,Maruti,Swift Dzire,5,63328,Diesel,Manual,26.59,1250,630000,2008
13262,Datsun,RediGO,4,17731,Petrol,Manual,22.7,800,270000,2016
4340,Hyundai,Creta,4,32500,Petrol,Manual,15.8,1600,1100000,2015
14206,Hyundai,Elantra,3,22000,Petrol,Manual,14.59,2000,1125000,2004
15233,Maruti,Celerio,4,44000,Petrol,Manual,23.1,1000,410000,2014
4660,Toyota,Innova,3,135000,Diesel,Automatic,11.36,2800,1800000,2005
236,Renault,Duster,7,40000,Diesel,Manual,20.45,1500,500000,2012
6385,Ford,Freestyle,2,16000,Petrol,Manual,18.5,1200,700000,2018
15173,Skoda,Superb,8,75000,Petrol,Manual,13.14,1800,499000,2004
925,Mahindra,XUV500,8,51674,Diesel,Manual,15.1,2200,570000,2011
4887,Hyundai,Grand,4,50000,Diesel,Manual,24.0,1200,425000,2013
14875,Hyundai,Verna,6,31500,Petrol,Manual,17.01,1600,600000,2006
13148,Maruti,Swift,5,70000,Diesel,Manual,25.2,1250,497000,2005
6882,Volkswagen,Polo,8,59000,Petrol,Manual,16.47,1200,350000,2010
528,Volkswagen,Polo,10,64471,Petrol,Manual,15.26,1600,285000,2010
5257,Honda,City,12,100000,Petrol,Manual,17.0,1500,300000,1998
3743,Maruti,Wagon R,7,69000,"Others (CNG,LPG)",Manual,33.54,1000,349000,1999
11129,Maruti,Swift Dzire,3,30000,Diesel,Manual,28.4,1250,700000,2008
7539,Hyundai,Grand,5,15000,Petrol,Manual,18.9,1200,425000,2013
8124,Mahindra,Scorpio,7,92000,Diesel,Manual,10.5,2600,595000,2002
1414,Honda,Amaze,7,57432,Petrol,Manual,18.0,1200,365000,2013
10908,Maruti,Swift,4,40000,Petrol,Manual,22.0,1200,515000,2005
8071,Maruti,Celerio,4,50000,Petrol,Manual,23.1,1000,350000,2014
6417,Mahindra,Marazzo,1,8000,Diesel,Manual,17.3,1500,950000,2018
14213,BMW,3,5,57001,Diesel,Automatic,18.88,2000,2025000,2007
5998,Volkswagen,Vento,4,90000,Diesel,Manual,20.34,1500,725000,2010
1385,Maruti,Celerio,6,49955,Petrol,Manual,21.63,1000,400000,2014
12013,Maruti,Vitara,5,120000,Diesel,Manual,24.3,1250,664000,2016
9821,Maruti,Swift Dzire,3,40000,Petrol,Automatic,21.21,1200,625000,2008
873,Maruti,Wagon R,14,80000,Petrol,Manual,21.79,1000,85000,1999
8260,Hyundai,Verna,8,38000,Petrol,Manual,17.01,1600,450000,2006
4285,Ford,Freestyle,3,25000,Diesel,Manual,24.4,1500,771000,2018
5783,Hyundai,i20,6,51000,Diesel,Manual,22.54,1400,590000,2008
2064,Maruti,Wagon R,4,15000,Petrol,Automatic,20.51,1000,505000,1999
2376,Honda,City,10,59000,Petrol,Manual,17.0,1500,345000,1998
2428,BMW,5,4,22000,Diesel,Automatic,22.48,2000,3350000,2007
7752,Hyundai,Verna,5,32359,Petrol,Manual,17.01,1600,530000,2006
13823,Toyota,Innova,6,225000,Diesel,Manual,12.99,2500,1350000,2005
12890,Honda,Amaze,6,48000,Diesel,Manual,25.8,1500,450000,2013
12444,Mahindra,XUV500,9,76122,Diesel,Manual,15.1,2200,645000,2011
14767,Hyundai,i20,11,100000,Petrol,Manual,17.0,1200,200000,2008
559,Maruti,Alto,9,41321,Petrol,Manual,19.7,800,185000,2000
14799,Honda,Amaze,8,28802,Petrol,Automatic,15.5,1200,450000,2013
14754,Hyundai,Creta,4,7900,Petrol,Manual,15.29,1600,1175000,2015
8148,Hyundai,Grand,2,15000,Petrol,Manual,18.9,1200,598000,2013
10779,Maruti,Swift Dzire,9,80000,Petrol,Manual,17.5,1200,400000,2008
2880,Maruti,Swift Dzire,9,34000,Petrol,Manual,19.1,1200,455000,2008
2927,Maruti,Wagon R,5,70000,Petrol,Automatic,20.51,1000,420000,1999
506,Toyota,Innova,5,37000,Diesel,Automatic,11.36,2800,1575000,2005
12371,Maruti,Ertiga,3,37000,"Others (CNG,LPG)",Manual,17.5,1400,825000,2012
10113,Maruti,Baleno,3,19000,Petrol,Manual,21.4,1200,675000,2015
13926,Volkswagen,Vento,4,37959,Petrol,Automatic,18.19,1200,850000,2010
4003,BMW,3,5,13500,Diesel,Automatic,22.69,2000,2275000,2007
7661,Maruti,Vitara,2,21400,Diesel,Manual,24.3,1250,950000,2016
2588,Maruti,Ciaz,5,31000,Petrol,Manual,20.73,1400,600000,2014
1882,Maruti,Wagon R,8,55149,Petrol,Manual,20.51,1000,311000,1999
742,Hyundai,Verna,13,80000,Petrol,Manual,13.9,1600,130000,2006
3407,Maruti,Wagon R,7,84000,Petrol,Manual,20.51,1000,350000,1999
3748,Maruti,Wagon R,12,27000,Petrol,Manual,18.9,1000,185000,1999
4098,Honda,City,5,70000,Petrol,Manual,17.8,1500,715000,1998
12738,Mahindra,Bolero,4,80000,Diesel,Manual,16.5,1500,750000,2000
1699,Honda,Jazz,3,30000,Petrol,Manual,18.2,1200,740000,2009
5925,Maruti,Vitara,2,19000,Diesel,Automatic,24.3,1250,1035000,2016
13187,Maruti,Alto,3,25000,Petrol,Manual,23.95,1000,385000,2000
13557,Renault,Duster,8,64000,Diesel,Manual,19.01,1500,370000,2012
6466,Volkswagen,Vento,9,79349,Diesel,Manual,20.54,1600,530000,2010
5076,Hyundai,Verna,9,60002,Diesel,Automatic,16.2,1500,550000,2006
2659,Maruti,Baleno,3,21000,Petrol,Manual,21.01,1200,731000,2015
13357,Maruti,Ciaz,4,31869,Petrol,Manual,20.73,1400,690000,2014
4827,Honda,City,6,120000,Diesel,Manual,25.1,1500,787000,1998
1206,Hyundai,Verna,13,120000,Diesel,Manual,16.8,1500,215000,2006
15151,Hyundai,Elantra,6,68486,Petrol,Automatic,14.5,1800,760000,2004
3970,Honda,City,8,31000,Petrol,Manual,17.0,1500,560000,1998
10679,Maruti,Alto,8,68000,"Others (CNG,LPG)",Manual,33.44,800,150000,2000
11422,Volkswagen,Vento,7,55000,Diesel,Manual,22.27,1500,375000,2010
8634,Volkswagen,Polo,7,72000,Petrol,Manual,16.47,1200,390000,2010
13464,Hyundai,Santro,2,5000,Petrol,Manual,20.3,1100,600000,1998
8026,Ford,Aspire,6,77506,Diesel,Manual,25.83,1500,550000,2015
1790,Toyota,Innova,8,74000,Diesel,Manual,12.99,2500,950000,2005
9083,Ford,Ecosport,6,104278,Petrol,Manual,18.88,1000,590000,2013
369,Hyundai,i20,9,120000,Diesel,Manual,21.9,1400,350000,2008
12673,Maruti,Wagon R,3,47000,Petrol,Automatic,20.51,1000,415000,1999
14728,Maruti,Ciaz,5,60000,Diesel,Manual,28.09,1250,730000,2014
10493,Maruti,Alto,14,25000,Petrol,Manual,19.7,800,100000,2000
252,Mahindra,Scorpio,4,120000,Diesel,Manual,15.4,2000,850000,2002
6143,Mahindra,Bolero,9,53270,Diesel,Manual,15.96,2500,550000,2000
9840,Maruti,Swift,8,50000,Diesel,Manual,22.9,1250,350000,2005
1832,Honda,Jazz,5,10000,Petrol,Manual,18.7,1200,500000,2009
13082,Honda,City,6,54000,Petrol,Automatic,18.0,1500,795000,1998
644,Maruti,Eeco,6,39900,"Others (CNG,LPG)",Manual,15.1,1200,275000,2010
11509,Honda,City,6,32000,Petrol,Manual,17.4,1500,755000,1998
5073,Maruti,Swift Dzire,6,190000,Diesel,Manual,26.59,1250,500000,2008
12145,Hyundai,Grand,6,39048,Petrol,Manual,18.9,1200,530000,2013
15370,Maruti,Wagon R,6,21321,Petrol,Manual,20.51,1000,386000,1999
7743,Maruti,Swift,6,52631,Diesel,Manual,28.4,1250,475000,2005
3981,Maruti,Baleno,5,30000,Petrol,Automatic,21.4,1200,620000,2015
7666,Ford,Figo,7,40000,Diesel,Manual,20.0,1400,200000,2010
7256,Honda,City,2,9000,Petrol,Automatic,18.0,1500,1150000,1998
6258,Maruti,Swift,6,63254,Diesel,Manual,25.2,1250,575000,2005
9983,Honda,Amaze,7,52000,Petrol,Manual,18.0,1200,375000,2013
4475,Maruti,Celerio,7,86000,Petrol,Automatic,23.1,1000,385000,2014
14458,Maruti,Alto,12,86240,Petrol,Manual,19.7,800,210000,2000
12140,Ford,Ecosport,8,64000,Diesel,Manual,22.7,1500,525000,2013
12050,Honda,City,6,80000,Diesel,Manual,26.0,1500,760000,1998
10336,Hyundai,Grand,6,65481,Petrol,Manual,18.9,1200,434000,2013
6981,Honda,Jazz,6,51000,Petrol,Automatic,19.0,1200,560000,2009
10820,Datsun,GO,4,15759,Petrol,Manual,19.02,1200,260000,2014
13802,Honda,City,13,122671,Petrol,Manual,17.7,1500,140000,1998
1293,Hyundai,Grand,6,50000,Petrol,Manual,18.9,1200,450000,2013
2511,Maruti,Swift Dzire,13,115000,Petrol,Manual,17.5,1300,250000,2008
7331,BMW,3,2,2000,Diesel,Automatic,19.59,2000,4300000,2007
2052,Honda,Jazz,3,15000,Petrol,Automatic,19.0,1200,725000,2009
2898,Toyota,Innova,7,77000,Diesel,Manual,12.99,2500,1075000,2005
8470,Hyundai,i20,11,25000,Petrol,Manual,18.5,1200,370000,2008
5313,Hyundai,i20,3,68729,Petrol,Manual,18.6,1200,650000,2008
3172,Maruti,Alto,17,58000,Petrol,Manual,19.7,800,111000,2000
6989,Maruti,Wagon R,6,69000,"Others (CNG,LPG)",Manual,33.54,1000,350000,1999
7957,Skoda,Octavia,4,57000,Diesel,Automatic,19.5,2000,1290000,2001
7195,Honda,Amaze,3,36951,Diesel,Manual,24.7,1500,780000,2013
5215,Skoda,Rapid,6,67000,Diesel,Manual,21.14,1500,675000,2011
147,Audi,A4,8,78000,Diesel,Automatic,16.55,2000,1290000,2008
12835,Hyundai,Santro,12,120000,Petrol,Manual,17.8,1100,90000,1998
4573,Hyundai,Santro,8,150624,"Others (CNG,LPG)",Manual,13.45,1100,270000,1998
9568,Mahindra,Scorpio,6,60000,Diesel,Manual,15.4,2200,925000,2002
14751,Mahindra,KUV,5,72643,Diesel,Manual,25.32,1200,475000,2016
14960,Hyundai,i20,3,12000,Petrol,Automatic,17.4,1200,890000,2008
2277,Volkswagen,Vento,4,20000,Diesel,Manual,20.64,1500,950000,2010
6928,Ford,Ecosport,6,36497,Diesel,Manual,21.7,1500,550000,2013
4160,Maruti,Alto,6,70000,Petrol,Manual,23.95,1000,265000,2000
11692,Hyundai,Santro,2,15000,Petrol,Automatic,20.3,1100,540000,1998
3372,Volkswagen,Vento,9,77000,Diesel,Manual,20.54,1600,425000,2010
7871,Honda,WR-V,3,16088,Diesel,Manual,25.5,1500,814000,2017
13988,Hyundai,i10,13,57390,Petrol,Manual,20.36,1200,125000,2007
14491,Maruti,Swift,6,70000,Diesel,Manual,25.2,1250,525000,2005
10424,Hyundai,Grand,3,50000,Diesel,Manual,24.0,1200,550000,2013
9868,Honda,City,6,58000,Petrol,Manual,17.8,1500,620000,1998
5567,Audi,A4,2,10950,Diesel,Automatic,18.25,2000,4200000,2008
954,Maruti,Celerio,4,20000,Petrol,Manual,23.1,1000,450000,2014
1431,Ford,Figo,10,160000,Diesel,Manual,20.0,1400,225000,2010
10169,Renault,Duster,5,65000,Diesel,Manual,19.87,1500,541000,2012
706,Hyundai,Verna,4,15000,Petrol,Automatic,15.74,1600,750000,2006
12534,Maruti,Alto,7,44000,Petrol,Manual,22.74,800,225000,2000
7379,Maruti,Swift Dzire,4,50000,Diesel,Manual,28.4,1250,740000,2008
4852,Maruti,Swift Dzire,3,52300,Diesel,Manual,26.59,1250,660000,2008
14081,Honda,City,6,71000,Diesel,Manual,26.0,1500,625000,1998
7303,Hyundai,i20,8,36000,Petrol,Manual,18.5,1200,324000,2008
4306,Maruti,Swift Dzire,3,12500,Petrol,Manual,22.0,1200,650000,2008
6226,Maruti,Swift Dzire,3,82935,Diesel,Manual,26.59,1250,750000,2008
2292,Honda,City,7,63351,Diesel,Manual,26.0,1500,579000,1998
12353,Honda,Amaze,8,80000,Diesel,Manual,25.8,1500,300000,2013
2705,Mercedes-Benz,C-Class,8,73000,Diesel,Automatic,14.84,2100,1075000,2001
8638,Ford,Figo,9,80000,Diesel,Manual,20.0,1400,180000,2010
8668,Volkswagen,Polo,2,36800,Diesel,Manual,20.14,1500,675000,2010
10128,Jeep,Compass,4,24700,Petrol,Automatic,16.0,1400,1545000,2017
4387,Ford,Ecosport,3,22128,Diesel,Manual,23.0,1500,1135000,2013
364,Maruti,Swift,2,44000,Diesel,Manual,28.4,1250,800000,2005
745,BMW,7,4,18000,Diesel,Automatic,17.66,3000,6900000,2002
1492,Maruti,Swift Dzire,7,70000,Diesel,Manual,23.4,1250,500000,2008
15217,Mahindra,XUV500,5,100000,Diesel,Manual,16.0,2000,925000,2011
6837,Renault,KWID,4,28000,Petrol,Manual,25.17,800,290000,2015
3021,Hyundai,Verna,3,26000,Diesel,Automatic,19.08,1600,1245000,2006
6382,Ford,Figo,11,87884,Petrol,Manual,15.6,1200,180000,2010
952,Hyundai,i10,11,90000,Petrol,Manual,19.81,1100,130000,2007
11647,Maruti,Wagon R,7,43932,Petrol,Manual,20.51,1000,320000,1999
5682,Ford,Freestyle,3,35000,Petrol,Manual,19.0,1200,650000,2018
13512,Hyundai,i20,6,44726,Petrol,Manual,18.6,1200,550000,2008
6761,Hyundai,i20,3,10000,Diesel,Manual,22.54,1400,730000,2008
9845,Maruti,Swift Dzire,12,68000,Petrol,Manual,17.5,1300,210000,2008
9245,Maruti,Ciaz,2,9000,Diesel,Manual,26.32,1500,925000,2014
14299,Ford,Freestyle,3,30000,Petrol,Manual,19.0,1200,680000,2018
750,Hyundai,Grand,5,60000,Petrol,Manual,18.9,1200,460000,2013
5346,Maruti,Ertiga,5,10000,Petrol,Manual,17.5,1400,630000,2012
3951,Maruti,Wagon R,13,64521,Petrol,Manual,14.0,1100,205000,1999
10037,Hyundai,i20,3,36984,Petrol,Manual,18.6,1200,370000,2008
5800,Honda,City,5,93877,Petrol,Manual,17.8,1500,800000,1998
9219,Hyundai,i10,13,75000,Petrol,Manual,19.81,1100,145000,2007
4147,Ford,Aspire,4,54000,Diesel,Manual,25.83,1500,675000,2015
8760,Volkswagen,Vento,5,28000,Diesel,Automatic,22.15,1500,565000,2010
12406,Honda,Amaze,7,53000,Petrol,Manual,18.0,1200,485000,2013
8016,Maruti,Wagon R,9,56890,Petrol,Automatic,18.9,1000,220000,1999
11496,Renault,KWID,5,22779,Petrol,Manual,25.17,800,300000,2015
7329,Hyundai,i10,9,31000,Petrol,Manual,19.81,1100,252000,2007
13485,Maruti,Alto,8,95011,Petrol,Manual,22.74,800,225000,2000
3704,Skoda,Rapid,5,74601,Diesel,Manual,21.13,1500,611000,2011
4280,Honda,City,4,71000,Petrol,Manual,17.8,1500,850000,1998
6836,Mahindra,Bolero,6,99826,Diesel,Manual,15.96,2500,525000,2000
7809,Hyundai,Verna,2,26000,Petrol,Manual,17.01,1600,950000,2006
7148,Maruti,Swift Dzire,8,58000,Diesel,Manual,23.4,1250,420000,2008
8195,Maruti,Wagon R,5,60000,Petrol,Manual,20.51,1000,324000,1999
6277,Skoda,Superb,11,37900,Petrol,Automatic,13.7,1800,845000,2004
12635,Toyota,Innova,4,74030,Diesel,Manual,13.68,2400,1150000,2005
8618,Maruti,Swift Dzire,8,63980,Diesel,Manual,19.3,1250,450000,2008
868,Maruti,Ertiga,8,60000,Diesel,Manual,20.77,1250,400000,2012
3511,Maruti,Swift,2,25000,Diesel,Manual,25.2,1250,700000,2005
7417,Ford,Figo,10,36000,Petrol,Manual,15.6,1200,185000,2010
10125,Maruti,Wagon R,3,30000,Petrol,Manual,21.79,1000,415000,1999
15381,Mahindra,Thar,4,43000,Diesel,Manual,16.55,2500,795000,2010
7057,Honda,City,12,57720,Petrol,Manual,17.0,1500,280000,1998
5418,Audi,A4,4,53700,Diesel,Automatic,18.25,2000,1760000,2008
1709,Mahindra,XUV500,5,49000,Diesel,Automatic,16.0,2200,1300000,2011
7123,Maruti,Ciaz,6,15000,Petrol,Manual,20.73,1400,610000,2014
8782,Maruti,Swift Dzire,6,50000,Petrol,Manual,20.85,1200,450000,2008
10593,Skoda,Superb,9,75000,Diesel,Manual,17.2,2000,500000,2004
1843,Maruti,Swift Dzire,4,124000,Diesel,Manual,23.4,1250,590000,2008
5649,Toyota,Innova,15,145000,Diesel,Manual,12.8,2500,355000,2005
15167,Tata,Safari,6,65000,Diesel,Manual,14.0,2200,775000,1998
9342,Maruti,Baleno,5,49700,Diesel,Manual,27.39,1250,550000,2015
14049,Volkswagen,Polo,9,58000,Petrol,Manual,18.78,1000,319000,2010
1271,Mahindra,XUV500,6,50000,Diesel,Manual,16.0,2200,799000,2011
3552,Toyota,Innova,6,63000,Diesel,Manual,12.99,2500,1200000,2005
2382,Honda,CR-V,6,44089,Petrol,Automatic,13.1,2000,1370000,2003
7824,Hyundai,Verna,8,45000,Diesel,Manual,22.32,1600,495000,2006
1602,Maruti,Ciaz,3,30000,Petrol,Manual,20.65,1500,765000,2014
15231,Skoda,Superb,3,23247,Diesel,Automatic,18.19,2000,2800000,2004
14930,Volkswagen,Polo,4,28000,Petrol,Automatic,17.21,1200,860000,2010
12556,Toyota,Innova,11,58980,Diesel,Manual,12.8,2500,450000,2005
9031,Hyundai,Creta,5,25000,Petrol,Manual,15.29,1600,850000,2015
7133,Toyota,Innova,14,175000,Diesel,Manual,12.8,2500,600000,2005
10042,Mahindra,XUV500,5,50000,Diesel,Manual,16.0,2000,1099000,2011
13785,Maruti,Vitara,5,33254,Diesel,Manual,24.3,1250,825000,2016
2818,Maruti,Alto,3,17000,Petrol,Manual,24.7,800,345000,2000
884,Hyundai,Verna,8,100000,Diesel,Manual,22.32,1600,500000,2006
11925,Honda,Jazz,6,31700,Petrol,Automatic,19.0,1200,610000,2009
13368,Mercedes-Benz,E-Class,8,39500,Petrol,Automatic,10.93,2500,1850000,1996
12265,Maruti,Swift Dzire,7,100000,Diesel,Manual,23.4,1250,365000,2008
3505,Maruti,Swift Dzire,8,90000,Diesel,Manual,23.4,1250,500000,2008
8937,Ford,Figo,11,80000,Diesel,Manual,20.0,1400,210000,2010
12760,Maruti,Wagon R,7,50000,Petrol,Manual,20.51,1000,260000,1999
2724,Skoda,Rapid,5,49661,Diesel,Automatic,21.66,1500,695000,2011
130,Honda,Amaze,3,50000,Diesel,Manual,25.8,1500,720000,2013
5878,Tata,Tiago,3,20000,Petrol,Automatic,23.84,1200,415000,2016
3818,Tata,Tiago,2,19247,Petrol,Automatic,24.0,1200,550000,2016
4422,Ford,Ecosport,4,45000,Diesel,Manual,23.0,1500,900000,2013
9819,Maruti,Swift Dzire,7,80000,Petrol,Manual,19.0,1200,310000,2008
5717,Datsun,GO,5,60000,Petrol,Manual,20.63,1200,320000,2014
2972,Maruti,Swift Dzire,9,120000,Diesel,Manual,19.3,1250,460000,2008
8130,Tata,Tigor,3,25000,Petrol,Manual,20.3,1200,599000,2017
13518,Hyundai,i20,6,42000,Petrol,Manual,18.6,1200,585000,2008
8091,Renault,Duster,7,65000,Diesel,Manual,20.45,1500,450000,2012
1394,Mahindra,Scorpio,6,80000,Diesel,Manual,15.4,2000,825000,2002
14592,Skoda,Octavia,3,17000,Petrol,Automatic,15.1,1800,1949000,2001
15311,Mahindra,Bolero,8,150000,Diesel,Manual,13.6,2500,330000,2000
9103,Hyundai,Grand,7,80000,Diesel,Manual,24.0,1100,240000,2013
12747,Volkswagen,Polo,3,18000,Petrol,Automatic,17.21,1200,865000,2010
6652,Maruti,Swift Dzire,9,120000,Diesel,Manual,23.4,1250,325000,2008
10596,Maruti,Eeco,2,29500,Petrol,Manual,16.11,1200,424000,2010
9234,Hyundai,i20,4,28810,Petrol,Manual,18.6,1200,650000,2008
2482,Hyundai,i20,9,43784,Petrol,Manual,18.5,1200,415000,2008
13969,Volkswagen,Polo,5,43439,Petrol,Manual,16.2,1200,535000,2010
10992,Mercedes-Benz,C-Class,7,80000,Diesel,Automatic,14.84,2100,1475000,2001
1510,Maruti,Wagon R,16,84000,Petrol,Manual,14.0,1100,100000,1999
6519,BMW,5,8,60000,Diesel,Automatic,18.12,2000,1850000,2007
5771,Maruti,Alto,6,50000,Petrol,Manual,22.74,800,220000,2000
9700,Hyundai,Verna,9,30917,Diesel,Manual,22.32,1600,465000,2006
11264,Ford,Figo,6,68140,Petrol,Manual,15.6,1200,355000,2010
3008,Hyundai,i20,7,44000,Petrol,Manual,17.0,1200,535000,2008
9702,Maruti,Swift,11,68000,Petrol,Manual,16.1,1200,240000,2005
12917,Hyundai,Grand,4,47961,Petrol,Manual,18.9,1200,550000,2013
5197,Maruti,Swift,12,105000,Diesel,Manual,17.8,1250,240000,2005
1009,Hyundai,i20,4,48000,Petrol,Manual,17.19,1200,520000,2008
8256,Maruti,Swift,6,79000,Diesel,Manual,28.4,1250,525000,2005
3056,BMW,5,6,67000,Diesel,Automatic,18.12,2000,2575000,2007
9683,Honda,City,6,89000,Diesel,Manual,26.0,1500,549000,1998
14376,Mahindra,XUV500,9,80000,Diesel,Manual,15.1,2200,875000,2011
9405,Ford,Ecosport,8,35225,Petrol,Manual,18.88,1000,480000,2013
3381,Honda,City,13,90046,Petrol,Manual,17.7,1500,185000,1998
11364,Honda,City,7,57500,Diesel,Manual,26.0,1500,515000,1998
15287,BMW,5,2,4000,Diesel,Automatic,18.12,2000,5295000,2007
13535,Honda,City,6,79000,Petrol,Manual,17.4,1500,700000,1998
14339,Mahindra,Thar,4,42000,Diesel,Manual,16.55,2500,795000,2010
3686,Maruti,Swift,7,87600,Diesel,Manual,25.2,1250,465000,2005
8566,Skoda,Octavia,4,46000,Diesel,Automatic,19.5,2000,1925000,2001
3558,Maruti,Swift Dzire,2,5000,Petrol,Manual,21.21,1200,745000,2008
5614,Mahindra,XUV500,4,119000,Diesel,Manual,16.0,2200,950000,2011
2409,Hyundai,i20,2,13000,Petrol,Manual,18.6,1200,620000,2008
11461,Maruti,Wagon R,15,90000,Petrol,Manual,18.9,1000,82875,1999
3670,Datsun,GO,4,40000,Petrol,Manual,19.44,1200,421000,2014
10314,Maruti,Swift Dzire,5,52000,Diesel,Manual,28.4,1250,550000,2008
5997,Maruti,Wagon R,5,63359,Petrol,Automatic,20.51,1000,360000,1999
15083,Honda,Amaze,3,10000,Petrol,Automatic,19.0,1200,725000,2013
7963,Datsun,GO,2,1041,Petrol,Manual,19.02,1200,530000,2014
8242,Datsun,RediGO,3,25000,Petrol,Manual,22.7,800,225000,2016
1472,Hyundai,Creta,6,70000,Diesel,Manual,19.67,1600,775000,2015
5514,Mercedes-Benz,GL-Class,5,79090,Diesel,Automatic,11.3,3000,4500000,2010
9834,Hyundai,i20,6,48300,Diesel,Manual,22.54,1400,485000,2008
3130,Maruti,Baleno,5,30000,Diesel,Manual,27.39,1250,700000,2015
9942,Audi,A4,8,79000,Diesel,Automatic,17.11,2000,1210000,2008
12336,Hyundai,Grand,4,43000,Petrol,Manual,18.9,1200,550000,2013
1892,Maruti,Celerio,4,66000,"Others (CNG,LPG)",Manual,31.79,1000,450000,2014
3325,Tata,Safari,9,100000,Diesel,Manual,11.57,2200,260000,1998
5328,Toyota,Innova,12,85500,Diesel,Manual,12.8,2500,725000,2005
14521,Maruti,Ignis,4,32334,Petrol,Automatic,20.89,1200,550000,2017
4278,Maruti,Baleno,2,14000,Petrol,Manual,21.01,1200,640000,2015
6032,Maruti,Ciaz,5,68193,Diesel,Manual,28.09,1250,760000,2014
1645,Skoda,Rapid,9,77000,Diesel,Manual,20.5,1600,370000,2011
164,Hyundai,Verna,4,36000,Petrol,Manual,17.43,1400,650000,2006
3433,Maruti,Ertiga,5,48805,Diesel,Manual,24.52,1250,390000,2012
2787,Ford,Figo,9,41650,Diesel,Manual,20.0,1400,295000,2010
1272,Hyundai,Verna,12,110000,Diesel,Manual,18.1,1500,350000,2006
1507,Maruti,Swift Dzire,6,68082,Diesel,Manual,23.4,1250,465000,2008
10935,Toyota,Camry,5,75000,Petrol,Automatic,19.16,2500,2100000,2002
1857,Hyundai,i20,7,62000,Diesel,Manual,21.9,1400,430000,2008
9055,Renault,Duster,7,110000,Diesel,Manual,19.01,1500,415000,2012
13916,Hyundai,i20,1,15000,Petrol,Manual,20.35,1200,660000,2008
11494,Toyota,Innova,4,67500,Diesel,Manual,13.68,2400,1350000,2005
3543,Honda,City,6,29675,Petrol,Automatic,18.0,1500,795000,1998
4529,Maruti,Swift Dzire,4,51306,Diesel,Manual,23.4,1250,650000,2008
13126,Honda,City,4,40000,Petrol,Manual,17.8,1500,840000,1998
11862,Ford,Ecosport,7,57000,Diesel,Manual,22.7,1500,735000,2013
7967,Hyundai,i20,2,7200,Petrol,Automatic,17.4,1200,750000,2008
238,Renault,Duster,5,90000,Diesel,Manual,19.6,1500,600000,2012
6971,Honda,WR-V,3,15797,Diesel,Manual,25.5,1500,825000,2017
3790,Maruti,Ertiga,3,32000,Petrol,Manual,17.5,1400,810000,2012
5488,Maruti,Ciaz,3,40000,Petrol,Manual,20.73,1400,800000,2014
11744,Renault,KWID,2,25000,Petrol,Manual,23.01,1000,335000,2015
9620,Ford,Endeavour,5,50000,Diesel,Automatic,10.91,3200,2650000,2003
14056,Mahindra,Bolero,6,30000,Diesel,Manual,15.96,2500,635000,2000
14297,Mercedes-Benz,S-Class,6,19500,Diesel,Automatic,13.5,3000,5700000,1994
6612,Renault,KWID,3,48500,Petrol,Manual,23.01,1000,385000,2015
11097,Toyota,Innova,5,82000,Diesel,Manual,13.68,2400,1300000,2005
12878,Maruti,Wagon R,6,57000,Petrol,Manual,18.9,1000,425000,1999
6828,Hyundai,Creta,5,62000,Diesel,Manual,19.67,1600,950000,2015
10048,Maruti,Eeco,6,52000,"Others (CNG,LPG)",Manual,20.88,1200,245000,2010
13247,Maruti,Vitara,4,20000,Diesel,Manual,24.3,1250,800000,2016
5550,Honda,WR-V,2,9900,Diesel,Manual,25.5,1500,990000,2017
6613,Hyundai,Elantra,8,89234,Petrol,Manual,16.3,1800,685000,2004
13669,Datsun,RediGO,3,15000,Petrol,Manual,22.5,1000,285000,2016
8396,Hyundai,Creta,3,80000,Diesel,Manual,21.38,1400,910000,2015
5989,Hyundai,i20,8,63000,Diesel,Manual,21.9,1400,465000,2008
3069,Ford,Aspire,4,25000,Diesel,Manual,24.29,1500,650000,2015
12697,Mercedes-Benz,C-Class,13,57000,Petrol,Automatic,11.74,1800,895000,2001
9159,Mercedes-Benz,C-Class,8,29000,Petrol,Automatic,14.74,2000,1250000,2001
5627,Maruti,Alto,15,74650,Petrol,Manual,19.7,800,140000,2000
3418,Hyundai,i10,11,84000,Petrol,Automatic,19.2,1200,270000,2007
13162,Mercedes-Benz,GL-Class,7,87000,Diesel,Automatic,11.3,3000,3500000,2010
875,Maruti,Swift Dzire,4,120000,Petrol,Manual,19.0,1200,325000,2008
3368,Maruti,Swift Dzire,3,22000,Petrol,Automatic,21.21,1200,795000,2008
15097,Honda,Amaze,6,59962,Petrol,Manual,18.0,1200,389000,2013
7277,Volkswagen,Polo,6,40346,Petrol,Manual,16.47,1200,400000,2010
5122,Renault,KWID,1,1200,Petrol,Automatic,22.0,1000,450000,2015
9872,Ford,Ecosport,5,53620,Petrol,Manual,15.85,1500,580000,2013
9356,BMW,3,6,33000,Diesel,Automatic,19.62,2000,2050000,2007
9033,Volkswagen,Vento,10,36000,Diesel,Manual,20.54,1600,260000,2010
13968,Hyundai,i20,4,28056,Petrol,Manual,18.6,1200,576000,2008
752,Maruti,Wagon R,14,55000,Petrol,Manual,18.9,1100,105000,1999
496,Hyundai,Grand,1,20000,Petrol,Manual,20.7,1200,650000,2013
7212,Maruti,Wagon R,6,7830,Petrol,Manual,20.51,1000,354000,1999
12483,Maruti,Swift,6,55429,Petrol,Manual,21.21,1200,515000,2005
764,Maruti,Swift Dzire,7,36000,Petrol,Manual,17.5,1200,435000,2008
1275,Mercedes-Benz,E-Class,9,67000,Diesel,Automatic,10.0,2150,890000,1996
4658,Ford,Aspire,5,40000,Petrol,Manual,18.16,1200,500000,2015
9592,Honda,Amaze,6,42000,Petrol,Manual,18.0,1200,390000,2013
5652,Volkswagen,Vento,9,58000,Diesel,Manual,20.54,1600,520000,2010
11572,Renault,KWID,4,22000,Petrol,Manual,23.01,1000,295000,2015
6,Hyundai,i10,8,40000,Petrol,Manual,20.36,1200,315000,2007
4595,BMW,7,6,24000,Diesel,Automatic,14.49,3000,5400000,2002
72,Maruti,Swift,10,160000,Diesel,Manual,17.8,1250,225000,2005
8717,Datsun,GO,5,15000,Petrol,Manual,20.63,1200,320000,2014
14571,Hyundai,i20,10,40434,Petrol,Manual,17.0,1200,450000,2008
6863,BMW,X5,6,75000,Diesel,Automatic,13.38,3000,4000000,2007
13274,Ford,Ecosport,4,63000,Diesel,Manual,23.0,1500,831000,2013
8865,Hyundai,i20,6,23114,Petrol,Manual,18.6,1200,525000,2008
1087,Volkswagen,Vento,7,95000,Diesel,Manual,20.34,1500,435000,2010
11949,Hyundai,Elantra,5,27000,Diesel,Automatic,19.5,1600,1395000,2004
12234,Hyundai,i20,2,10000,Petrol,Automatic,17.4,1200,780000,2008
12399,Maruti,Swift Dzire,8,43000,Petrol,Automatic,17.4,1200,445000,2008
11062,Maruti,Wagon R,12,70962,Petrol,Manual,18.9,1000,145000,1999
8696,Hyundai,Grand,3,18200,Petrol,Manual,18.9,1200,500000,2013
11947,Maruti,Alto,4,2700,Petrol,Manual,23.95,1000,376000,2000
8101,Maruti,Wagon R,9,60000,Petrol,Manual,18.9,1000,220000,1999
4904,Maruti,Vitara,4,61000,Diesel,Manual,24.3,1250,841000,2016
14692,Volkswagen,Polo,5,49000,Petrol,Manual,16.2,1200,575000,2010
2048,Hyundai,Grand,6,75000,Petrol,Manual,18.9,1200,415000,2013
12921,Hyundai,Grand,6,69000,Petrol,Automatic,18.9,1200,485000,2013
6986,Hyundai,Grand,5,37902,Petrol,Manual,18.9,1200,450000,2013
10455,Skoda,Rapid,4,29000,Diesel,Manual,21.14,1500,645000,2011
14835,Honda,Amaze,2,18005,Petrol,Automatic,18.1,1200,785000,2013
7441,Maruti,Wagon R,14,70000,Petrol,Manual,18.9,1100,80000,1999
7958,Maruti,Alto,15,70000,Petrol,Manual,19.7,800,70000,2000
1299,Tata,Safari,5,120000,Diesel,Manual,14.1,2200,690000,1998
14620,BMW,X5,5,48000,Diesel,Automatic,15.97,3000,4495000,2007
13600,Mahindra,XUV500,8,105000,Diesel,Manual,16.0,2200,525000,2011
12797,Hyundai,i20,3,20000,Petrol,Automatic,17.4,1200,795000,2008
1065,Maruti,Ertiga,5,30000,Petrol,Manual,17.5,1400,635000,2012
2424,Maruti,Ciaz,5,70000,Diesel,Manual,28.09,1250,680000,2014
6428,Mahindra,Bolero,9,60000,Diesel,Manual,15.96,2500,500000,2000
2138,Maruti,Ciaz,3,20286,Petrol,Manual,20.73,1400,810000,2014
13028,Hyundai,i20,7,48100,Petrol,Manual,18.6,1200,495000,2008
8448,Toyota,Fortuner,9,70000,Diesel,Manual,11.5,3000,1399000,2009
10192,Ford,Ecosport,4,40000,Petrol,Manual,15.8,1500,598000,2013
792,Maruti,Wagon R,7,50000,Petrol,Manual,20.51,1000,295000,1999
13103,Audi,A4,10,70000,Diesel,Automatic,16.55,2000,1099000,2008
13962,Mahindra,Bolero,11,35000,Diesel,Manual,13.6,2500,260000,2000
10072,Mahindra,XUV500,7,66000,Diesel,Manual,15.1,2200,590000,2011
2619,Mercedes-Benz,GL-Class,3,12000,Diesel,Automatic,17.9,2100,4590000,2010
6539,Maruti,Alto,19,82000,Petrol,Manual,19.7,800,100000,2000
490,Ford,Aspire,6,63000,Diesel,Manual,25.83,1500,475000,2015
4450,Mahindra,KUV100,2,17000,Petrol,Manual,18.15,1200,480000,2016
2224,Maruti,Swift Dzire,9,58000,Petrol,Manual,19.1,1200,430000,2008
3726,Maruti,Ciaz,6,49000,Petrol,Manual,20.73,1400,575000,2014
7022,Maruti,Alto,2,30000,Petrol,Manual,23.95,1000,350000,2000
8434,Mahindra,Bolero,1,15000,Diesel,Manual,21.0,1500,650000,2000
14955,Toyota,Fortuner,10,140000,Diesel,Manual,11.5,3000,925000,2009
6641,Hyundai,Grand,4,16905,Petrol,Automatic,18.9,1200,540000,2013
11996,Maruti,Ertiga,9,48475,Diesel,Manual,20.77,1250,675000,2012
5885,Mahindra,XUV500,8,99000,Diesel,Manual,15.1,2200,650000,2011
7127,Hyundai,Creta,5,24000,Petrol,Manual,15.29,1600,750000,2015
8138,Maruti,Wagon R,11,80875,Petrol,Manual,18.9,1000,250000,1999
2210,Mahindra,Bolero,5,80000,Diesel,Manual,15.96,2500,630000,2000
11225,Honda,City,3,29000,Petrol,Automatic,18.0,1500,1200000,1998
6084,Ford,Ecosport,4,43000,Petrol,Automatic,14.8,1500,795000,2013
13895,Maruti,Ertiga,8,94000,Diesel,Manual,20.77,1250,585000,2012
8047,Renault,Duster,2,34000,Diesel,Manual,19.6,1500,900000,2012
10067,Ford,Ecosport,6,72000,Diesel,Manual,22.77,1500,525000,2013
193,Maruti,Swift Dzire,3,10000,Diesel,Manual,28.4,1250,750000,2008
6232,Skoda,Rapid,5,51321,Diesel,Automatic,21.66,1500,795000,2011
7295,Hyundai,Santro,13,89346,Petrol,Manual,17.92,1100,100000,1998
4010,Tata,Hexa,4,74000,Diesel,Manual,17.6,2200,1050000,2017
1794,Hyundai,i20,9,90000,Petrol,Manual,17.0,1200,310000,2008
12785,Maruti,Swift,5,47350,Diesel,Manual,25.2,1250,640000,2005
3033,Tata,Tiago,4,52532,Petrol,Manual,23.84,1200,450000,2016
9752,BMW,3,9,50000,Diesel,Automatic,18.88,2000,845000,2007
5977,Hyundai,Grand,4,50000,Petrol,Manual,18.9,1200,425000,2013
2178,Honda,Amaze,6,61058,Diesel,Manual,25.8,1500,475000,2013
10961,Honda,Amaze,3,40200,Petrol,Manual,17.8,1200,650000,2013
13335,Ford,Freestyle,2,30000,Diesel,Manual,24.4,1500,775000,2018
3364,Maruti,Celerio,2,20000,Petrol,Automatic,23.1,1000,520000,2014
3430,Maruti,Alto,6,66000,Petrol,Automatic,23.95,1000,325000,2000
11612,Mahindra,XUV500,3,68000,Diesel,Manual,16.0,2200,1650000,2011
15375,Ford,Ecosport,2,10000,Petrol,Manual,17.0,1500,1040000,2013
1366,Maruti,Ertiga,6,48200,Diesel,Manual,25.47,1250,535000,2012
761,Maruti,Swift,4,68791,Diesel,Manual,25.2,1250,510000,2005
1167,Honda,City,8,42462,Petrol,Manual,17.8,1500,480000,1998
5052,Maruti,Swift,7,70000,Petrol,Manual,18.6,1200,370000,2005
3497,Honda,WR-V,3,19000,Petrol,Manual,17.5,1200,795000,2017
6308,Mahindra,Bolero,4,60000,Diesel,Manual,21.0,1500,545000,2000
354,Hyundai,Verna,7,89000,Diesel,Manual,22.32,1600,470000,2006
11011,Maruti,Baleno,4,61000,Petrol,Manual,21.4,1200,525000,2015
13673,Ford,Ecosport,7,58100,Diesel,Manual,22.7,1500,450000,2013
7635,Maruti,Alto,11,70000,Petrol,Manual,19.7,800,130000,2000
2844,Maruti,Wagon R,3,23000,Petrol,Automatic,20.51,1000,465000,1999
9881,Maruti,Ciaz,5,52000,Diesel,Manual,28.09,1250,615000,2014
5064,Maruti,Swift,8,75486,Diesel,Manual,28.4,1250,455000,2005
15081,Volkswagen,Polo,9,67000,Diesel,Manual,22.07,1200,465000,2010
12620,Mercedes-Benz,GL-Class,5,40000,Diesel,Automatic,17.9,2100,3500000,2010
6404,Honda,Jazz,2,5000,Petrol,Manual,18.2,1200,650000,2009
14327,Maruti,Celerio,5,67000,Petrol,Automatic,23.1,1000,415000,2014
6674,Maruti,Alto,6,85000,Petrol,Manual,22.74,800,276000,2000
10419,Maruti,Vitara,3,53000,Diesel,Manual,24.3,1250,745000,2016
12509,Renault,Duster,8,120000,Diesel,Manual,20.45,1500,380000,2012
1802,Hyundai,Creta,4,45000,Petrol,Automatic,13.0,1600,1175000,2015
5981,Maruti,Swift,4,91000,Diesel,Manual,28.4,1250,725000,2005
4004,Maruti,Alto,15,120000,Petrol,Manual,19.7,800,150000,2000
3228,Ford,Figo,5,41001,Petrol,Manual,18.16,1200,450000,2010
498,Maruti,Wagon R,13,100000,Petrol,Manual,18.9,1100,150000,1999
4848,Maruti,Wagon R,16,90000,Petrol,Manual,14.0,1100,115000,1999
5274,Volkswagen,Polo,7,72103,Diesel,Manual,20.14,1500,535000,2010
4803,Hyundai,i10,8,60343,"Others (CNG,LPG)",Manual,19.0,1100,403000,2007
4670,Hyundai,Verna,13,110000,Diesel,Manual,18.1,1500,230000,2006
5851,Hyundai,Grand,4,5238,Petrol,Manual,18.9,1200,595000,2013
4834,Maruti,Wagon R,6,17205,Petrol,Manual,20.51,1000,400000,1999
15188,Maruti,Ciaz,5,15000,Petrol,Automatic,19.12,1400,725000,2014
13395,Maruti,Ertiga,5,135000,Diesel,Manual,24.52,1250,900000,2012
1866,Maruti,Wagon R,8,62500,Petrol,Manual,21.79,1000,300000,1999
3595,Maruti,Alto,14,17000,Petrol,Manual,19.7,800,145000,2000
3633,Maruti,Wagon R,5,36100,"Others (CNG,LPG)",Manual,26.6,1000,414000,1999
10697,Renault,Duster,5,52000,Diesel,Manual,19.64,1500,570000,2012
9799,Audi,A4,8,33000,Diesel,Automatic,17.11,2000,1349000,2008
10286,BMW,5,4,30000,Diesel,Automatic,18.12,2000,3100000,2007
1500,Maruti,Wagon R,5,30000,Petrol,Manual,20.51,1000,340000,1999
13188,Hyundai,Verna,7,70000,Petrol,Manual,17.01,1600,450000,2006
504,Hyundai,Venue,2,27594,Petrol,Manual,18.27,1000,995000,2019
13860,Hyundai,Verna,10,48000,Diesel,Manual,16.2,1500,325000,2006
1707,Hyundai,Grand,5,29901,Petrol,Manual,18.9,1200,450000,2013
6136,Honda,City,7,170000,Diesel,Manual,25.1,1500,600000,1998
14173,Mahindra,XUV500,8,95000,Diesel,Manual,15.1,2200,825000,2011
1378,Maruti,Alto,1,10000,Petrol,Manual,22.05,800,370000,2000
11048,Honda,Amaze,8,78000,Diesel,Manual,25.8,1500,365000,2013
9696,BMW,5,4,46000,Diesel,Automatic,18.12,2000,3250000,2007
3937,Toyota,Fortuner,6,124000,Diesel,Manual,13.0,3000,1700000,2009
10838,Hyundai,Creta,6,825000,Diesel,Manual,19.67,1600,825000,2015
14812,Hyundai,i20,8,74947,Petrol,Manual,18.5,1200,495000,2008
6339,Mahindra,Bolero,3,35000,Diesel,Manual,16.5,1500,800000,2000
9013,Mahindra,Bolero,7,56467,Diesel,Manual,15.96,2500,625000,2000
3254,Hyundai,Elantra,7,120000,Diesel,Automatic,19.5,1600,900000,2004
7365,Maruti,Wagon R,7,70000,Petrol,Manual,20.51,1000,400000,1999
6847,Maruti,Swift Dzire,4,75000,Diesel,Manual,23.4,1250,745000,2008
12476,Maruti,Alto,3,40000,Petrol,Manual,23.95,1000,350000,2000
8680,BMW,3,3,40000,Diesel,Automatic,21.76,2000,3580000,2007
8505,Maruti,Ertiga,2,20000,Diesel,Manual,25.47,1250,1000000,2012
6009,Mahindra,Marazzo,3,35000,Diesel,Manual,17.3,1500,1200000,2018
8651,Ford,Ecosport,5,78000,Diesel,Manual,22.77,1500,715000,2013
7087,Mahindra,XUV500,5,80000,Diesel,Manual,16.0,2200,1090000,2011
3883,Maruti,Swift Dzire,3,10000,Diesel,Manual,28.4,1250,800000,2008
10045,Hyundai,Grand,5,62580,Diesel,Manual,24.0,1100,425000,2013
3904,Honda,City,1,2000,Petrol,Manual,17.8,1500,1000000,1998
8552,Maruti,Wagon R,8,44400,Petrol,Manual,21.79,1000,300000,1999
8122,Datsun,GO,6,61107,Petrol,Manual,19.02,1200,350000,2014
2666,Ford,Ecosport,8,56260,Petrol,Manual,18.88,1000,499000,2013
12984,Hyundai,Creta,4,20000,Petrol,Manual,13.0,1600,1035000,2015
7716,Mahindra,XUV500,3,54200,Diesel,Manual,15.1,2200,1010000,2011
12315,Toyota,Innova,8,147000,Diesel,Manual,12.99,2500,925000,2005
4811,Hyundai,i20,9,68000,Diesel,Manual,21.9,1400,370000,2008
12361,Hyundai,Creta,3,67806,Diesel,Manual,19.67,1600,1295000,2015
1128,Maruti,Swift,6,68251,Diesel,Manual,28.4,1250,410000,2005
12360,Maruti,Wagon R,10,66000,Petrol,Manual,18.9,1000,245000,1999
1640,Maruti,Alto,5,60000,Petrol,Manual,22.74,800,264000,2000
8622,Hyundai,Grand,2,8000,Petrol,Manual,18.9,1200,635000,2013
2337,Ford,Endeavour,4,40700,Diesel,Automatic,10.91,3200,2850000,2003
5945,Maruti,Swift,13,110000,Diesel,Manual,17.8,1250,220000,2005
122,Ford,Aspire,4,36000,Diesel,Manual,25.83,1500,585000,2015
14333,Maruti,Swift,4,11707,Petrol,Manual,21.21,1200,650000,2005
13941,Maruti,Ciaz,4,25000,Diesel,Manual,28.09,1250,780000,2014
9265,Tata,Nexon,4,90000,Diesel,Manual,21.5,1500,650000,2017
15401,Maruti,Swift,3,25000,Petrol,Automatic,22.0,1200,590000,2005
7293,Ford,Figo,10,54263,Diesel,Manual,20.0,1400,225000,2010
4761,Maruti,Baleno,5,72000,Diesel,Manual,27.39,1250,675000,2015
14217,Mahindra,Bolero,10,73625,Diesel,Manual,13.6,2500,378000,2000
4296,Mahindra,XUV500,8,72423,Diesel,Manual,15.1,2200,760000,2011
5451,Renault,KWID,3,1973,Petrol,Automatic,24.04,1000,485000,2015
4180,Maruti,Ciaz,3,14000,Petrol,Manual,20.73,1400,840000,2014
5693,Mahindra,Scorpio,8,93000,Diesel,Manual,12.05,2200,770000,2002
12825,Maruti,Wagon R,7,71000,"Others (CNG,LPG)",Manual,26.2,1000,370000,1999
7079,Maruti,Baleno,2,10000,Petrol,Automatic,21.4,1200,850000,2015
4341,Maruti,Alto,15,103000,Petrol,Manual,19.7,800,150000,2000
10358,Mercedes-Benz,C-Class,4,58000,Diesel,Automatic,19.71,2100,2800000,2001
12990,Mercedes-Benz,C-Class,11,75900,Diesel,Automatic,14.84,2100,850000,2001
12151,Toyota,Innova,5,100000,Diesel,Manual,13.68,2400,1495000,2005
2827,Hyundai,i20,8,20000,Petrol,Manual,18.5,1200,425000,2008
3066,Maruti,Wagon R,4,18000,Petrol,Manual,20.51,1000,475000,1999
3491,Hyundai,i10,5,50000,Petrol,Manual,19.81,1100,428000,2007
11083,Hyundai,i10,8,25783,Petrol,Manual,20.36,1200,300000,2007
7942,Hyundai,i20,3,18000,Petrol,Manual,18.6,1200,650000,2008
10108,Maruti,Baleno,2,9000,Petrol,Manual,21.01,1200,600000,2015
5479,Mahindra,Thar,7,84000,Diesel,Manual,16.55,2500,600000,2010
2419,Hyundai,Verna,4,12000,Petrol,Automatic,17.0,1600,1075000,2006
11360,Tata,Hexa,4,57500,Diesel,Automatic,17.6,2200,1275000,2017
11398,Maruti,Ciaz,6,48000,Petrol,Automatic,19.12,1400,625000,2014
13359,Maruti,Swift Dzire,8,64000,Petrol,Manual,19.1,1200,350000,2008
2761,Honda,City,5,36070,Petrol,Manual,16.8,1500,754000,1998
15051,Hyundai,i20,9,63872,Petrol,Manual,18.5,1200,350000,2008
14255,Hyundai,Creta,4,33000,Petrol,Manual,13.0,1600,1140000,2015
13668,Maruti,Swift Dzire,4,23600,Diesel,Automatic,28.4,1250,775000,2008
9276,Mercedes-Benz,E-Class,9,55000,Diesel,Automatic,11.5,3000,1275000,1996
13643,Toyota,Fortuner,8,88251,Diesel,Automatic,12.55,3000,1490000,2009
1544,Hyundai,Elantra,5,32000,Diesel,Automatic,18.23,1600,1375000,2004
13595,Ford,Figo,11,35500,Petrol,Manual,15.6,1200,271000,2010
13827,Hyundai,Verna,4,23000,Petrol,Automatic,17.0,1600,1050000,2006
830,Hyundai,Creta,3,40000,Diesel,Manual,22.1,1400,1050000,2015
3609,Maruti,Eeco,2,34197,Petrol,Manual,16.11,1200,465000,2010
12949,Toyota,Fortuner,2,33000,Diesel,Automatic,12.9,2800,3300000,2009
7480,Renault,Duster,6,38000,Diesel,Manual,19.87,1500,685000,2012
10816,Tata,Tigor,3,17206,Petrol,Automatic,20.3,1200,565000,2017
11536,Ford,Ecosport,5,41666,Petrol,Automatic,15.63,1500,715000,2013
12918,Maruti,Ciaz,3,11113,Petrol,Manual,20.65,1500,1015000,2014
6159,Ford,Figo,9,37453,Petrol,Manual,15.6,1200,335000,2010
9874,Hyundai,i20,3,69000,Diesel,Manual,22.54,1400,660000,2008
9588,Jeep,Compass,2,28000,Petrol,Manual,16.0,1400,1450000,2017
62,Hyundai,Grand,3,50000,Diesel,Manual,24.0,1200,545000,2013
2716,Maruti,Wagon R,11,75008,Petrol,Manual,18.9,1000,240000,1999
3429,Hyundai,Verna,9,58000,Petrol,Manual,17.01,1600,399000,2006
103,Hyundai,Verna,2,14000,Diesel,Automatic,22.0,1600,1250000,2006
7154,Skoda,Superb,8,69000,Diesel,Automatic,17.2,2000,649000,2004
10883,Maruti,Swift,8,147000,Diesel,Manual,22.9,1250,350000,2005
12469,Hyundai,i20,3,37000,Petrol,Manual,18.6,1200,740000,2008
13048,Maruti,Swift Dzire,9,120000,Diesel,Manual,19.3,1250,300000,2008
12128,Maruti,Ertiga,6,72000,Diesel,Manual,20.77,1250,786000,2012
2193,Hyundai,Grand,5,28000,Petrol,Automatic,18.9,1200,511000,2013
9360,Maruti,Baleno,2,9500,Petrol,Manual,21.01,1200,585000,2015
7791,Maruti,Alto,12,46500,Petrol,Manual,19.7,800,130000,2000
7164,Honda,Jazz,11,68000,Petrol,Manual,16.0,1200,230000,2009
14681,Maruti,Ertiga,6,94000,Diesel,Manual,25.47,1250,699000,2012
12816,Renault,KWID,4,8905,Petrol,Manual,25.17,800,349000,2015
9293,Honda,Civic,15,120000,Petrol,Automatic,12.9,1800,150000,2006
14737,Maruti,Baleno,2,25000,Petrol,Manual,21.4,1200,736000,2015
966,Hyundai,Grand,3,10000,Petrol,Manual,18.9,1200,451000,2013
13117,Ford,Figo,5,70000,Diesel,Manual,25.83,1500,270000,2010
4812,Maruti,Wagon R,13,105379,"Others (CNG,LPG)",Manual,26.6,1000,219000,1999
14523,Volkswagen,Polo,7,20000,Petrol,Manual,16.47,1200,650000,2010
11286,Maruti,Swift,4,49437,Diesel,Manual,25.2,1250,435000,2005
7080,Hyundai,i20,11,50000,Petrol,Manual,18.5,1200,245000,2008
7902,Maruti,Baleno,3,5000,Petrol,Manual,21.01,1200,700000,2015
5140,Hyundai,Verna,4,10000,Diesel,Manual,23.9,1600,1000000,2006
13010,Audi,A6,9,90000,Diesel,Automatic,17.68,2000,1250000,2005
2631,Ford,Endeavour,4,79000,Diesel,Automatic,10.91,3200,2750000,2003
677,Skoda,Superb,10,92000,Petrol,Manual,13.14,1800,350000,2004
2394,Skoda,Rapid,7,54000,Petrol,Manual,15.0,1600,525000,2011
11625,Maruti,Swift Dzire,7,70000,Petrol,Manual,19.1,1200,450000,2008
10141,Hyundai,Creta,4,51000,Diesel,Automatic,17.01,1600,1025000,2015
7848,Toyota,Innova,9,99099,Diesel,Manual,12.8,2500,700000,2005
2642,Hyundai,i20,2,4000,Petrol,Automatic,15.0,1400,875000,2008
8983,Maruti,Swift Dzire,6,70000,Petrol,Manual,20.85,1200,450000,2008
382,Maruti,Swift,2,8000,Petrol,Automatic,21.21,1200,650000,2005
2802,Hyundai,Creta,4,68000,Diesel,Automatic,17.6,1600,1340000,2015
9110,Honda,City,7,45045,Petrol,Automatic,18.0,1500,550000,1998
13980,Maruti,Alto,8,40000,Petrol,Manual,20.92,1000,230000,2000
812,Hyundai,Grand,4,17000,Petrol,Manual,18.9,1200,425000,2013
1274,Mahindra,Bolero,2,30000,Diesel,Manual,15.96,2500,620000,2000
7163,Maruti,Celerio,5,35887,Petrol,Automatic,23.1,1000,390000,2014
11770,Maruti,Swift,4,51234,Petrol,Manual,20.4,1200,445000,2005
10701,Maruti,Baleno,1,2085,Petrol,Manual,21.01,1200,690000,2015
2150,Honda,City,11,105000,Petrol,Automatic,16.8,1500,375000,1998
14271,Volkswagen,Vento,9,120000,Diesel,Manual,20.54,1600,375000,2010
8336,Skoda,Rapid,7,87232,Diesel,Manual,20.5,1600,260000,2011
7582,Mahindra,XUV500,1,10000,Diesel,Manual,15.1,2200,1800000,2011
12487,Ford,Ecosport,2,15700,Petrol,Automatic,14.7,1500,1145000,2013
14846,Datsun,GO,6,27000,Petrol,Manual,19.44,1200,295000,2014
14310,Toyota,Innova,10,95000,Diesel,Manual,12.8,2500,1200000,2005
6058,Jaguar,XF,5,39000,Petrol,Automatic,10.8,2000,2950000,2009
6864,Mahindra,XUV500,4,50000,Diesel,Automatic,16.0,2200,1600000,2011
13049,Jeep,Compass,4,43726,Diesel,Manual,17.1,2000,1625000,2017
12798,Maruti,Alto,6,15000,Petrol,Manual,22.74,800,295000,2000
15303,Honda,Amaze,7,65000,Diesel,Manual,25.8,1500,375000,2013
14917,Maruti,Baleno,4,55000,Diesel,Manual,27.39,1250,675000,2015
5183,Maruti,Swift Dzire,3,12400,Petrol,Manual,21.21,1200,690000,2008
7038,Hyundai,i20,9,70000,Petrol,Manual,17.0,1200,300000,2008
14721,Maruti,Wagon R,12,26000,Petrol,Manual,18.9,1000,150000,1999
12301,Maruti,Swift,6,49134,Petrol,Manual,20.4,1200,450000,2005
11733,Maruti,Celerio,6,64000,Diesel,Manual,27.62,800,350000,2014
2914,Volkswagen,Vento,4,25000,Petrol,Automatic,18.19,1200,850000,2010
8804,Hyundai,Verna,6,34105,Diesel,Manual,23.9,1600,549000,2006
8606,Mahindra,Scorpio,7,100000,Diesel,Manual,12.05,2200,700000,2002
8549,Maruti,Alto,11,80000,"Others (CNG,LPG)",Manual,26.83,800,150000,2000
1055,Tata,Nexon,3,60000,Petrol,Manual,17.0,1200,700000,2017
15201,Hyundai,Elantra,6,59000,Diesel,Automatic,22.7,1600,875000,2004
1342,Ford,Figo,8,54000,Diesel,Manual,18.5,1400,195000,2010
12162,Toyota,Innova,4,60000,Diesel,Automatic,11.36,2800,1800000,2005
10540,Maruti,Alto,11,50000,Petrol,Manual,19.7,800,135000,2000
9359,Volkswagen,Polo,6,90000,Diesel,Manual,20.14,1500,420000,2010
2063,Maruti,Ertiga,5,56000,Diesel,Manual,20.77,1250,825000,2012
7607,Maruti,Wagon R,21,80000,Petrol,Manual,18.9,1000,40000,1999
9412,Hyundai,Creta,6,45000,Petrol,Manual,15.29,1600,875000,2015
9037,Hyundai,Verna,4,10000,Petrol,Manual,17.0,1600,1125000,2006
16,Maruti,Swift,7,62200,Diesel,Manual,28.4,1250,425000,2005
1063,Maruti,Swift Dzire,6,120000,Petrol,Manual,20.85,1200,350000,2008
14014,Mahindra,Scorpio,12,80000,Diesel,Manual,12.05,2200,525000,2002
6797,Maruti,Alto,13,30000,Petrol,Manual,18.9,1100,180000,2000
4813,Hyundai,i20,8,50000,Diesel,Manual,21.9,1400,420000,2008
5965,Maruti,Ertiga,7,76000,Petrol,Manual,16.02,1400,450000,2012
4914,Mahindra,Bolero,4,70000,Diesel,Manual,16.5,1500,650000,2000
3962,Mercedes-Benz,S-Class,10,82000,Diesel,Automatic,13.5,3000,2450000,1994
1530,Maruti,Wagon R,4,50000,"Others (CNG,LPG)",Manual,26.6,1000,400000,1999
9647,Toyota,Fortuner,2,15500,Diesel,Manual,14.24,2800,3090000,2009
9687,Maruti,Swift,4,43733,Petrol,Manual,20.4,1200,489000,2005
3854,Maruti,Eeco,7,30000,Petrol,Manual,15.37,1200,250000,2010
12125,Maruti,Baleno,5,42700,Petrol,Manual,21.4,1200,610000,2015
1758,Mercedes-Benz,E-Class,4,26000,Petrol,Automatic,12.0,2000,4150000,1996
7502,Maruti,Vitara,4,80000,Diesel,Manual,24.3,1250,600000,2016
2967,Mahindra,Bolero,7,86000,Diesel,Manual,15.96,2500,460000,2000
6838,Maruti,Swift Dzire,6,86521,Diesel,Manual,19.3,1250,565000,2008
14239,Hyundai,i10,8,83677,Petrol,Manual,19.81,1100,270000,2007
1878,Maruti,Swift,4,36000,Petrol,Manual,21.21,1200,575000,2005
14191,Hyundai,i20,10,77590,Diesel,Manual,21.9,1400,420000,2008
7262,Honda,Amaze,3,70000,Petrol,Automatic,18.1,1200,620000,2013
5739,Hyundai,i20,8,105000,Diesel,Manual,21.9,1400,450000,2008
4253,Maruti,Swift Dzire,7,110000,Diesel,Manual,23.4,1250,390000,2008
15289,Hyundai,i20,11,99250,Petrol,Manual,17.0,1200,325000,2008
14967,Ford,Figo,7,63000,Diesel,Manual,20.0,1400,450000,2010
8563,Mahindra,XUV500,6,15000,Diesel,Manual,15.1,2200,950000,2011
11405,Maruti,Baleno,5,44000,Petrol,Manual,21.01,1200,530000,2015
9723,Hyundai,Creta,6,76000,Diesel,Manual,19.67,1600,800000,2015
1097,Maruti,Alto,5,50000,Petrol,Manual,22.74,800,235000,2000
4946,Hyundai,Verna,3,37000,Petrol,Manual,17.01,1600,990000,2006
13270,Honda,Civic,13,110000,Petrol,Manual,13.5,1800,400000,2006
2706,Toyota,Innova,7,86000,Diesel,Manual,12.8,2500,995000,2005
6956,Ford,Ecosport,5,50000,Diesel,Manual,21.7,1500,650000,2013
1126,Maruti,Eeco,2,13000,Petrol,Manual,15.37,1200,340000,2010
13547,Hyundai,i20,7,48000,Petrol,Manual,18.6,1200,490000,2008
3218,Maruti,Swift,10,40000,Diesel,Manual,22.9,1250,300000,2005
754,Ford,Ecosport,5,67000,Diesel,Manual,22.77,1500,525000,2013
2273,Maruti,Wagon R,7,27066,Petrol,Manual,21.79,1000,325000,1999
1407,Maruti,Ciaz,5,100000,Diesel,Manual,28.09,1250,650000,2014
11340,Hyundai,i10,10,63155,Petrol,Manual,20.36,1200,220000,2007
12276,Maruti,Celerio,6,35000,Petrol,Automatic,23.1,1000,450000,2014
10095,Hyundai,i10,12,97341,Petrol,Manual,20.36,1200,165000,2007
15010,Maruti,Ignis,3,15833,Petrol,Automatic,20.89,1200,625000,2017
3310,Honda,City,13,40000,Petrol,Automatic,16.8,1500,375000,1998
14399,BMW,3,4,20000,Diesel,Automatic,22.69,2000,3000000,2007
8064,Hyundai,i20,3,25000,Petrol,Manual,18.6,1200,600000,2008
3206,Renault,KWID,5,21200,Petrol,Manual,22.3,800,345000,2015
8452,Maruti,Swift Dzire,4,35000,Diesel,Manual,28.4,1250,615000,2008
6185,Maruti,Swift Dzire,4,79874,Diesel,Automatic,28.4,1250,650000,2008
1417,Maruti,Ciaz,5,40000,Diesel,Manual,28.09,1250,595000,2014
6083,Hyundai,Grand,7,103431,Diesel,Manual,24.0,1100,345000,2013
7215,Maruti,Swift Dzire,2,10000,Diesel,Manual,28.4,1250,755000,2008
5547,Maruti,Vitara,4,29000,Diesel,Manual,24.3,1250,985000,2016
14013,Honda,WR-V,2,23500,Petrol,Manual,17.5,1200,799000,2017
11683,Hyundai,Elantra,8,75000,Petrol,Automatic,14.5,1800,630000,2004
7171,Maruti,Wagon R,7,40000,Petrol,Manual,20.51,1000,300000,1999
14527,BMW,3,11,60000,Diesel,Automatic,13.2,2000,900000,2007
66,Maruti,Swift Dzire,5,47000,Diesel,Manual,26.59,1250,545000,2008
13878,Hyundai,Santro,13,52000,Petrol,Manual,17.92,1100,235000,1998
14060,Honda,Jazz,4,35000,Petrol,Automatic,19.0,1200,725000,2009
5891,Ford,Figo,10,66000,Diesel,Manual,20.0,1400,310000,2010
8929,Maruti,Alto,13,35000,Petrol,Manual,19.7,800,140000,2000
5278,Hyundai,i20,4,38120,Petrol,Manual,18.6,1200,690000,2008
13537,BMW,3,8,87000,Diesel,Automatic,18.88,2000,1175000,2007
12687,Renault,KWID,5,30000,Petrol,Manual,22.3,800,375000,2015
4980,Hyundai,i20,11,72240,Petrol,Manual,17.0,1200,350000,2008
11915,Maruti,Swift,10,83000,Diesel,Manual,22.9,1250,349000,2005
10872,Honda,City,15,50000,Petrol,Manual,17.7,1500,300000,1998
3088,Audi,A4,9,120000,Petrol,Automatic,10.8,2000,1100000,2008
6574,Toyota,Innova,14,120000,Diesel,Manual,12.8,2500,300000,2005
790,Honda,WR-V,2,5700,Petrol,Manual,17.5,1200,875000,2017
6939,Renault,Duster,9,50000,Diesel,Manual,19.01,1500,375000,2012
3850,Jaguar,XF,6,29000,Diesel,Automatic,16.36,2200,3200000,2009
2594,Volkswagen,Vento,6,26000,Petrol,Automatic,16.93,1200,645000,2010
6305,Hyundai,i10,11,75000,Petrol,Manual,19.81,1100,270000,2007
799,Maruti,Celerio,6,17000,Petrol,Automatic,23.1,1000,425000,2014
10103,Maruti,Alto,9,62351,Petrol,Manual,20.92,1000,209000,2000
13351,Maruti,Swift Dzire,5,73000,Petrol,Manual,20.85,1200,530000,2008
1220,Hyundai,i20,3,50000,Petrol,Manual,18.6,1200,660000,2008
11858,Hyundai,Verna,2,8000,Petrol,Automatic,17.0,1600,1250000,2006
6272,Mahindra,Scorpio,7,66000,Diesel,Manual,15.4,2200,1090000,2002
6533,Audi,A4,8,58000,Diesel,Automatic,16.55,2000,1495000,2008
3992,Honda,WR-V,3,19790,Petrol,Manual,17.5,1200,770000,2017
13906,Toyota,Innova,8,139000,Diesel,Manual,12.99,2500,850000,2005
1957,Mercedes-Benz,E-Class,4,26000,Petrol,Automatic,12.0,2000,4150000,1996
13967,Toyota,Innova,8,127000,Diesel,Manual,12.99,2500,980000,2005
2100,Maruti,Ciaz,5,59000,Petrol,Automatic,19.12,1400,690000,2014
2825,Maruti,Swift Dzire,6,120000,Petrol,Manual,19.0,1200,200000,2008
1617,Honda,City,2,11200,Petrol,Automatic,17.4,1500,1275000,1998
4619,Hyundai,i20,8,70000,Diesel,Manual,21.9,1400,445000,2008
5838,Toyota,Fortuner,9,104446,Diesel,Manual,12.55,3000,1340000,2009
9176,BMW,X1,3,80000,Diesel,Automatic,20.68,2000,2000000,2010
4572,Hyundai,i20,3,50000,Diesel,Manual,22.54,1400,750000,2008
5691,Maruti,Swift Dzire,2,35000,Petrol,Manual,22.0,1200,648000,2008
12206,Hyundai,Verna,9,177000,Diesel,Manual,22.32,1600,350000,2006
58,Mahindra,XUV500,3,21500,Diesel,Automatic,15.1,2200,1650000,2011
10764,Maruti,Swift,5,62235,Diesel,Manual,25.2,1250,496000,2005
2945,Hyundai,i10,9,40000,Petrol,Automatic,16.95,1200,335000,2007
7404,Mahindra,XUV500,7,82001,Diesel,Manual,15.1,2200,755000,2011
14184,Honda,City,7,56664,Diesel,Manual,25.6,1500,591000,1998
15107,Hyundai,Grand,4,45000,Diesel,Manual,24.0,1100,525000,2013
878,Tata,Tiago,2,15000,Petrol,Manual,23.84,1200,600000,2016
3826,Maruti,Wagon R,12,52755,"Others (CNG,LPG)",Manual,17.3,1100,233000,1999
656,Maruti,Swift,4,90000,Diesel,Manual,28.4,1250,620000,2005
7692,Maruti,Ciaz,5,70000,Diesel,Manual,28.09,1250,650000,2014
11758,Maruti,Swift Dzire,7,210000,Diesel,Manual,23.4,1250,350000,2008
9904,Hyundai,Creta,5,30000,Petrol,Manual,13.0,1600,890000,2015
9386,Hyundai,i20,7,64000,Diesel,Manual,22.54,1400,425000,2008
2181,Renault,KWID,3,15000,Petrol,Manual,25.17,800,331000,2015
3707,Maruti,Swift Dzire,11,50000,Diesel,Manual,19.3,1250,300000,2008
8758,Maruti,Wagon R,6,32000,Petrol,Manual,18.9,1000,350000,1999
2940,Maruti,Swift Dzire,8,52000,Diesel,Manual,28.4,1250,395000,2008
4190,Honda,City,13,70000,Petrol,Manual,17.7,1500,235000,1998
13469,Audi,A4,9,68370,Diesel,Automatic,17.11,2000,1345000,2008
1561,Mahindra,Scorpio,10,230000,Diesel,Automatic,11.79,2200,475000,2002
14059,BMW,5,4,18000,Diesel,Automatic,18.12,2000,2999000,2007
11828,Hyundai,Grand,7,59571,Petrol,Manual,18.9,1200,485000,2013
10664,Toyota,Innova,4,65434,Diesel,Manual,13.68,2400,1575000,2005
45,Maruti,Ignis,2,20000,Petrol,Manual,20.89,1200,530000,2017
1064,Hyundai,Grand,8,32000,Diesel,Manual,24.0,1100,365000,2013
14387,Tata,Hexa,4,30000,Diesel,Manual,17.6,2200,1330000,2017
12854,Jaguar,XF,6,34000,Diesel,Automatic,16.36,2200,2350000,2009
7670,Ford,Figo,5,35000,Petrol,Manual,18.16,1200,360000,2010
4742,Maruti,Wagon R,4,14000,Petrol,Manual,21.5,1200,445000,1999
2683,Renault,KWID,4,8560,Petrol,Automatic,24.04,1000,371000,2015
1714,Maruti,Swift Dzire,3,29000,Diesel,Automatic,28.4,1250,775000,2008
1635,Maruti,Swift,7,13100,Petrol,Manual,21.21,1200,460000,2005
10406,Mercedes-Benz,E-Class,4,41000,Diesel,Automatic,16.1,1950,4100000,1996
5362,Maruti,Swift Dzire,7,32115,Diesel,Manual,23.4,1250,582000,2008
1897,Hyundai,i20,2,5000,Petrol,Manual,18.6,1200,710000,2008
5866,Maruti,Alto,14,55000,Petrol,Manual,19.7,800,150000,2000
5971,Maruti,Alto,11,98499,Petrol,Manual,19.7,800,185000,2000
2299,Hyundai,i20,7,46500,Petrol,Manual,18.5,1200,425000,2008
1088,Maruti,Swift,6,30000,Petrol,Manual,20.4,1200,450000,2005
3203,Mercedes-Benz,E-Class,8,32000,Diesel,Automatic,10.0,2100,2100000,1996
3037,BMW,3,4,57000,Petrol,Automatic,15.34,2000,2550000,2007
14795,Hyundai,i20,2,16000,Petrol,Manual,18.6,1200,660000,2008
3266,Volkswagen,Vento,4,31700,Diesel,Automatic,22.15,1500,900000,2010
457,Maruti,Celerio,3,100000,Petrol,Automatic,23.1,1000,450000,2014
8436,Mahindra,Bolero,15,120000,Diesel,Manual,13.6,2500,255000,2000
5677,Mahindra,XUV500,7,79000,Diesel,Manual,15.1,2200,790000,2011
28,Hyundai,i20,3,25000,Petrol,Manual,17.19,1200,700000,2008
12983,Maruti,Alto,5,68000,Petrol,Manual,23.95,1000,325000,2000
2598,Maruti,Alto,7,40000,Petrol,Manual,22.74,800,166000,2000
3914,Maruti,Wagon R,7,40330,Petrol,Manual,20.51,1000,290000,1999
6376,Toyota,Fortuner,4,76000,Diesel,Manual,14.24,2800,2750000,2009
6388,Volkswagen,Polo,6,44070,Petrol,Automatic,17.2,1200,725000,2010
13516,Ford,Figo,9,60000,Diesel,Manual,20.0,1400,220000,2010
13229,Maruti,Ignis,3,50000,Petrol,Manual,20.89,1200,450000,2017
1089,Maruti,Vitara,4,79000,Diesel,Manual,24.3,1250,825000,2016
10339,Hyundai,i20,10,53000,Petrol,Manual,18.5,1200,270000,2008
11451,BMW,X3,8,36000,Diesel,Automatic,16.09,2000,2050000,2007
4469,Honda,City,13,90000,Petrol,Automatic,14.5,1500,365000,1998
1992,Hyundai,i20,8,7268,Petrol,Manual,18.5,1200,445000,2008
11110,Volkswagen,Polo,4,35000,Petrol,Manual,16.2,1200,425000,2010
13615,Mahindra,Marazzo,3,36000,Diesel,Manual,17.3,1500,1085000,2018
9261,Hyundai,i20,11,57000,Petrol,Manual,18.5,1200,225000,2008
4612,Hyundai,Grand,3,21585,Petrol,Automatic,18.9,1200,535000,2013
2065,Honda,City,14,85000,Petrol,Manual,17.7,1500,175000,1998
2786,Maruti,Alto,8,70000,Petrol,Manual,20.2,1000,230000,2000
9436,Toyota,Innova,8,50000,Diesel,Manual,12.99,2500,840000,2005
10395,Renault,Duster,9,68000,Diesel,Manual,19.87,1500,370000,2012
6650,Ford,Ecosport,7,81000,Diesel,Manual,22.7,1500,575000,2013
9669,Jeep,Compass,2,29000,Petrol,Manual,16.0,1400,1430000,2017
5429,Tata,Tigor,3,15000,Petrol,Manual,20.3,1200,600000,2017
8413,Honda,City,7,146781,Diesel,Manual,26.0,1500,575000,1998
5592,Tata,Tiago,2,5000,Petrol,Manual,23.84,1200,575000,2016
6206,Mercedes-Benz,E-Class,4,1198,Petrol,Automatic,12.0,2000,5743000,1996
13056,Maruti,Alto,6,49000,Petrol,Manual,22.74,800,235000,2000
4733,Maruti,Wagon R,6,62400,Petrol,Manual,18.9,1000,370000,1999
10590,Honda,City,2,20000,Petrol,Manual,17.4,1500,1075000,1998
12508,Hyundai,Venue,1,6000,Petrol,Automatic,18.15,1000,1230000,2019
11967,Volkswagen,Polo,9,91000,Diesel,Manual,22.07,1200,385000,2010
8094,Hyundai,i20,4,26000,Petrol,Manual,18.6,1200,540000,2008
3104,Hyundai,Grand,6,94870,Diesel,Manual,24.0,1100,485000,2013
7657,Skoda,Rapid,5,68200,Diesel,Automatic,21.66,1500,495000,2011
1391,Maruti,Wagon R,3,15000,Petrol,Automatic,20.51,1000,450000,1999
13098,Honda,Amaze,2,2200,Petrol,Automatic,18.1,1200,790000,2013
7199,BMW,3,9,50000,Diesel,Automatic,18.88,2000,1200000,2007
1895,Honda,Amaze,8,31497,Petrol,Manual,18.0,1200,393000,2013
3611,Toyota,Innova,5,72000,Diesel,Manual,13.68,2400,1765000,2005
13528,Maruti,Celerio,4,48300,Petrol,Automatic,23.1,1000,420000,2014
13646,Maruti,Ertiga,6,77100,Petrol,Manual,16.02,1400,550000,2012
2675,Mahindra,Bolero,6,62248,Diesel,Manual,13.6,2500,650000,2000
3664,Maruti,Ciaz,3,35000,Petrol,Manual,20.73,1400,800000,2014
6468,Honda,City,5,25000,Petrol,Automatic,18.0,1500,790000,1998
9188,Honda,Amaze,6,36000,Petrol,Manual,18.0,1200,395000,2013
4113,Mahindra,XUV500,6,55424,Diesel,Manual,16.0,2200,850000,2011
13424,Mahindra,KUV,4,35000,Petrol,Manual,18.15,1200,350000,2016
12963,Maruti,Alto,6,32900,Petrol,Manual,23.95,1000,350000,2000
12644,Hyundai,i20,4,18000,Petrol,Manual,18.6,1200,725000,2008
5700,Hyundai,Verna,2,15000,Petrol,Manual,17.0,1600,1030000,2006
11169,Hyundai,i20,6,70000,Diesel,Manual,22.54,1400,590000,2008
2430,Toyota,Fortuner,6,11500,Diesel,Manual,13.0,3000,1951000,2009
8609,Maruti,Swift,1,1500,Diesel,Manual,28.4,1250,685000,2005
15080,Maruti,Swift,7,130000,Diesel,Manual,25.2,1250,500000,2005
8225,Maruti,Swift,8,63589,Diesel,Manual,28.4,1250,425000,2005
7052,Hyundai,i10,9,60000,Petrol,Manual,20.36,1200,300000,2007
1425,Datsun,RediGO,4,15000,Petrol,Manual,22.5,1000,300000,2016
9058,BMW,3,4,33000,Diesel,Automatic,19.59,2000,3450000,2007
974,Maruti,Ciaz,6,75000,Diesel,Manual,28.09,1250,625000,2014
9738,Mahindra,XUV500,4,34000,Diesel,Automatic,16.0,2000,1175000,2011
11526,Jaguar,XF,9,30000,Diesel,Automatic,14.74,3000,1550000,2009
13243,Hyundai,Creta,6,52000,Diesel,Manual,21.38,1400,925000,2015
8246,Maruti,Alto,7,50000,Petrol,Manual,22.74,800,240000,2000
13789,Hyundai,Grand,7,70000,Petrol,Automatic,18.9,1200,430000,2013
4528,Maruti,Alto,8,50418,Petrol,Manual,22.74,800,280000,2000
7718,Honda,City,5,47129,Diesel,Manual,26.0,1500,600000,1998
11532,Maruti,Ciaz,6,102000,Petrol,Manual,20.73,1400,551000,2014
6707,Maruti,Alto,6,50000,Petrol,Manual,22.74,800,270000,2000
7342,Mercedes-Benz,E-Class,4,52000,Diesel,Automatic,13.0,2100,2950000,1996
5354,Hyundai,Verna,7,72000,Diesel,Automatic,19.08,1600,725000,2006
5559,Hyundai,i10,5,34355,Petrol,Manual,20.36,1200,455000,2007
6669,Honda,City,7,57000,Diesel,Manual,26.0,1500,675000,1998
14501,Maruti,Swift,5,58000,Petrol,Manual,20.4,1200,490000,2005
8190,Mahindra,Bolero,2,20000,Diesel,Manual,16.5,1500,750000,2000
8140,Maruti,Swift,7,85392,Diesel,Manual,28.4,1250,450000,2005
15225,Ford,Aspire,5,91245,Diesel,Manual,25.83,1500,340000,2015
2509,Maruti,Baleno,2,20000,Diesel,Manual,27.39,1250,665000,2015
8627,Mahindra,Scorpio,4,59800,Diesel,Manual,15.4,2000,850000,2002
13718,Maruti,Wagon R,13,80000,Petrol,Manual,18.9,1000,120000,1999
8293,Hyundai,i10,9,70000,Petrol,Manual,19.81,1100,290000,2007
8784,Honda,City,2,15000,Diesel,Manual,25.6,1500,1050000,1998
9112,Hyundai,i20,1,20000,Petrol,Manual,20.35,1200,640000,2008
6778,Hyundai,Verna,9,46500,Diesel,Manual,22.32,1600,650000,2006
3280,Maruti,Ciaz,6,64000,Diesel,Manual,28.09,1250,695000,2014
11207,Maruti,Alto,6,45000,Petrol,Manual,23.95,1000,320000,2000
1231,Honda,Amaze,5,54000,Petrol,Manual,18.0,1200,510000,2013
15090,Maruti,Wagon R,8,76221,"Others (CNG,LPG)",Manual,26.2,1000,315000,1999
12475,Volkswagen,Polo,5,72168,Diesel,Manual,20.14,1500,695000,2010
1786,Hyundai,Grand,3,31025,Petrol,Automatic,18.9,1200,596000,2013
573,Maruti,Swift Dzire,9,74600,Diesel,Manual,19.3,1250,410000,2008
3925,Maruti,Swift Dzire,8,91000,Diesel,Manual,23.4,1250,580000,2008
6387,Hyundai,Verna,9,67630,Diesel,Automatic,19.08,1600,675000,2006
622,Toyota,Fortuner,7,50000,Diesel,Manual,13.0,3000,2000000,2009
11345,Maruti,Ciaz,3,42000,Petrol,Manual,20.65,1500,860000,2014
5245,Ford,Ecosport,6,64000,Petrol,Manual,15.8,1500,470000,2013
4477,Toyota,Innova,4,86032,Diesel,Manual,13.68,2400,1850000,2005
12172,Hyundai,Grand,4,60000,Petrol,Manual,18.9,1200,380000,2013
3623,Hyundai,Grand,4,15000,Petrol,Automatic,18.9,1200,550000,2013
5870,Honda,Amaze,5,136900,Diesel,Manual,25.8,1500,460000,2013
5453,Ford,Figo,8,70000,Diesel,Manual,20.0,1400,320000,2010
8381,Maruti,Swift Dzire,4,110000,Diesel,Manual,28.4,1250,670000,2008
14949,Ford,Ecosport,7,61000,Petrol,Manual,15.8,1500,530000,2013
6517,Hyundai,Verna,4,48000,Petrol,Manual,17.01,1600,850000,2006
11521,Toyota,Camry,5,80000,Petrol,Automatic,19.16,2500,1995000,2002
15382,Skoda,Rapid,6,22000,Petrol,Automatic,14.3,1600,585000,2011
8649,Honda,Amaze,6,42380,Diesel,Manual,25.8,1500,359000,2013
11023,Maruti,Baleno,3,21000,Petrol,Manual,21.4,1200,675000,2015
9737,Maruti,Baleno,5,43000,Petrol,Manual,21.01,1200,650000,2015
5262,Mahindra,Bolero,14,90000,Diesel,Manual,13.6,2500,230000,2000
4491,Toyota,Innova,5,134000,Diesel,Manual,12.99,2500,1050000,2005
9656,Hyundai,i10,9,73500,Petrol,Manual,19.81,1100,235000,2007
4044,Hyundai,i20,5,88098,Diesel,Manual,21.9,1400,660000,2008
3099,Maruti,Swift Dzire,2,20000,Diesel,Manual,26.59,1250,816000,2008
5174,Maruti,Swift,4,56145,Diesel,Manual,28.4,1250,659000,2005
14302,Maruti,Alto,5,28000,Petrol,Manual,23.95,1000,360000,2000
12185,Tata,Hexa,3,47000,Diesel,Automatic,17.6,2200,1200000,2017
6578,Maruti,Ignis,4,30000,Petrol,Manual,20.89,1200,550000,2017
7526,Maruti,Wagon R,8,75000,Petrol,Manual,20.51,1000,300000,1999
11080,Mahindra,Scorpio,4,60000,Diesel,Manual,15.4,2000,1000000,2002
2771,Maruti,Baleno,5,100000,Diesel,Manual,27.39,1250,650000,2015
13722,Hyundai,Creta,3,25000,Diesel,Manual,21.38,1400,1100000,2015
587,Maruti,Eeco,9,20000,"Others (CNG,LPG)",Manual,15.1,1200,220000,2010
1560,Hyundai,Elantra,4,21000,Petrol,Manual,14.59,2000,970000,2004
1013,Hyundai,i10,5,47000,Petrol,Manual,20.36,1200,365000,2007
7345,Ford,Ecosport,3,5972,Diesel,Manual,21.7,1500,975000,2013
2046,Mahindra,Scorpio,7,60000,Diesel,Manual,15.4,2200,851000,2002
10529,Renault,Duster,7,55582,Diesel,Manual,20.45,1500,450000,2012
10806,Maruti,Swift,7,72000,Diesel,Manual,28.4,1250,385000,2005
13279,Hyundai,Grand,3,18000,Diesel,Manual,24.0,1100,685000,2013
1290,Toyota,Innova,5,35512,Diesel,Automatic,11.36,2800,1500000,2005
6658,Hyundai,Creta,5,35000,Petrol,Manual,15.29,1600,850000,2015
6996,Ford,Ecosport,4,11448,Petrol,Manual,17.0,1500,700000,2013
2184,BMW,3,10,51000,Diesel,Automatic,16.07,2000,850000,2007
10131,Maruti,Ertiga,5,52000,Petrol,Manual,16.02,1400,615000,2012
11913,Maruti,Swift Dzire,7,93000,Diesel,Manual,23.4,1250,520000,2008
12032,Maruti,Swift,5,70000,Petrol,Manual,22.0,1200,525000,2005
11870,Maruti,Wagon R,7,30000,Petrol,Manual,20.51,1000,321000,1999
14037,Hyundai,Verna,3,20000,Petrol,Manual,17.0,1600,1150000,2006
9803,Hyundai,Grand,3,15800,Petrol,Automatic,18.9,1200,479000,2013
11666,Hyundai,Verna,8,120000,Petrol,Manual,17.43,1400,390000,2006
12650,Hyundai,i20,5,20000,Petrol,Manual,17.0,1200,615000,2008
15161,Honda,Amaze,8,35000,Petrol,Manual,18.0,1200,525000,2013
13833,Maruti,Swift,5,40000,Diesel,Manual,25.2,1250,630000,2005
2053,Honda,Amaze,8,29500,Diesel,Manual,25.8,1500,450000,2013
7478,Mahindra,Bolero,3,33500,Diesel,Manual,15.96,2500,695000,2000
2779,Honda,City,5,13321,Petrol,Manual,17.8,1500,750000,1998
5572,Hyundai,i20,2,30000,Petrol,Manual,17.19,1200,590000,2008
3936,Honda,City,8,38000,Petrol,Manual,17.8,1500,575000,1998
14015,Hyundai,i20,4,54000,Diesel,Manual,22.54,1400,600000,2008
11895,Volkswagen,Polo,5,32967,Petrol,Manual,16.2,1200,675000,2010
2905,Maruti,Wagon R,15,64659,Petrol,Manual,17.3,1100,110000,1999
2288,Renault,KWID,3,15300,Petrol,Manual,23.01,1000,411000,2015
12586,Mahindra,Scorpio,11,58200,Diesel,Manual,12.05,2200,465000,2002
9128,Ford,Ecosport,4,35000,Petrol,Automatic,14.8,1500,850000,2013
927,Hyundai,i20,8,35858,Petrol,Manual,18.5,1200,350000,2008
7243,Hyundai,i20,3,25000,Petrol,Manual,17.19,1200,600000,2008
9102,BMW,5,4,44000,Diesel,Automatic,22.48,2000,4200000,2007
2399,Maruti,Ertiga,6,57748,"Others (CNG,LPG)",Manual,17.5,1400,675000,2012
12110,Mercedes-Benz,C-Class,9,48900,Diesel,Automatic,14.84,2100,1395000,2001
2232,Skoda,Octavia,4,40000,Petrol,Automatic,15.1,1800,1500000,2001
6193,Tata,Nexon,3,19026,Diesel,Manual,21.5,1500,1000000,2017
2320,Honda,City,7,66852,Diesel,Manual,25.1,1500,625000,1998
8745,Hyundai,Grand,5,36000,Petrol,Manual,18.9,1200,379000,2013
13507,Toyota,Innova,7,50000,Diesel,Manual,12.8,2500,950000,2005
163,Maruti,Wagon R,10,58000,Petrol,Manual,18.9,1000,250000,1999
14456,Mercedes-Benz,C-Class,15,100000,Diesel,Manual,15.8,2150,675000,2001
12124,Maruti,Ciaz,4,26000,Petrol,Manual,20.73,1400,775000,2014
13107,Maruti,Celerio,3,21000,Petrol,Automatic,23.1,1000,510000,2014
9439,Ford,Figo,10,50000,Petrol,Manual,15.6,1200,199000,2010
9419,Honda,City,5,40000,Petrol,Manual,17.8,1500,690000,1998
6549,Maruti,Swift,6,50000,Petrol,Manual,20.4,1200,420000,2005
7073,Honda,Amaze,2,2000,Petrol,Manual,19.5,1200,650000,2013
27,Honda,City,14,77253,Petrol,Manual,17.7,1500,145000,1998
12208,Honda,Amaze,3,10000,Petrol,Automatic,19.0,1200,755000,2013
8068,Hyundai,Verna,9,70000,Petrol,Manual,17.01,1600,380000,2006
3282,Maruti,Swift,15,82000,Petrol,Manual,16.1,1300,205000,2005
9476,Hyundai,i20,9,55000,Petrol,Manual,17.0,1200,324000,2008
6353,Hyundai,Creta,6,63000,Petrol,Manual,15.8,1600,965000,2015
9732,Maruti,Swift Dzire,4,37001,Petrol,Manual,21.21,1200,599000,2008
1005,Tata,Safari,7,56000,Petrol,Manual,12.0,2100,675000,1998
4176,Maruti,Alto,6,35236,Petrol,Manual,22.74,800,300000,2000
685,Maruti,Vitara,4,36000,Diesel,Manual,24.3,1250,710000,2016
64,Honda,Amaze,7,50000,Petrol,Manual,18.0,1200,400000,2013
4771,Honda,Amaze,7,36001,Diesel,Manual,25.8,1500,485000,2013
12832,Maruti,Swift,8,225000,Diesel,Manual,22.9,1250,450000,2005
4135,Maruti,Ciaz,4,60000,Diesel,Manual,28.09,1250,600000,2014
5158,Maruti,Celerio,3,40000,Petrol,Automatic,23.1,1000,350000,2014
2467,Maruti,Wagon R,3,15000,Petrol,Manual,20.51,1000,480000,1999
15207,Maruti,Alto,12,90000,Petrol,Manual,19.7,800,110000,2000
3164,Ford,Ecosport,6,75911,Diesel,Manual,22.7,1500,690000,2013
7642,Mahindra,Bolero,6,69666,Diesel,Manual,16.5,1500,625000,2000
7270,Maruti,Ciaz,2,30000,Petrol,Automatic,20.28,1500,960000,2014
304,Maruti,Swift,4,5743,Petrol,Manual,20.4,1200,500000,2005
3118,Maruti,Swift Dzire,3,15210,Petrol,Automatic,21.21,1200,785000,2008
10300,Maruti,Swift Dzire,4,89000,Petrol,Manual,20.85,1200,510000,2008
13305,Maruti,Eeco,10,100000,Petrol,Manual,15.37,1200,150000,2010
3,Maruti,Alto,9,37000,Petrol,Manual,20.92,1000,226000,2000
5742,Hyundai,Santro,2,5000,Petrol,Automatic,20.3,1100,530000,1998
14623,Hyundai,Verna,6,28789,Petrol,Manual,17.01,1600,625000,2006
1208,Hyundai,Grand,4,22000,Petrol,Manual,18.9,1200,490000,2013
6027,Honda,WR-V,3,29307,Diesel,Manual,25.5,1500,875000,2017
6614,Maruti,Swift,8,85000,Diesel,Manual,22.9,1250,465000,2005
123,Maruti,Wagon R,2,50000,Petrol,Manual,21.79,1000,411000,1999
9274,Honda,City,6,54000,Petrol,Manual,17.8,1500,610000,1998
7846,Maruti,Swift,7,73000,Diesel,Manual,28.4,1250,425000,2005
1040,Mahindra,Bolero,11,120000,Diesel,Manual,13.6,2500,255000,2000
5476,Maruti,Alto,4,50000,"Others (CNG,LPG)",Manual,32.26,1000,315000,2000
6374,Maruti,Alto,3,14709,Petrol,Manual,24.7,800,380000,2000
109,Datsun,GO,6,35000,Petrol,Manual,19.44,1200,350000,2014
8964,Hyundai,i20,12,71000,Petrol,Manual,20.35,1200,235000,2008
1770,Mahindra,XUV500,6,135884,Diesel,Manual,16.0,2200,950000,2011
385,Maruti,Swift,7,54000,Petrol,Manual,22.0,1200,365000,2005
10906,Honda,City,6,69000,Diesel,Manual,24.1,1500,601000,1998
6993,Hyundai,i20,5,50000,Diesel,Manual,21.19,1400,550000,2008
5119,Maruti,Baleno,2,5800,Petrol,Manual,21.01,1200,685000,2015
12657,Toyota,Fortuner,4,66000,Diesel,Manual,14.24,2800,2500000,2009
12726,Maruti,Swift Dzire,10,90000,Diesel,Manual,19.3,1250,250000,2008
12077,Datsun,RediGO,5,38400,Petrol,Manual,22.7,800,295000,2016
7874,Maruti,Swift Dzire,7,100000,Diesel,Manual,23.4,1250,400000,2008
4796,Mahindra,Marazzo,3,45906,Diesel,Manual,17.3,1500,1200000,2018
14918,Maruti,Vitara,3,28900,Diesel,Automatic,24.3,1250,895000,2016
2633,Jeep,Compass,3,25000,Petrol,Automatic,16.0,1400,1700000,2017
13204,Maruti,Swift,4,5000,Petrol,Manual,20.4,1200,570000,2005
1691,Maruti,Swift Dzire,3,53000,Diesel,Manual,19.3,1250,753000,2008
10581,Hyundai,Grand,7,48000,Petrol,Automatic,18.9,1200,345000,2013
3425,Skoda,Octavia,4,67001,Diesel,Automatic,19.5,2000,1650000,2001
9672,Honda,Amaze,1,3000,Petrol,Manual,19.5,1200,715000,2013
6858,Maruti,Swift,5,40000,Petrol,Manual,20.4,1200,350000,2005
5254,Toyota,Innova,5,92571,Diesel,Manual,13.68,2400,1675000,2005
6558,Ford,Figo,10,110000,Diesel,Manual,20.0,1400,220000,2010
4988,Toyota,Fortuner,4,30000,Diesel,Automatic,15.04,2800,3300000,2009
13366,Maruti,Ciaz,5,63000,Diesel,Manual,28.09,1250,630000,2014
13796,Maruti,Alto,6,49000,Petrol,Manual,22.74,800,270000,2000
11856,Maruti,Ertiga,4,45253,"Others (CNG,LPG)",Manual,26.8,1500,775000,2012
11588,Volkswagen,Vento,6,61000,Petrol,Manual,15.04,1600,530000,2010
11,Renault,Duster,5,50000,Diesel,Manual,19.64,1500,750000,2012
393,Hyundai,Grand,1,10000,Petrol,Automatic,20.7,1200,600000,2013
8497,Hyundai,i20,7,70000,Petrol,Automatic,15.0,1400,375000,2008
8465,Ford,Ecosport,3,57000,Diesel,Manual,23.0,1500,950000,2013
13240,Maruti,Swift Dzire,5,70000,Diesel,Automatic,26.59,1250,675000,2008
9534,Hyundai,Creta,5,40000,Diesel,Manual,21.38,1400,775000,2015
8350,Maruti,Wagon R,14,60000,Petrol,Manual,17.3,1100,120000,1999
10260,Skoda,Rapid,4,35000,Petrol,Automatic,14.84,1600,795000,2011
10331,Hyundai,Grand,5,45000,Petrol,Manual,18.9,1200,450000,2013
3929,Maruti,Wagon R,14,78000,Petrol,Manual,18.9,1000,160000,1999
12191,Audi,A6,7,76000,Diesel,Automatic,17.68,2000,2150000,2005
11382,BMW,X5,3,45000,Diesel,Automatic,15.97,3000,4485000,2007
13341,Renault,KWID,4,25000,Petrol,Manual,23.01,1000,310000,2015
310,Mahindra,XUV500,6,100000,Diesel,Manual,15.1,2200,650000,2011
7416,Hyundai,i10,8,52000,Petrol,Manual,20.36,1200,235000,2007
5034,Renault,Duster,8,80000,Diesel,Manual,19.01,1500,550000,2012
11094,Hyundai,Verna,10,40000,Petrol,Manual,16.2,1600,350000,2006
14792,Honda,Jazz,9,57000,Petrol,Manual,16.7,1200,325000,2009
10284,Hyundai,Venue,2,26000,Petrol,Automatic,18.15,1000,1000000,2019
2297,Renault,KWID,4,11000,Petrol,Automatic,24.04,1000,400000,2015
3417,Audi,A6,7,52000,Diesel,Automatic,17.68,2000,1900000,2005
7796,Hyundai,i20,5,20000,Diesel,Manual,22.54,1400,650000,2008
7700,Maruti,Wagon R,7,41423,Petrol,Manual,21.79,1000,295000,1999
9810,BMW,3,5,41000,Diesel,Automatic,21.76,2000,2525000,2007
4184,Hyundai,i10,12,80000,Petrol,Manual,20.36,1200,145000,2007
13569,Maruti,Swift,4,30000,Petrol,Manual,20.4,1200,435000,2005
1095,Datsun,GO,3,21500,Petrol,Manual,20.63,1200,430000,2014
8674,Maruti,Wagon R,12,50000,Petrol,Manual,18.9,1100,200000,1999
7465,Maruti,Swift Dzire,6,52000,Diesel,Manual,26.59,1250,449000,2008
15042,Toyota,Innova,3,38000,Diesel,Manual,13.68,2400,1991000,2005
10615,Toyota,Fortuner,4,34000,Diesel,Automatic,12.9,2800,2800000,2009
1776,Tata,Tiago,3,14902,Petrol,Manual,23.84,1200,310000,2016
3885,Toyota,Innova,6,78000,Diesel,Manual,12.99,2500,1030000,2005
5378,Maruti,Wagon R,11,45000,Petrol,Manual,18.9,1000,290000,1999
982,Toyota,Innova,8,215000,Diesel,Manual,12.99,2500,1000000,2005
11472,Honda,City,10,62000,Petrol,Manual,17.0,1500,360000,1998
9792,Hyundai,i10,11,60000,Petrol,Manual,20.36,1200,165000,2007
1490,Hyundai,Santro,8,39000,Petrol,Manual,17.92,1100,230000,1998
10952,Toyota,Fortuner,7,46000,Diesel,Automatic,12.55,3000,1625000,2009
4115,Ford,Figo,5,50000,Diesel,Manual,25.83,1500,525000,2010
4684,Honda,Amaze,2,8345,Petrol,Automatic,19.0,1200,750000,2013
4206,Skoda,Rapid,5,31800,Petrol,Automatic,14.84,1600,685000,2011
11114,Mahindra,XUV500,4,74000,Diesel,Manual,16.0,2200,1300000,2011
8371,Maruti,Swift Dzire,7,50340,Petrol,Manual,19.1,1200,540000,2008
14989,Hyundai,i20,6,52000,Diesel,Manual,21.19,1400,600000,2008
9976,Mercedes-Benz,S-Class,11,52000,Petrol,Automatic,10.13,3500,1750000,1994
13680,BMW,5,2,10500,Diesel,Automatic,22.48,2000,5000000,2007
2378,Hyundai,Santro,2,19000,Petrol,Automatic,20.3,1100,575000,1998
5437,Mahindra,XUV500,7,80594,Diesel,Manual,15.1,2200,725000,2011
14695,BMW,5,4,32000,Diesel,Automatic,22.48,2000,3150000,2007
2029,Maruti,Wagon R,12,70000,Petrol,Manual,18.9,1100,150000,1999
13230,Hyundai,Santro,8,76945,Petrol,Manual,17.92,1100,350000,1998
10439,Maruti,Alto,1,2200,Petrol,Manual,24.7,800,360000,2000
1191,Tata,Tiago,4,59000,Diesel,Manual,27.28,1050,375000,2016
3409,Hyundai,Grand,7,38000,Petrol,Manual,18.9,1200,430000,2013
8699,Honda,City,6,34277,Petrol,Manual,17.8,1500,575000,1998
13499,Audi,A4,10,100000,Diesel,Automatic,17.11,2000,780000,2008
9162,Hyundai,Grand,7,54000,Diesel,Manual,24.0,1200,345000,2013
4462,Hyundai,i20,10,100000,Diesel,Manual,23.0,1400,320000,2008
7562,Maruti,Wagon R,3,15000,Petrol,Manual,20.51,1000,418000,1999
4602,Honda,Jazz,2,10597,Petrol,Manual,18.7,1200,815000,2009
3216,Honda,Amaze,2,2277,Petrol,Automatic,15.5,1200,800000,2013
9968,Maruti,Vitara,3,20000,Diesel,Manual,24.3,1250,780000,2016
2105,Volkswagen,Vento,6,48000,Diesel,Manual,20.64,1500,699000,2010
10756,Honda,Amaze,2,14000,Petrol,Automatic,19.0,1200,760000,2013
10864,Ford,Figo,10,120000,Diesel,Manual,20.0,1400,150000,2010
9849,Honda,CR-V,6,80000,Petrol,Automatic,13.7,2000,1375000,2003
10057,Maruti,Celerio,3,47064,Petrol,Automatic,23.1,1000,525000,2014
2730,Hyundai,Grand,5,40000,Petrol,Manual,18.9,1200,510000,2013
386,Maruti,Swift Dzire,7,11275,Petrol,Manual,19.1,1200,470000,2008
4703,Hyundai,i20,2,6258,Petrol,Automatic,17.4,1200,775000,2008
14209,Honda,City,3,29000,Petrol,Manual,17.4,1500,849000,1998
59,Hyundai,Grand,6,75000,Diesel,Manual,24.0,1100,350000,2013
10559,Volkswagen,Polo,8,38000,Petrol,Manual,16.47,1200,376000,2010
2116,Honda,City,8,61000,"Others (CNG,LPG)",Manual,16.8,1500,495000,1998
13385,Hyundai,Grand,4,55000,Petrol,Manual,18.9,1200,415000,2013
14988,Ford,Ecosport,6,57000,Diesel,Manual,22.7,1500,735000,2013
744,Mercedes-Benz,C-Class,8,35400,Diesel,Automatic,14.84,2100,1385000,2001
9144,Honda,Civic,13,73235,Petrol,Manual,13.5,1800,260000,2006
4132,Tata,Safari,14,74555,Diesel,Manual,11.57,2200,105000,1998
9741,Mahindra,XUV500,8,47000,Diesel,Manual,16.0,2200,650000,2011
8069,Toyota,Fortuner,7,77000,Diesel,Manual,12.55,3000,1500000,2009
8343,Maruti,Alto,6,20000,Petrol,Manual,22.74,800,230000,2000
13565,Maruti,Alto,7,10000,Petrol,Manual,22.74,800,320000,2000
5234,BMW,3,13,94603,Petrol,Automatic,10.9,2500,650000,2007
8295,Honda,City,10,84470,Petrol,Manual,16.8,1500,425000,1998
9001,Ford,Aspire,6,30000,Petrol,Manual,18.16,1200,450000,2015
10006,Toyota,Innova,9,67000,Diesel,Manual,12.99,2500,550000,2005
12164,Honda,WR-V,4,15000,Petrol,Manual,17.5,1200,650000,2017
4125,Ford,Figo,5,25780,Petrol,Manual,18.16,1200,525000,2010
12279,Hyundai,Grand,5,19000,Petrol,Manual,18.9,1200,535000,2013
1030,Hyundai,Grand,5,46000,Petrol,Manual,18.9,1200,455000,2013
6147,Maruti,Swift Dzire,4,56352,Diesel,Automatic,28.4,1250,750000,2008
3217,Honda,City,18,40000,Petrol,Manual,13.0,1500,115000,1998
8871,Renault,Duster,7,50000,Diesel,Manual,20.45,1500,495000,2012
9648,Hyundai,Verna,3,43000,Petrol,Manual,17.0,1600,940000,2006
4673,Maruti,Vitara,5,110000,Diesel,Manual,24.3,1250,800000,2016
681,Maruti,Celerio,3,24000,Petrol,Manual,21.63,1000,495000,2014
3067,Maruti,Ertiga,8,39000,Diesel,Manual,20.77,1250,640000,2012
12826,Datsun,RediGO,4,15000,Petrol,Manual,22.7,800,250000,2016
10865,Maruti,Swift Dzire,4,48000,Petrol,Manual,19.0,1200,475000,2008
13012,Hyundai,i20,4,110000,Diesel,Manual,22.54,1400,800000,2008
6935,Maruti,Wagon R,12,48192,Petrol,Manual,18.9,1100,200000,1999
2410,Hyundai,Elantra,6,49910,Petrol,Automatic,14.5,1800,829000,2004
3025,Maruti,Ertiga,8,197000,Diesel,Manual,20.77,1250,660000,2012
5145,Maruti,Alto,11,39290,Petrol,Manual,23.95,1000,240000,2000
2163,Skoda,Octavia,4,50000,Petrol,Automatic,14.7,1800,1600000,2001
2362,Tata,Tiago,3,9000,Petrol,Automatic,23.84,1200,550000,2016
6148,Honda,Amaze,2,12000,Petrol,Manual,19.5,1200,670000,2013
1447,Honda,WR-V,2,26000,Petrol,Manual,17.5,1200,850000,2017
12026,BMW,5,6,52000,Diesel,Automatic,18.12,2000,1850000,2007
12195,Toyota,Fortuner,6,110000,Diesel,Automatic,12.55,3000,2200000,2009
11512,Maruti,Alto,6,56660,Petrol,Manual,23.95,1000,250000,2000
636,Hyundai,i20,5,30000,Diesel,Manual,22.54,1400,820000,2008
11049,Ford,Ecosport,2,19925,Diesel,Manual,23.0,1500,949000,2013
2383,BMW,3,8,22000,Diesel,Automatic,13.2,2000,1800000,2007
7069,Hyundai,Verna,10,46541,Petrol,Manual,17.43,1400,169000,2006
984,Maruti,Baleno,4,23200,Petrol,Manual,21.4,1200,610000,2015
536,Datsun,RediGO,3,20000,Petrol,Manual,22.7,800,210000,2016
14778,Maruti,Wagon R,3,40000,Petrol,Manual,20.51,1000,430000,1999
8264,Honda,Jazz,4,25428,Petrol,Manual,18.7,1200,520000,2009
12611,Jaguar,XF,7,43000,Diesel,Automatic,16.36,2200,2075000,2009
12340,Maruti,Wagon R,7,60000,"Others (CNG,LPG)",Manual,14.6,1000,350000,1999
9579,Skoda,Superb,11,42000,Petrol,Manual,13.1,1800,400000,2004
7856,Mahindra,Bolero,13,500000,Diesel,Manual,13.6,2500,200000,2000
14476,Maruti,Celerio,5,39500,Diesel,Manual,27.62,800,430000,2014
3683,Maruti,Swift,6,50000,Petrol,Manual,20.4,1200,425000,2005
6832,Mahindra,Bolero,4,80000,Diesel,Manual,16.5,1500,750000,2000
7170,Honda,City,6,35000,Petrol,Manual,17.4,1500,600000,1998
3050,Maruti,Ciaz,4,13000,Diesel,Manual,28.09,1250,885000,2014
5556,Honda,Amaze,4,20350,Petrol,Manual,17.8,1200,650000,2013
13907,Hyundai,i20,5,60000,Petrol,Manual,17.19,1200,700000,2008
9787,Maruti,Vitara,5,58000,Diesel,Manual,24.3,1250,690000,2016
1688,Hyundai,i20,5,37962,Diesel,Manual,21.19,1400,715000,2008
5655,Volkswagen,Polo,6,91000,Diesel,Manual,21.49,1500,565000,2010
10954,Mahindra,XUV500,6,97000,Diesel,Manual,15.1,2200,850000,2011
174,Maruti,Celerio,7,35000,Petrol,Manual,23.1,1000,320000,2014
7598,Tata,Nexon,3,50000,Petrol,Manual,17.0,1200,750000,2017
12303,Hyundai,Grand,6,30000,Petrol,Manual,18.9,1200,450000,2013
11583,Maruti,Ertiga,7,60000,Petrol,Manual,16.02,1400,650000,2012
2565,Maruti,Alto,15,15000,Petrol,Manual,19.7,800,120000,2000
14425,Maruti,Eeco,6,49000,"Others (CNG,LPG)",Manual,15.1,1200,375000,2010
12106,Maruti,Ertiga,6,40000,Petrol,Manual,19.34,1500,675000,2012
1911,Honda,City,4,44897,Petrol,Automatic,18.0,1500,850000,1998
7039,Hyundai,Creta,4,58000,Petrol,Manual,13.0,1600,1175000,2015
7797,Maruti,Alto,3,20000,Petrol,Manual,23.95,1000,340000,2000
13199,Ford,Figo,10,35000,Diesel,Manual,20.0,1400,300000,2010
6682,Mercedes-Benz,E-Class,5,36500,Diesel,Automatic,13.0,2100,2790000,1996
12394,Skoda,Rapid,6,65785,Diesel,Manual,21.14,1500,625000,2011
1665,Skoda,Superb,10,54000,Petrol,Manual,13.14,1800,479000,2004
15079,Maruti,Baleno,4,18263,Petrol,Manual,21.4,1200,567000,2015
3999,Maruti,Ciaz,6,30000,Petrol,Manual,20.73,1400,750000,2014
3766,Maruti,Celerio,7,56000,"Others (CNG,LPG)",Manual,31.79,1000,340000,2014
12763,Hyundai,Grand,4,19744,Diesel,Manual,24.0,1200,540000,2013
1011,Maruti,Wagon R,8,58000,Petrol,Manual,18.9,1000,248000,1999
11918,Ford,Figo,5,61304,Petrol,Manual,18.16,1200,340000,2010
6749,Honda,Jazz,5,42000,Petrol,Automatic,17.1,1200,660000,2009
3432,Maruti,Swift,2,14500,Petrol,Automatic,22.0,1200,720000,2005
4983,Maruti,Swift Dzire,8,82000,Diesel,Manual,19.3,1250,489000,2008
11244,Mercedes-Benz,E-Class,8,80000,Diesel,Automatic,14.21,2100,1700000,1996
8217,Tata,Safari,10,140000,Diesel,Manual,13.93,2200,215000,1998
15068,Hyundai,i10,9,32000,Petrol,Manual,20.36,1200,275000,2007
10556,Hyundai,Santro,11,50503,Petrol,Manual,17.92,1100,190000,1998
4548,Ford,Figo,11,93000,Diesel,Manual,20.0,1400,265000,2010
14070,Maruti,Swift,7,60000,Diesel,Manual,25.2,1250,365000,2005
15374,Ford,Ecosport,6,70000,Diesel,Manual,22.77,1500,740000,2013
1051,Maruti,Baleno,6,63000,Diesel,Manual,27.39,1250,510000,2015
5294,Maruti,Swift,7,35465,Diesel,Manual,25.2,1250,435000,2005
5988,Maruti,Swift Dzire,4,115000,Diesel,Manual,28.4,1250,600000,2008
14543,Hyundai,i20,8,33000,Diesel,Manual,21.9,1400,425000,2008
5900,Hyundai,i10,7,70000,Petrol,Manual,20.36,1200,220000,2007
14371,Tata,Hexa,3,20000,Diesel,Manual,17.6,2200,1200000,2017
3139,Renault,KWID,5,40000,Petrol,Manual,25.17,800,220000,2015
11682,Maruti,Vitara,4,35000,Diesel,Manual,24.3,1250,950000,2016
6633,Hyundai,i10,6,60000,Petrol,Manual,19.81,1100,250000,2007
4494,Maruti,Baleno,2,8700,Petrol,Automatic,21.4,1200,750000,2015
11493,BMW,7,7,65000,Diesel,Automatic,16.46,3000,2590000,2002
2521,Toyota,Innova,13,190000,Diesel,Manual,12.8,2500,400000,2005
2359,Honda,City,8,61000,Petrol,Manual,17.0,1500,425000,1998
11822,Maruti,Swift,5,43000,Petrol,Manual,22.0,1200,589000,2005
13425,Maruti,Swift Dzire,2,10000,Petrol,Automatic,22.0,1200,660000,2008
14183,Maruti,Ertiga,6,68532,"Others (CNG,LPG)",Manual,22.8,1400,625000,2012
14605,Maruti,Swift Dzire,9,170000,Diesel,Manual,19.3,1250,450000,2008
11724,Hyundai,Grand,3,15000,Petrol,Manual,18.9,1200,500000,2013
8321,Maruti,Swift Dzire,6,70000,Diesel,Manual,26.59,1250,580000,2008
14188,Maruti,Alto,15,70000,Petrol,Manual,19.7,800,100000,2000
14553,Honda,City,5,62000,Diesel,Manual,26.0,1500,615000,1998
13083,Maruti,Alto,8,80000,Petrol,Manual,22.74,800,250000,2000
12420,Maruti,Ertiga,8,30000,Petrol,Manual,16.02,1400,580000,2012
8752,Tata,Safari,3,30000,Diesel,Manual,14.1,2200,1100000,1998
1573,Skoda,Superb,7,51000,Diesel,Automatic,17.2,2000,850000,2004
6421,Volkswagen,Polo,4,41000,Diesel,Manual,20.14,1500,630000,2010
1187,Hyundai,Santro,9,170000,"Others (CNG,LPG)",Manual,11.88,1100,175000,1998
4530,Ford,Figo,5,21200,Diesel,Manual,25.83,1500,500000,2010
4433,Renault,KWID,3,39000,Petrol,Manual,25.17,800,325000,2015
14106,Skoda,Octavia,6,61348,Diesel,Automatic,19.3,2000,1000000,2001
9192,Toyota,Innova,7,52000,Diesel,Manual,12.99,2500,925000,2005
1538,Toyota,Innova,5,108000,Diesel,Manual,12.99,2500,1125000,2005
7185,Hyundai,Verna,10,50000,Petrol,Automatic,15.74,1600,450000,2006
2474,Honda,Jazz,5,37000,Petrol,Automatic,19.0,1200,645000,2009
12953,Mahindra,Scorpio,4,68000,Diesel,Manual,15.4,2000,985000,2002
5638,Honda,WR-V,3,13000,Petrol,Manual,17.5,1200,900000,2017
6904,Honda,Amaze,8,65675,Diesel,Manual,25.8,1500,490000,2013
127,Hyundai,Grand,2,9000,Petrol,Manual,20.7,1200,710000,2013
11815,Honda,Amaze,2,32000,Diesel,Manual,27.4,1500,850000,2013
13897,Toyota,Innova,3,36000,Diesel,Manual,13.68,2400,2150000,2005
5302,Hyundai,Grand,6,40000,Petrol,Manual,18.9,1200,375000,2013
14123,Maruti,Swift Dzire,5,60000,Diesel,Manual,26.59,1250,530000,2008
11885,Maruti,Celerio,4,68000,"Others (CNG,LPG)",Manual,30.47,1000,475000,2014
11564,Hyundai,Verna,4,28500,Diesel,Manual,22.32,1600,825000,2006
6340,Mahindra,XUV500,7,145000,Diesel,Manual,15.1,2200,750000,2011
6528,Honda,Jazz,2,9812,Petrol,Manual,18.7,1200,770000,2009
14229,Maruti,Alto,7,20000,Petrol,Manual,23.95,1000,270000,2000
250,Maruti,Vitara,4,50000,Diesel,Manual,24.3,1250,700000,2016
13730,Ford,Ecosport,6,66000,Diesel,Manual,22.77,1500,775000,2013
4717,Maruti,Baleno,5,23243,Petrol,Manual,21.4,1200,687000,2015
8314,Tata,Tiago,2,5000,Petrol,Manual,23.84,1200,520000,2016
10977,Maruti,Ertiga,4,63001,Diesel,Manual,24.52,1250,725000,2012
5493,Maruti,Swift,3,30000,Petrol,Manual,22.0,1200,550000,2005
2495,BMW,5,4,21500,Diesel,Automatic,18.12,2000,3300000,2007
13099,BMW,5,9,79000,Diesel,Automatic,16.73,2500,1800000,2007
6667,Maruti,Baleno,3,25000,Petrol,Automatic,21.4,1200,720000,2015
4506,Hyundai,i10,7,57723,Petrol,Manual,20.36,1200,350000,2007
1760,Mercedes-Benz,GL-Class,5,32000,Diesel,Automatic,17.9,2100,3850000,2010
13663,Volkswagen,Vento,10,79000,Diesel,Manual,20.54,1600,349000,2010
6016,BMW,7,4,50000,Diesel,Automatic,16.77,3000,6750000,2002
4276,Ford,Figo,8,76000,Diesel,Manual,20.0,1400,395000,2010
14505,Maruti,Ertiga,4,27000,"Others (CNG,LPG)",Manual,17.5,1400,811000,2012
14566,Volkswagen,Polo,6,7000,Petrol,Manual,16.47,1200,625000,2010
13725,Renault,KWID,2,10000,Petrol,Manual,25.17,800,330000,2015
1434,Maruti,Wagon R,12,102558,Petrol,Manual,18.9,1100,120000,1999
4788,Hyundai,Creta,4,63000,Diesel,Manual,21.38,1400,1100000,2015
48,Hyundai,Verna,7,110000,Diesel,Manual,22.32,1600,520000,2006
12640,Maruti,Celerio,6,10000,Petrol,Automatic,23.1,1000,410000,2014
2537,Renault,KWID,4,19000,Petrol,Manual,25.17,800,335000,2015
14676,Mahindra,XUV500,5,46100,Diesel,Manual,16.0,2200,1050000,2011
12403,Maruti,Wagon R,5,120000,Petrol,Manual,20.51,1000,250000,1999
8518,Maruti,Vitara,3,50000,Diesel,Manual,24.3,1250,860000,2016
12449,Maruti,Swift Dzire,8,80000,Diesel,Manual,23.4,1250,420000,2008
8988,Mahindra,KUV100,3,50000,Diesel,Manual,25.32,1200,555000,2016
14143,Maruti,Baleno,4,40000,Petrol,Manual,21.4,1200,790000,2015
7713,Hyundai,i20,3,20000,Petrol,Manual,18.6,1200,650000,2008
5520,Hyundai,Grand,7,75571,Petrol,Manual,18.9,1200,450000,2013
6177,Tata,Safari,8,110000,Diesel,Manual,14.0,2200,500000,1998
9627,Hyundai,i20,6,52000,Petrol,Manual,18.6,1200,486000,2008
819,BMW,5,3,7000,Diesel,Automatic,22.48,2000,4750000,2007
7758,Maruti,Swift Dzire,8,114000,Petrol,Manual,19.1,1200,400000,2008
12181,Honda,City,5,58000,Petrol,Manual,17.4,1500,700000,1998
15235,Toyota,Innova,4,101564,Petrol,Manual,11.25,2700,1225000,2005
5323,Honda,Amaze,4,55000,Diesel,Manual,25.8,1500,700000,2013
13150,Honda,Amaze,2,8700,Petrol,Manual,19.5,1200,750000,2013
5267,Honda,Amaze,5,50000,Petrol,Manual,18.0,1200,500000,2013
1140,Toyota,Camry,5,80000,Petrol,Automatic,19.16,2500,1995000,2002
9056,Hyundai,Verna,3,16300,Petrol,Manual,19.1,1400,789000,2006
7520,Toyota,Fortuner,10,87645,Diesel,Manual,11.5,3000,1050000,2009
7193,Renault,KWID,3,21400,Petrol,Manual,23.01,1000,365000,2015
7977,Renault,Duster,8,110000,Diesel,Manual,20.45,1500,355000,2012
7555,Maruti,Alto,3,55000,Petrol,Manual,24.7,800,230000,2000
5748,Maruti,Swift,4,50000,Diesel,Manual,28.4,1250,650000,2005
12223,Honda,City,12,87000,Petrol,Manual,16.9,1500,299000,1998
6958,Hyundai,i10,9,80000,Petrol,Manual,19.81,1100,210000,2007
3041,Maruti,Swift,14,60000,Petrol,Manual,16.1,1300,149000,2005
13448,Toyota,Innova,6,50000,Diesel,Manual,12.99,2500,1400000,2005
12977,Maruti,Alto,4,30000,Petrol,Manual,23.95,1000,360000,2000
12530,Skoda,Rapid,4,47000,Diesel,Automatic,21.72,1500,1075000,2011
10204,Toyota,Fortuner,8,136000,Diesel,Automatic,12.55,3000,1295000,2009
10877,Audi,A4,7,60000,Diesel,Automatic,16.55,2000,1275000,2008
3348,Maruti,Eeco,7,63000,Petrol,Manual,15.37,1200,315000,2010
517,Hyundai,Creta,2,21000,Petrol,Manual,15.8,1600,1250000,2015
14384,Maruti,Swift Dzire,4,3700,Petrol,Automatic,21.21,1200,745000,2008
12101,Maruti,Wagon R,4,70000,Petrol,Automatic,20.51,1000,400000,1999
446,Maruti,Alto,7,70000,Petrol,Manual,23.95,1000,250000,2000
4105,Maruti,Alto,2,1200,Petrol,Manual,22.05,800,350000,2000
2314,Volkswagen,Vento,8,50000,Diesel,Manual,20.54,1600,475000,2010
12908,Ford,Figo,10,110000,Diesel,Manual,20.0,1400,200000,2010
3631,Mercedes-Benz,S-Class,10,70000,Petrol,Automatic,7.81,5500,2275000,1994
3879,Hyundai,Verna,4,30700,Diesel,Manual,23.9,1600,925000,2006
937,Audi,Q7,10,65000,Diesel,Automatic,11.33,4100,1890000,2006
3039,Skoda,Rapid,8,30000,Petrol,Manual,15.0,1600,395000,2011
7813,Volkswagen,Vento,5,61000,Petrol,Manual,15.04,1600,640000,2010
1421,Hyundai,i20,3,50000,Petrol,Manual,18.6,1200,625000,2008
12398,Hyundai,Grand,7,40000,Petrol,Manual,18.9,1200,495000,2013
580,Audi,Q7,8,28000,Diesel,Automatic,12.07,3000,2650000,2006
9268,Renault,KWID,4,30254,Petrol,Manual,25.17,800,265000,2015
14315,Maruti,Celerio,4,17210,Petrol,Automatic,23.1,1000,468000,2014
12153,Honda,CR-V,4,55000,Petrol,Automatic,11.1,2350,1750000,2003
8844,Maruti,Swift Dzire,3,140000,Diesel,Manual,23.4,1250,550000,2008
1481,Hyundai,i10,6,38000,Petrol,Manual,19.81,1100,350000,2007
10399,Maruti,Alto,10,24895,Petrol,Manual,20.92,1000,185000,2000
11565,Honda,City,12,77000,Petrol,Manual,17.0,1500,385000,1998
6776,Hyundai,Verna,11,70000,Petrol,Manual,16.2,1600,375000,2006
14842,Hyundai,i20,9,53000,Diesel,Manual,21.9,1400,385000,2008
14797,Maruti,Swift Dzire,4,35000,Diesel,Automatic,28.4,1250,825000,2008
14828,Maruti,Swift,8,90000,Diesel,Manual,22.9,1250,525000,2005
14924,Mahindra,Scorpio,15,122524,Diesel,Manual,12.05,2200,265000,2002
3610,Hyundai,i20,5,27000,Petrol,Manual,17.0,1200,580000,2008
7679,Honda,Amaze,8,39500,Diesel,Manual,25.8,1500,320000,2013
10021,Renault,KWID,5,46583,Petrol,Manual,25.17,800,280000,2015
4817,Toyota,Innova,5,60000,Diesel,Automatic,11.36,2800,1800000,2005
865,Maruti,Eeco,6,40000,Petrol,Manual,15.37,1200,215000,2010
2926,Ford,Ecosport,6,78000,Petrol,Manual,18.88,1000,635000,2013
10597,Hyundai,Creta,5,50000,Diesel,Automatic,17.01,1600,940000,2015
14883,Honda,Jazz,5,44480,Petrol,Automatic,19.0,1200,625000,2009
12699,BMW,X5,5,15000,Diesel,Automatic,15.97,3000,5000000,2007
12237,Tata,Safari,14,80000,Diesel,Manual,13.93,2200,350000,1998
11894,Maruti,Celerio,6,51127,Petrol,Automatic,23.1,1000,475000,2014
13884,Hyundai,i20,6,18000,Diesel,Manual,21.19,1400,600000,2008
14992,Maruti,Alto,3,35112,Petrol,Manual,24.7,800,359000,2000
13432,Honda,Amaze,4,40000,Petrol,Manual,17.8,1200,500000,2013
5391,Honda,Amaze,7,110000,Diesel,Manual,25.8,1500,370000,2013
4713,Maruti,Alto,7,80000,Petrol,Manual,23.95,1000,270000,2000
9856,BMW,3,12,74000,Petrol,Automatic,12.05,2000,565000,2007
10137,Datsun,RediGO,3,49000,Petrol,Manual,22.7,800,295000,2016
6043,Maruti,Alto,3,35000,Petrol,Manual,24.7,800,320000,2000
11542,Toyota,Fortuner,4,45000,Diesel,Automatic,12.9,2800,2750000,2009
11443,Hyundai,i10,6,36936,Petrol,Manual,19.81,1100,344000,2007
7151,Ford,Freestyle,3,63001,Diesel,Manual,23.8,1500,600000,2018
11920,Maruti,Alto,3,40000,Petrol,Manual,24.7,800,295000,2000
716,Maruti,Ciaz,6,37006,Diesel,Manual,26.21,1250,525000,2014
2293,Datsun,GO,5,50000,Petrol,Manual,19.44,1200,350000,2014
6816,Honda,Amaze,6,39441,Petrol,Manual,18.0,1200,475000,2013
13947,Renault,KWID,4,26233,Petrol,Manual,25.17,800,345000,2015
8285,Tata,Tiago,3,25000,Petrol,Manual,23.84,1200,450000,2016
1962,Maruti,Swift Dzire,9,20699,Diesel,Manual,23.4,1250,475000,2008
1574,Maruti,Wagon R,6,55000,"Others (CNG,LPG)",Manual,33.54,1000,335000,1999
6938,Honda,City,7,80000,Diesel,Manual,25.1,1500,575000,1998
14850,Ford,Figo,8,97358,Diesel,Manual,20.0,1400,365000,2010
14321,Honda,City,4,29000,Petrol,Manual,17.4,1500,790000,1998
6920,Mercedes-Benz,C-Class,8,59000,Diesel,Automatic,14.84,2100,1280000,2001
14720,Hyundai,Creta,6,59000,Diesel,Manual,20.5,1600,790000,2015
5223,Hyundai,i20,4,33200,Petrol,Manual,18.6,1200,625000,2008
1542,Maruti,Celerio,3,15978,Petrol,Manual,23.1,1000,465000,2014
12411,BMW,X1,3,30000,Diesel,Automatic,20.68,2000,3250000,2010
2179,Toyota,Innova,4,60000,Diesel,Manual,13.68,2400,1625000,2005
1621,Renault,KWID,4,19000,Petrol,Automatic,24.04,1000,365000,2015
10120,Audi,A4,8,43000,Diesel,Automatic,17.11,2000,1251000,2008
8827,Volkswagen,Polo,7,85000,Petrol,Manual,16.47,1200,290000,2010
3060,Toyota,Innova,8,82326,Diesel,Manual,12.99,2500,875000,2005
13046,Tata,Safari,9,72000,Diesel,Manual,13.93,2200,450000,1998
8869,Honda,Jazz,9,46967,Petrol,Manual,16.7,1200,259000,2009
12637,Maruti,Wagon R,6,25000,Petrol,Manual,20.51,1000,400000,1999
13867,Ford,Ecosport,6,61087,Petrol,Automatic,15.63,1500,785000,2013
3100,Mahindra,Thar,3,30000,Diesel,Manual,16.55,2500,850000,2010
9380,Honda,Civic,12,78000,Petrol,Automatic,12.9,1800,265000,2006
6241,Hyundai,Verna,9,80000,Diesel,Manual,22.32,1600,490000,2006
2211,Volkswagen,Vento,10,45000,Petrol,Manual,15.04,1600,335000,2010
568,Maruti,Swift,4,14838,Petrol,Manual,22.0,1200,525000,2005
1018,Hyundai,i20,7,67300,Diesel,Manual,23.0,1400,368000,2008
13,Maruti,Ciaz,5,76000,Diesel,Manual,28.09,1250,650000,2014
2341,Hyundai,Grand,7,71000,Diesel,Manual,24.0,1100,400000,2013
6636,Mahindra,Bolero,5,35000,Diesel,Manual,16.5,1500,650000,2000
10716,Mercedes-Benz,C-Class,8,39000,Diesel,Automatic,19.27,2100,1349000,2001
1234,Volkswagen,Polo,11,61000,Petrol,Manual,16.47,1200,235000,2010
7695,Mahindra,Scorpio,15,200000,Diesel,Manual,10.5,2200,250000,2002
3480,Honda,City,7,65000,Diesel,Manual,26.0,1500,745000,1998
7684,Datsun,RediGO,4,22558,Petrol,Manual,22.7,800,235000,2016
14222,Mahindra,KUV,5,23521,Petrol,Manual,18.15,1200,450000,2016
6684,BMW,X3,4,49000,Diesel,Automatic,16.55,3000,3900000,2007
3844,Mahindra,Scorpio,7,100000,Diesel,Manual,15.4,2200,800000,2002
6526,Hyundai,i20,4,33048,Petrol,Manual,18.6,1200,630000,2008
1951,Maruti,Wagon R,8,50287,Petrol,Manual,20.51,1000,360000,1999
4647,Hyundai,i10,10,78000,Petrol,Automatic,16.95,1200,365000,2007
9221,Maruti,Swift,5,47000,Petrol,Manual,20.4,1200,440000,2005
500,Hyundai,i20,6,67000,Diesel,Manual,22.54,1400,500000,2008
6378,Tata,Tigor,2,60000,Diesel,Manual,24.7,1050,700000,2017
11458,Mercedes-Benz,C-Class,3,40000,Diesel,Automatic,14.84,2100,2990000,2001
8160,Honda,WR-V,4,127991,Diesel,Manual,25.5,1500,675000,2017
8362,Maruti,Swift Dzire,5,57102,Diesel,Manual,23.4,1250,675000,2008
14445,Maruti,Swift,3,26000,Petrol,Automatic,22.0,1200,675000,2005
1123,Ford,Ecosport,6,69997,Diesel,Manual,23.0,1500,530000,2013
6095,Maruti,Swift Dzire,6,43937,Petrol,Manual,19.1,1200,570000,2008
11515,Ford,Ecosport,4,54000,Diesel,Manual,23.0,1500,680000,2013
2438,Hyundai,i20,5,43000,Diesel,Manual,22.54,1400,685000,2008
12887,Hyundai,i20,12,50000,Petrol,Manual,17.0,1200,280000,2008
5882,Maruti,Baleno,4,100000,Diesel,Manual,27.39,1250,700000,2015
4885,Skoda,Octavia,6,99000,Diesel,Automatic,19.3,2000,1399000,2001
14142,Tata,Safari,8,110000,Diesel,Manual,14.0,2200,500000,1998
8993,Maruti,Alto,5,16000,Petrol,Manual,24.7,800,325000,2000
10913,Maruti,Vitara,4,57000,Diesel,Manual,24.3,1250,825000,2016
11271,Hyundai,Venue,2,25000,Diesel,Manual,23.7,1400,1025000,2019
7320,Hyundai,Creta,6,85000,Diesel,Manual,19.67,1600,860000,2015
1559,Toyota,Fortuner,4,98000,Diesel,Automatic,15.04,2800,2700000,2009
4849,Audi,A4,8,80000,Petrol,Automatic,15.64,1800,1485000,2008
10708,Mahindra,XUV500,9,64345,Diesel,Manual,15.1,2200,490000,2011
2773,Maruti,Swift Dzire,9,80000,Petrol,Manual,19.1,1200,400000,2008
83,Maruti,Alto,8,55000,Petrol,Manual,22.74,800,230000,2000
2173,Ford,Figo,6,26000,Petrol,Manual,15.6,1200,290000,2010
4086,Jaguar,XF,4,34600,Diesel,Automatic,19.33,2000,3500000,2009
4478,Maruti,Wagon R,5,31200,Petrol,Automatic,20.51,1000,500000,1999
9690,Maruti,Swift Dzire,9,90000,Petrol,Manual,17.5,1300,350000,2008
5661,Maruti,Swift,4,62000,Diesel,Manual,28.4,1250,575000,2005
11757,Maruti,Swift Dzire,3,17000,Petrol,Manual,22.0,1200,715000,2008
10712,Skoda,Rapid,6,54000,Diesel,Automatic,21.66,1500,650000,2011
7947,Maruti,Swift,3,12550,Petrol,Manual,22.0,1200,750000,2005
5438,Maruti,Wagon R,17,50000,Petrol,Manual,18.9,1000,80000,1999
12754,Toyota,Innova,5,46000,Diesel,Manual,13.68,2400,1650000,2005
856,Hyundai,i10,9,70000,Petrol,Manual,20.36,1200,200000,2007
9225,Skoda,Octavia,8,76000,Petrol,Automatic,14.7,1800,780000,2001
15245,Hyundai,i20,6,60000,Diesel,Manual,22.54,1400,560000,2008
4593,Ford,Ecosport,7,102719,Diesel,Manual,22.7,1500,625000,2013
6856,Mahindra,Bolero,5,120000,Diesel,Manual,15.96,2500,610000,2000
1761,Honda,Amaze,3,41612,Petrol,Manual,17.8,1200,575000,2013
8548,Maruti,Wagon R,4,10000,Petrol,Manual,18.9,1000,399000,1999
10722,Maruti,Baleno,1,2000,Petrol,Manual,21.4,1200,675000,2015
171,Mahindra,Bolero,10,47000,Diesel,Manual,15.96,2500,440000,2000
3281,Maruti,Swift Dzire,3,46000,Diesel,Manual,28.4,1250,750000,2008
11470,Hyundai,Grand,7,41000,Petrol,Manual,18.9,1200,380000,2013
8722,Maruti,Swift,4,30000,Petrol,Manual,22.0,1200,460000,2005
1888,Mercedes-Benz,S-Class,5,41000,Petrol,Automatic,7.81,5500,11000000,1994
10027,Honda,City,5,46000,Diesel,Manual,26.0,1500,700000,1998
836,Maruti,Swift,4,45000,Diesel,Manual,28.4,1250,560000,2005
1900,Hyundai,i20,8,62000,Diesel,Manual,21.9,1400,425000,2008
11566,Mercedes-Benz,E-Class,8,125000,Petrol,Automatic,12.3,1800,1525000,1996
5641,Maruti,Swift Dzire,7,70123,Petrol,Manual,19.1,1200,445000,2008
4375,Ford,Freestyle,2,25000,Diesel,Manual,24.4,1500,790000,2018
3463,Maruti,Celerio,6,80000,Petrol,Manual,23.1,1000,450000,2014
6865,Honda,City,5,60000,Petrol,Manual,17.8,1500,850000,1998
7965,Maruti,Wagon R,3,6000,Petrol,Manual,21.79,1000,400000,1999
4234,Datsun,RediGO,3,30000,Petrol,Manual,22.5,1000,255000,2016
78,Maruti,Wagon R,7,37000,Petrol,Manual,20.51,1000,350000,1999
4559,Mahindra,Bolero,10,361446,Diesel,Manual,13.6,2500,330000,2000
9749,Honda,City,3,12000,Petrol,Manual,17.4,1500,900000,1998
5942,Hyundai,i20,11,97845,Diesel,Manual,21.27,1400,320000,2008
10329,Maruti,Ciaz,6,73000,Petrol,Manual,20.73,1400,550000,2014
5916,Hyundai,Santro,2,5000,Petrol,Manual,20.3,1100,450000,1998
10608,Mercedes-Benz,S-Class,7,41700,Petrol,Automatic,7.81,5500,5200000,1994
7265,Honda,City,8,15000,Petrol,Manual,16.8,1500,470000,1998
14671,Honda,WR-V,4,33456,Diesel,Manual,25.5,1500,850000,2017
6918,Maruti,Swift Dzire,8,41170,Petrol,Manual,19.1,1200,380000,2008
4971,Hyundai,i20,6,27452,Petrol,Manual,18.6,1200,540000,2008
1405,Hyundai,i10,11,60000,Petrol,Manual,19.81,1100,150000,2007
8323,Honda,Amaze,3,33000,Petrol,Manual,17.8,1200,550000,2013
6414,Hyundai,Santro,1,3000,Petrol,Manual,20.3,1100,380000,1998
5372,Maruti,Swift Dzire,6,88000,Diesel,Manual,28.4,1250,665000,2008
14326,Tata,Hexa,4,21000,Diesel,Automatic,17.6,2200,1450000,2017
11432,Maruti,Ertiga,4,70000,Diesel,Manual,24.52,1250,690000,2012
4603,Toyota,Innova,10,119458,Diesel,Manual,12.8,2500,800000,2005
5229,Mahindra,XUV500,8,54278,Diesel,Manual,15.1,2200,540000,2011
14722,Hyundai,Santro,14,44000,Petrol,Manual,17.92,1100,245000,1998
7603,Honda,WR-V,3,20637,Diesel,Manual,25.5,1500,800000,2017
1331,Hyundai,i20,3,40000,Petrol,Manual,18.6,1200,645000,2008
3689,Hyundai,Verna,9,100000,Diesel,Manual,23.5,1400,485000,2006
6988,Mahindra,Scorpio,12,120000,Diesel,Manual,12.05,2200,400000,2002
4519,Volkswagen,Vento,8,71000,Diesel,Manual,20.54,1600,525000,2010
8806,BMW,7,3,16000,Diesel,Automatic,16.77,3000,8200000,2002
1690,Mercedes-Benz,E-Class,12,71000,Diesel,Automatic,14.21,2100,851000,1996
867,Hyundai,Santro,11,70000,Petrol,Manual,17.92,1100,225000,1998
729,Maruti,Vitara,3,40000,Diesel,Manual,24.3,1250,900000,2016
5383,Maruti,Alto,9,66000,Petrol,Manual,22.74,800,220000,2000
7462,Hyundai,i20,6,80000,Petrol,Manual,18.6,1200,425000,2008
6782,Honda,Jazz,3,59000,Petrol,Manual,18.7,1200,650000,2009
14825,Maruti,Swift,3,15000,Petrol,Manual,22.0,1200,729000,2005
981,Skoda,Rapid,6,35000,Petrol,Automatic,14.3,1600,650000,2011
11586,Maruti,Alto,5,50000,Petrol,Manual,24.7,800,240000,2000
4625,Ford,Freestyle,2,5600,Petrol,Manual,19.0,1200,740000,2018
8902,Maruti,Swift,6,62500,Diesel,Manual,25.2,1250,460000,2005
9335,Maruti,Wagon R,3,93000,"Others (CNG,LPG)",Manual,26.6,1000,350000,1999
6527,Maruti,Swift,9,55380,Diesel,Manual,22.9,1250,425000,2005
2710,Maruti,Ciaz,6,48000,Diesel,Manual,26.21,1250,685000,2014
6245,Hyundai,Creta,5,24000,Petrol,Manual,15.29,1600,835000,2015
3487,Maruti,Ertiga,7,69000,"Others (CNG,LPG)",Manual,22.8,1400,615000,2012
2,Hyundai,i20,11,60000,Petrol,Manual,17.0,1200,215000,2008
6300,Renault,KWID,6,68000,Petrol,Manual,25.17,800,325000,2015
3029,Volkswagen,Polo,7,43000,Petrol,Manual,16.47,1200,479000,2010
14179,Honda,Amaze,6,92707,Diesel,Manual,25.8,1500,395000,2013
13999,Maruti,Swift Dzire,5,35000,Diesel,Manual,26.59,1250,570000,2008
12062,Skoda,Octavia,7,40000,Diesel,Automatic,19.3,2000,915000,2001
1114,Audi,A4,8,29000,Diesel,Automatic,18.25,2000,1250000,2008
15098,Ford,Endeavour,4,50000,Diesel,Automatic,10.91,3200,2750000,2003
3305,Hyundai,i20,5,65000,Diesel,Manual,22.54,1400,675000,2008
8141,Maruti,Ertiga,2,45000,Diesel,Manual,25.47,1250,980000,2012
12928,Maruti,Vitara,3,30000,Diesel,Manual,24.3,1250,711000,2016
9640,Maruti,Wagon R,11,60000,Petrol,Manual,18.9,1100,150000,1999
15314,Renault,KWID,4,10000,Petrol,Manual,25.17,800,280000,2015
11318,Renault,Duster,8,63000,Diesel,Manual,20.45,1500,450000,2012
10036,Toyota,Fortuner,2,12000,Diesel,Automatic,12.9,2800,3200000,2009
3563,Volkswagen,Polo,7,73000,Petrol,Manual,16.47,1200,445000,2010
6144,Mahindra,Bolero,7,80000,Diesel,Manual,15.96,2500,465000,2000
289,Maruti,Ertiga,7,40000,Diesel,Manual,20.77,1250,500000,2012
11581,Maruti,Wagon R,3,15000,Petrol,Manual,20.51,1000,440000,1999
3022,Tata,Safari,11,120000,Diesel,Manual,13.93,2200,250000,1998
12400,Hyundai,Verna,3,50000,Diesel,Automatic,22.0,1600,1050000,2006
3593,Maruti,Ciaz,7,73000,Diesel,Manual,26.21,1250,545000,2014
9030,Mahindra,KUV,4,94000,Petrol,Manual,18.15,1200,315000,2016
662,Honda,Jazz,9,58000,Petrol,Manual,16.7,1200,320000,2009
12848,BMW,5,5,42000,Diesel,Automatic,18.12,2000,2675000,2007
2468,Skoda,Octavia,5,27000,Petrol,Automatic,14.7,1800,1170000,2001
14460,Maruti,Alto,1,5000,Petrol,Manual,22.05,800,290000,2000
8798,Maruti,Alto,3,10000,Petrol,Manual,23.95,1000,320000,2000
15270,Skoda,Rapid,7,61000,Diesel,Manual,20.5,1600,475000,2011
8363,Maruti,Ertiga,5,46000,Diesel,Manual,24.52,1250,640000,2012
15120,Honda,City,11,68000,Petrol,Manual,17.0,1500,315000,1998
11975,Tata,Tiago,5,31000,Petrol,Manual,23.84,1200,365000,2016
8619,Maruti,Swift Dzire,3,10000,Diesel,Manual,28.4,1250,765000,2008
11489,Hyundai,i20,10,75000,Petrol,Manual,17.0,1200,255000,2008
11085,Volkswagen,Polo,6,41000,Petrol,Manual,16.47,1200,465000,2010
1316,Tata,Tiago,4,37000,Petrol,Manual,23.84,1200,395000,2016
5305,Hyundai,i20,7,49860,Petrol,Manual,18.6,1200,400000,2008
1721,Maruti,Ignis,3,18000,Diesel,Manual,26.8,1250,640000,2017
8400,Maruti,Swift,8,41000,Petrol,Manual,18.6,1200,330000,2005
8682,Maruti,Vitara,4,25000,Diesel,Manual,24.3,1250,830000,2016
12391,Hyundai,Grand,5,44000,Petrol,Manual,18.9,1200,410000,2013
6857,Hyundai,Grand,2,4800,Petrol,Manual,18.9,1200,550000,2013
10509,Maruti,Ertiga,2,20139,Petrol,Manual,19.34,1500,999000,2012
6316,Mahindra,Bolero,4,100000,Diesel,Manual,16.5,1500,710000,2000
6223,Ford,Figo,11,135000,Diesel,Manual,20.0,1400,160000,2010
12547,Maruti,Swift,10,100000,Diesel,Manual,17.8,1250,330000,2005
6731,Hyundai,i10,8,72000,Petrol,Manual,20.36,1200,315000,2007
15293,Hyundai,i20,6,50000,Petrol,Automatic,15.0,1400,400000,2008
13774,BMW,5,3,12000,Diesel,Automatic,22.48,2000,3900000,2007
5352,Hyundai,Grand,7,45135,Diesel,Manual,24.0,1100,360000,2013
5660,Tata,Tiago,4,31000,Petrol,Manual,23.84,1200,525000,2016
9770,Mahindra,Marazzo,2,25000,Diesel,Manual,17.3,1500,800000,2018
7702,Honda,City,6,15000,Petrol,Manual,17.4,1500,1000000,1998
10243,Hyundai,Creta,3,25000,Diesel,Manual,19.67,1600,1200000,2015
6880,Volkswagen,Vento,8,45000,Petrol,Manual,15.04,1600,400000,2010
598,Audi,A4,3,34500,Diesel,Automatic,18.25,2000,3000000,2008
481,Maruti,Alto,8,31000,Petrol,Manual,20.92,1000,230000,2000
14069,Maruti,Ertiga,7,62462,"Others (CNG,LPG)",Manual,22.8,1400,651000,2012
1110,Maruti,Swift,4,55000,Petrol,Manual,20.4,1200,450000,2005
11713,Hyundai,Creta,5,105000,Diesel,Manual,19.67,1600,1050000,2015
10789,Maruti,Baleno,2,10000,Petrol,Manual,21.4,1200,625000,2015
1630,Maruti,Swift Dzire,4,20000,Petrol,Manual,21.21,1200,650000,2008
9506,Hyundai,Grand,5,54540,Petrol,Manual,18.9,1200,425000,2013
14591,Hyundai,Grand,2,15000,Petrol,Manual,18.9,1200,550000,2013
6071,Mahindra,Scorpio,11,160000,Diesel,Manual,10.5,2600,300000,2002
13965,Mercedes-Benz,E-Class,7,62000,Petrol,Manual,12.3,1800,1650000,1996
1008,Maruti,Wagon R,3,16631,Petrol,Manual,20.51,1000,410000,1999
14362,Audi,A6,7,52000,Diesel,Automatic,17.68,2000,1799000,2005
14963,Toyota,Innova,3,80000,Diesel,Automatic,11.36,2800,2225000,2005
14913,Honda,City,7,60568,Petrol,Manual,17.4,1500,650000,1998
2170,Maruti,Wagon R,8,57000,"Others (CNG,LPG)",Manual,32.52,1000,265000,1999
11818,Ford,Figo,9,110000,Diesel,Manual,20.0,1400,195000,2010
5436,Hyundai,Creta,3,35000,Diesel,Manual,22.1,1400,996000,2015
11549,Maruti,Swift,2,18800,Petrol,Manual,20.4,1200,515000,2005
467,Toyota,Fortuner,5,50000,Petrol,Automatic,10.26,2700,2600000,2009
4815,Honda,City,6,80000,Diesel,Manual,26.0,1500,675000,1998
7358,Tata,Tiago,4,32455,Petrol,Manual,23.84,1200,400000,2016
5875,BMW,3,10,90000,Diesel,Automatic,13.2,2000,1175000,2007
265,Maruti,Vitara,3,90000,Diesel,Manual,24.3,1250,730000,2016
10233,Hyundai,Verna,7,70000,Petrol,Manual,17.01,1600,610000,2006
2009,Renault,Duster,7,67647,Diesel,Manual,19.87,1500,575000,2012
9053,Renault,KWID,5,35000,Petrol,Manual,25.17,800,240000,2015
10375,Maruti,Alto,9,65000,"Others (CNG,LPG)",Manual,30.46,800,175000,2000
11934,Maruti,Swift Dzire,6,68393,Diesel,Manual,26.59,1250,650000,2008
11680,Audi,A4,9,40000,Diesel,Automatic,16.55,2000,1650000,2008
6791,Ford,Ecosport,8,74000,Diesel,Manual,22.7,1500,565000,2013
3343,Hyundai,i20,11,81000,Petrol,Manual,18.5,1200,260000,2008
13156,Hyundai,Verna,8,35212,Diesel,Manual,25.0,1500,500000,2006
7483,Maruti,Wagon R,5,32000,Petrol,Manual,21.79,1000,365000,1999
8847,Honda,City,16,90000,Petrol,Manual,13.0,1350,125000,1998
9357,BMW,X5,2,7000,Diesel,Automatic,13.38,3000,7985000,2007
3921,Maruti,Wagon R,5,58802,Petrol,Manual,18.9,1000,425000,1999
2060,Toyota,Innova,3,52000,Diesel,Manual,13.68,2400,1650000,2005
13783,Renault,Duster,8,38000,Diesel,Manual,19.01,1500,580000,2012
9313,Maruti,Ciaz,4,66577,Petrol,Manual,20.73,1400,725000,2014
1368,Honda,Civic,15,80000,Petrol,Manual,13.5,1800,250000,2006
8861,Volkswagen,Polo,8,35000,Petrol,Manual,16.47,1200,335000,2010
9644,Hyundai,Verna,4,62000,Diesel,Manual,23.9,1600,760000,2006
12055,Maruti,Alto,6,52000,Petrol,Manual,22.74,800,320000,2000
15147,Mahindra,XUV500,6,90000,Diesel,Manual,15.1,2200,800000,2011
8732,Volkswagen,Polo,4,10000,Petrol,Manual,16.2,1200,500000,2010
5309,Hyundai,i20,3,32000,Diesel,Manual,21.19,1400,860000,2008
11914,Ford,Aspire,2,5837,Diesel,Manual,25.83,1500,845000,2015
5205,Hyundai,i20,3,86516,Petrol,Manual,18.6,1200,750000,2008
7058,Hyundai,i20,2,30000,Petrol,Manual,18.6,1200,635000,2008
10833,Maruti,Ciaz,4,21000,Diesel,Manual,26.32,1500,625000,2014
2840,Ford,Ecosport,6,60000,Diesel,Manual,22.77,1500,650000,2013
6435,Maruti,Swift Dzire,8,74581,Diesel,Manual,23.4,1250,550000,2008
11250,Honda,Amaze,5,44000,Petrol,Manual,18.0,1200,450000,2013
2087,Hyundai,Grand,5,47500,Petrol,Manual,18.9,1200,450000,2013
788,Honda,City,5,60000,Diesel,Manual,26.0,1500,750000,1998
13563,Hyundai,Grand,6,67000,Petrol,Automatic,18.9,1200,540000,2013
4824,Maruti,Alto,9,79000,Petrol,Manual,19.7,800,200000,2000
8021,Maruti,Swift Dzire,3,20000,Diesel,Manual,28.4,1250,720000,2008
10826,Maruti,Celerio,7,53412,Petrol,Automatic,23.1,1000,300000,2014
3941,Maruti,Swift Dzire,6,45782,Diesel,Manual,19.3,1250,410000,2008
898,Mahindra,Scorpio,10,60000,Diesel,Manual,12.05,2200,465000,2002
6715,Ford,Ecosport,8,60000,Petrol,Manual,18.88,1000,610000,2013
11030,Maruti,Wagon R,8,36900,Petrol,Manual,21.79,1000,265000,1999
2457,Honda,WR-V,4,110000,Diesel,Manual,25.5,1500,775000,2017
7860,Maruti,Wagon R,14,51012,"Others (CNG,LPG)",Manual,26.2,1000,175000,1999
1162,Maruti,Alto,7,35000,Petrol,Manual,22.74,800,250000,2000
12662,Hyundai,Santro,11,50503,Petrol,Manual,17.92,1100,190000,1998
10209,Maruti,Alto,13,75000,Petrol,Manual,19.7,800,125000,2000
5670,Maruti,Ciaz,4,44000,Petrol,Automatic,19.12,1400,790000,2014
2765,Maruti,Ertiga,4,12000,"Others (CNG,LPG)",Manual,17.5,1400,845000,2012
1164,Hyundai,Santro,11,60000,Petrol,Manual,17.92,1100,180000,1998
8030,Mahindra,Bolero,10,120000,Diesel,Manual,13.6,2500,400000,2000
6112,Hyundai,i20,6,90000,Diesel,Manual,22.54,1400,700000,2008
6819,Maruti,Baleno,3,10000,Petrol,Automatic,21.4,1200,800000,2015
13468,Maruti,Swift Dzire,7,56930,Petrol,Manual,22.0,1200,460000,2008
5883,Ford,Ecosport,5,52214,Diesel,Manual,23.0,1500,760000,2013
6943,Mahindra,XUV500,6,110000,Diesel,Manual,15.1,2200,850000,2011
2025,Maruti,Alto,10,38643,Petrol,Manual,20.92,1000,180000,2000
1286,Maruti,Swift Dzire,4,107000,Diesel,Manual,28.4,1250,490000,2008
56,Mahindra,Marazzo,2,36000,Diesel,Manual,17.3,1500,990000,2018
2338,Mahindra,Scorpio,4,35373,Diesel,Manual,15.4,2000,975000,2002
8535,Renault,Duster,7,42514,Diesel,Manual,19.72,1500,525000,2012
13558,Honda,City,15,75000,Petrol,Manual,16.0,1500,235000,1998
14257,Tata,Tiago,4,11300,Petrol,Automatic,23.84,1200,525000,2016
7574,Maruti,Swift Dzire,9,80000,Diesel,Manual,19.3,1250,410000,2008
8657,Maruti,Ertiga,8,101000,Diesel,Manual,20.77,1250,500000,2012
8085,Volkswagen,Vento,8,113414,Diesel,Manual,20.54,1600,430000,2010
13489,Renault,Duster,3,48133,Petrol,Automatic,14.99,1500,1155000,2012
544,Audi,A6,7,21000,Diesel,Automatic,17.68,2000,1800000,2005
13720,Maruti,Swift Dzire,7,57000,Diesel,Manual,23.4,1250,420000,2008
5069,Mahindra,Scorpio,11,102272,Diesel,Manual,12.05,2200,520000,2002
9426,Maruti,Baleno,3,35833,Petrol,Manual,21.4,1200,565000,2015
9889,Hyundai,i10,9,50000,Petrol,Manual,20.36,1200,240000,2007
418,Mahindra,Scorpio,6,50000,Diesel,Manual,15.4,2200,1000000,2002
2133,Maruti,Baleno,3,17000,Petrol,Manual,21.4,1200,625000,2015
1426,Maruti,Swift Dzire,4,80000,Diesel,Automatic,28.4,1250,610000,2008
13377,Honda,City,7,75000,Petrol,Manual,17.4,1500,537000,1998
2248,Volkswagen,Vento,7,59000,Petrol,Manual,15.04,1600,465000,2010
5096,Renault,KWID,3,30000,Petrol,Manual,25.17,800,350000,2015
8035,Maruti,Wagon R,8,72000,Petrol,Manual,18.9,1000,290000,1999
9170,Skoda,Rapid,5,675000,Diesel,Automatic,21.66,1500,675000,2011
7927,Hyundai,Verna,3,9000,Petrol,Manual,17.0,1600,1195000,2006
10304,Hyundai,Verna,4,40000,Petrol,Manual,17.01,1600,750000,2006
13526,Maruti,Celerio,3,42000,Petrol,Manual,23.1,1000,425000,2014
14227,Hyundai,Grand,7,40000,Petrol,Manual,18.9,1200,500000,2013
7528,Ford,Ecosport,6,55000,Diesel,Manual,23.0,1500,450000,2013
10985,Ford,Ecosport,2,17000,Petrol,Manual,15.9,1500,915000,2013
8139,Ford,Ecosport,4,35000,Diesel,Manual,23.0,1500,800000,2013
6114,Maruti,Ciaz,4,38731,Petrol,Manual,20.73,1400,765000,2014
15317,Maruti,Wagon R,7,83521,"Others (CNG,LPG)",Manual,32.52,1000,335000,1999
10151,Hyundai,i20,6,99332,Diesel,Manual,22.54,1400,512000,2008
9736,Skoda,Rapid,6,52000,Diesel,Manual,21.14,1500,515000,2011
5043,Mahindra,Bolero,2,35000,Diesel,Manual,15.96,2500,870000,2000
8517,Honda,Amaze,5,40000,Diesel,Manual,25.8,1500,400000,2013
9492,Maruti,Wagon R,6,27000,Petrol,Automatic,21.5,1200,395000,1999
4015,Maruti,Celerio,3,17000,Petrol,Automatic,23.1,1000,500000,2014
11792,Honda,City,6,51235,Petrol,Automatic,18.0,1500,648000,1998
6554,Ford,Figo,9,80000,Diesel,Manual,20.0,1400,325000,2010
13541,Maruti,Swift,3,20000,Petrol,Manual,22.0,1200,645000,2005
4398,Maruti,Swift Dzire,7,91000,Diesel,Manual,23.4,1250,550000,2008
12366,Maruti,Celerio,4,40000,Petrol,Automatic,21.63,1000,500000,2014
4740,Toyota,Innova,13,132838,Diesel,Manual,12.8,2500,400000,2005
6281,Maruti,Wagon R,4,90000,Petrol,Manual,20.51,1000,320000,1999
9285,Renault,Duster,8,70000,Diesel,Manual,20.45,1500,420000,2012
11265,Hyundai,Grand,5,48000,Diesel,Manual,24.0,1100,415000,2013
3304,Volkswagen,Polo,9,96000,Diesel,Manual,22.07,1200,300000,2010
214,Renault,KWID,4,35000,Petrol,Automatic,24.04,1000,350000,2015
14702,Volkswagen,Polo,4,26000,Petrol,Manual,16.47,1200,680000,2010
11247,Hyundai,Grand,5,68000,Diesel,Manual,24.0,1100,399000,2013
3376,Maruti,Swift Dzire,3,80000,Diesel,Manual,28.4,1250,750000,2008
1659,Maruti,Ignis,2,8500,Petrol,Manual,20.89,1200,600000,2017
12294,Hyundai,i20,2,25000,Petrol,Manual,18.6,1200,775000,2008
7849,Maruti,Swift Dzire,6,25000,Petrol,Manual,20.85,1200,460000,2008
1294,Hyundai,Creta,4,60000,Diesel,Manual,21.38,1400,850000,2015
13567,Hyundai,i20,6,70000,Diesel,Manual,22.54,1400,440000,2008
2166,Maruti,Alto,7,62485,Petrol,Manual,22.74,800,260000,2000
14479,Maruti,Wagon R,16,96000,Petrol,Manual,18.9,1000,185000,1999
9396,Maruti,Swift Dzire,6,44000,Petrol,Manual,19.1,1200,450000,2008
8211,Hyundai,Creta,3,40000,Diesel,Manual,21.38,1400,915000,2015
6583,Toyota,Innova,6,65000,Diesel,Manual,12.8,2500,930000,2005
13618,Maruti,Swift Dzire,5,20000,Petrol,Manual,20.85,1200,575000,2008
10868,Ford,Ecosport,5,53000,Petrol,Automatic,16.05,1500,680000,2013
11839,Maruti,Celerio,5,12000,Petrol,Automatic,23.1,1000,475000,2014
12427,Mercedes-Benz,E-Class,4,35000,Petrol,Automatic,12.0,2000,3995000,1996
11274,BMW,3,3,15000,Diesel,Automatic,22.69,2000,3200000,2007
1826,Volkswagen,Polo,3,14000,Petrol,Manual,18.24,1000,655000,2010
9054,Hyundai,i10,11,70000,Petrol,Manual,19.81,1100,150000,2007
12775,Maruti,Vitara,2,26000,Diesel,Manual,24.3,1250,875000,2016
3589,Ford,Figo,10,73320,Diesel,Manual,20.0,1400,275000,2010
4370,Tata,Tiago,5,50500,Diesel,Manual,27.28,1050,380000,2016
93,Ford,Ecosport,4,55000,Diesel,Manual,23.0,1500,685000,2013
12898,Hyundai,i10,11,60000,Petrol,Manual,20.36,1200,275000,2007
2991,Mercedes-Benz,E-Class,10,46000,Petrol,Automatic,10.93,3500,1250000,1996
1395,Datsun,GO,4,31000,Petrol,Manual,20.63,1200,285000,2014
11574,Maruti,Alto,7,70000,Petrol,Manual,22.74,800,175000,2000
10118,Maruti,Swift Dzire,7,101000,Petrol,Manual,17.5,1300,480000,2008
3052,Hyundai,i20,11,78000,Petrol,Manual,17.0,1200,371000,2008
6642,Honda,Amaze,2,30000,Petrol,Manual,19.5,1200,610000,2013
2960,Mahindra,Bolero,12,100000,Diesel,Manual,13.6,2500,260000,2000
962,Honda,WR-V,3,24000,Petrol,Manual,17.5,1200,775000,2017
9604,Mercedes-Benz,C-Class,9,66000,Diesel,Manual,15.8,2150,899000,2001
12016,Maruti,Swift,6,82000,Diesel,Manual,28.4,1250,555000,2005
11236,Maruti,Wagon R,5,56302,"Others (CNG,LPG)",Manual,26.6,1000,280000,1999
1037,Maruti,Swift Dzire,8,120000,Diesel,Manual,23.4,1250,330000,2008
12512,Mahindra,KUV,5,21000,Diesel,Manual,25.32,1200,425000,2016
9050,Hyundai,Grand,4,30000,Diesel,Manual,24.0,1200,390000,2013
7043,Hyundai,Verna,8,90000,Diesel,Manual,22.32,1600,530000,2006
2049,Hyundai,Verna,4,49000,Diesel,Automatic,22.0,1600,1120000,2006
11664,Ford,Ecosport,6,70000,Diesel,Manual,22.77,1500,650000,2013
4317,Maruti,Swift,3,40000,Petrol,Manual,21.21,1200,550000,2005
3227,Hyundai,i20,10,68000,Diesel,Manual,23.0,1400,325000,2008
14368,Mahindra,XUV500,4,80000,Diesel,Automatic,16.0,2200,1300000,2011
12872,Renault,Duster,8,110000,Diesel,Manual,19.87,1500,415000,2012
10538,Honda,Amaze,3,12000,Petrol,Manual,17.8,1200,625000,2013
8775,Maruti,Celerio,4,19000,Petrol,Manual,23.1,1000,410000,2014
7076,Maruti,Swift Dzire,10,80000,Petrol,Manual,17.5,1200,221000,2008
7165,Maruti,Celerio,7,32000,Petrol,Manual,23.1,1000,425000,2014
11497,Hyundai,Creta,5,30000,Petrol,Manual,15.8,1600,950000,2015
3976,Hyundai,Grand,5,46861,Petrol,Automatic,18.9,1200,571000,2013
9628,Honda,Amaze,2,35000,Petrol,Manual,19.5,1200,550000,2013
1495,Honda,Amaze,8,49364,Diesel,Manual,25.8,1500,340000,2013
4950,Maruti,Swift Dzire,3,70000,Diesel,Automatic,28.4,1250,800000,2008
4262,Hyundai,Grand,6,64000,Petrol,Manual,18.9,1200,390000,2013
2041,Maruti,Swift Dzire,3,30000,Diesel,Manual,28.4,1250,775000,2008
8541,Datsun,RediGO,4,30000,Petrol,Manual,22.7,800,275000,2016
14011,Mahindra,Bolero,4,68000,Diesel,Manual,16.5,1500,515000,2000
1586,Maruti,Ciaz,5,48448,Petrol,Manual,20.73,1400,675000,2014
12319,Datsun,RediGO,4,18900,Petrol,Manual,22.7,800,245000,2016
15373,Tata,Safari,10,120000,Diesel,Manual,13.93,2200,250000,1998
6601,Hyundai,Verna,10,170000,Diesel,Manual,22.32,1600,370000,2006
10760,Maruti,Baleno,6,70000,Diesel,Manual,27.39,1250,550000,2015
3900,Mahindra,Scorpio,10,156000,Diesel,Manual,12.05,2200,565000,2002
10924,Volkswagen,Vento,7,74832,Diesel,Automatic,21.21,1500,373000,2010
833,Maruti,Vitara,2,7980,Diesel,Manual,24.3,1250,850000,2016
13286,Hyundai,Venue,1,5000,Petrol,Manual,18.27,1000,1050000,2019
1408,Honda,CR-V,4,55000,Petrol,Automatic,13.7,2000,1750000,2003
5589,Mercedes-Benz,E-Class,5,45000,Diesel,Automatic,14.21,2100,2650000,1996
11809,Hyundai,Verna,2,27000,Petrol,Manual,19.1,1400,950000,2006
1670,Hyundai,i10,12,84255,Petrol,Manual,19.81,1100,215000,2007
8773,Maruti,Vitara,5,54287,Diesel,Manual,24.3,1250,660000,2016
8201,Renault,KWID,5,45049,Petrol,Manual,25.17,800,320000,2015
4607,Maruti,Swift,10,99008,Diesel,Manual,22.9,1250,350000,2005
4021,Maruti,Alto,12,70000,Petrol,Manual,19.7,800,165000,2000
4941,Renault,Duster,6,159000,Diesel,Manual,19.01,1500,625000,2012
12306,Maruti,Wagon R,4,29852,"Others (CNG,LPG)",Manual,26.6,1000,431000,1999
10102,Hyundai,Grand,4,16249,Petrol,Manual,18.9,1200,455000,2013
4995,Hyundai,i20,2,11972,Petrol,Manual,18.6,1200,635000,2008
2838,Volkswagen,Vento,4,41000,Petrol,Automatic,18.19,1200,750000,2010
4623,Hyundai,i20,6,65922,Petrol,Manual,18.6,1200,530000,2008
462,Honda,Amaze,5,34000,Petrol,Manual,18.0,1200,500000,2013
1922,Volkswagen,Vento,9,70000,Diesel,Manual,20.54,1600,280000,2010
2720,Hyundai,i10,8,42000,Petrol,Automatic,16.95,1200,360000,2007
5312,Maruti,Celerio,5,50000,Petrol,Manual,23.1,1000,450000,2014
9089,Maruti,Swift,6,61000,Diesel,Manual,28.4,1250,450000,2005
4011,Maruti,Swift,11,110000,Diesel,Manual,17.8,1250,300000,2005
8661,Tata,Tiago,2,10000,Petrol,Manual,23.84,1200,470000,2016
10044,Hyundai,i10,6,40000,Petrol,Manual,19.81,1100,305000,2007
4467,Maruti,Alto,12,60000,Petrol,Manual,19.7,800,106000,2000
1371,BMW,X1,10,42545,Diesel,Automatic,19.62,2000,1075000,2010
11410,Volkswagen,Polo,8,83703,Diesel,Manual,22.07,1200,236000,2010
4532,Renault,Duster,4,850000,Diesel,Manual,19.87,1500,850000,2012
4390,Honda,City,13,78000,Petrol,Manual,17.0,1500,350000,1998
13803,Honda,WR-V,4,22500,Petrol,Manual,17.5,1200,733000,2017
6266,Maruti,Swift,9,58000,Petrol,Manual,18.6,1200,425000,2005
12443,Mahindra,XUV500,4,48800,Diesel,Automatic,16.0,2200,1300000,2011
14776,Maruti,Ciaz,3,21052,Petrol,Automatic,19.12,1400,885000,2014
12259,Maruti,Alto,4,20700,"Others (CNG,LPG)",Manual,33.44,800,381000,2000
11304,Maruti,Wagon R,8,25840,Petrol,Manual,20.51,1000,300000,1999
7658,Renault,KWID,5,42000,Petrol,Manual,25.17,800,295000,2015
4449,Maruti,Wagon R,6,70000,Petrol,Manual,20.51,1000,380000,1999
2254,Toyota,Innova,9,130000,Diesel,Manual,12.99,2500,700000,2005
4669,Renault,KWID,5,50000,Petrol,Manual,25.17,800,252000,2015
4574,Toyota,Innova,6,110000,Diesel,Manual,12.99,2500,1285000,2005
10142,Maruti,Swift,6,31000,Petrol,Manual,20.4,1200,425000,2005
10691,Hyundai,i10,7,62000,Petrol,Manual,20.36,1200,310000,2007
4338,Maruti,Wagon R,12,100000,"Others (CNG,LPG)",Manual,17.3,1100,150000,1999
6687,Maruti,Alto,10,100000,Petrol,Manual,20.92,1000,215000,2000
3964,Hyundai,Grand,5,91288,Diesel,Manual,24.0,1100,583000,2013
3095,BMW,X1,7,116653,Diesel,Automatic,17.05,2000,1150000,2010
466,Mahindra,Bolero,13,120000,Diesel,Manual,13.6,2500,375000,2000
12856,Honda,Amaze,6,39600,Diesel,Manual,25.8,1500,490000,2013
7736,Renault,KWID,5,23000,Petrol,Manual,22.3,800,245000,2015
9584,Maruti,Swift,15,84800,Petrol,Manual,16.1,1200,185000,2005
13556,Hyundai,Santro,11,32400,Petrol,Manual,17.92,1100,270000,1998
4126,Toyota,Fortuner,11,131000,Diesel,Manual,11.5,3000,1185000,2009
14379,Toyota,Innova,4,47000,Diesel,Manual,13.68,2400,1750000,2005
871,Renault,Duster,6,56308,Diesel,Manual,20.45,1500,440000,2012
8493,Ford,Freestyle,3,7000,Petrol,Manual,19.0,1200,750000,2018
8612,Volkswagen,Vento,6,260000,Diesel,Automatic,21.21,1500,700000,2010
4456,Ford,Aspire,3,50000,Petrol,Manual,18.16,1200,530000,2015
3079,Maruti,Swift Dzire,6,96000,Diesel,Manual,26.59,1250,450000,2008
11658,Mahindra,XUV500,2,10000,Diesel,Manual,15.1,2200,1550000,2011
8042,Maruti,Vitara,3,36000,Diesel,Manual,24.3,1250,735000,2016
10694,Honda,Civic,2,3000,Petrol,Automatic,16.5,1800,1750000,2006
4207,Hyundai,Creta,2,5000,Petrol,Automatic,14.8,1600,1350000,2015
9462,Maruti,Wagon R,9,49000,Petrol,Manual,20.51,1000,231000,1999
1517,Maruti,Swift,9,52000,Petrol,Manual,18.6,1200,299000,2005
5202,Maruti,Swift Dzire,5,62454,Petrol,Manual,19.0,1200,334000,2008
3669,Volkswagen,Vento,10,70000,Diesel,Manual,20.54,1600,349000,2010
880,Hyundai,i20,6,39000,Petrol,Manual,18.6,1200,526000,2008
11687,Mercedes-Benz,E-Class,12,96000,Diesel,Automatic,11.0,3000,1050000,1996
8205,Hyundai,Grand,5,35000,Petrol,Manual,18.9,1200,410000,2013
12992,Hyundai,i20,4,68678,Diesel,Manual,21.19,1400,751000,2008
979,Honda,Amaze,1,1800,Petrol,Manual,19.5,1200,720000,2013
8625,Hyundai,i20,11,70000,Petrol,Manual,18.5,1200,250000,2008
4819,Hyundai,Creta,2,51000,Diesel,Manual,21.38,1400,1150000,2015
12931,Maruti,Swift,3,59311,Diesel,Manual,28.4,1250,800000,2005
718,Maruti,Swift Dzire,12,94000,Diesel,Manual,19.3,1250,255000,2008
9367,Hyundai,i20,10,57000,Petrol,Manual,17.0,1200,259000,2008
11356,Hyundai,i10,5,46568,Petrol,Manual,19.81,1100,330000,2007
4909,Maruti,Alto,8,180000,Petrol,Manual,22.74,800,180000,2000
4405,Maruti,Baleno,2,69000,Diesel,Manual,27.39,1250,790000,2015
8341,Maruti,Baleno,5,479000,Diesel,Manual,27.39,1250,479000,2015
9940,Ford,Figo,7,60000,Petrol,Manual,15.6,1200,175000,2010
11343,Toyota,Fortuner,4,60000,Diesel,Automatic,12.9,2800,2750000,2009
4752,Hyundai,i20,5,73575,Petrol,Manual,18.6,1200,450000,2008
15354,Maruti,Celerio,4,50000,Petrol,Manual,23.1,1000,500000,2014
9088,Hyundai,Grand,4,40000,Diesel,Manual,24.0,1100,425000,2013
12577,Toyota,Innova,10,120000,Diesel,Manual,12.8,2500,450000,2005
4627,Mahindra,Bolero,18,90000,Diesel,Manual,13.6,2500,150000,2000
14279,Audi,A4,8,38672,Diesel,Automatic,15.2,2000,1285000,2008
11478,Hyundai,i10,11,65000,Petrol,Manual,19.81,1100,175000,2007
11668,Hyundai,i20,4,60000,Diesel,Manual,22.54,1400,625000,2008
1045,Hyundai,i20,4,42000,Diesel,Manual,23.0,1400,549000,2008
7223,Hyundai,i20,8,33135,Petrol,Manual,18.5,1200,325000,2008
421,BMW,5,5,52890,Diesel,Automatic,18.12,2000,2800000,2007
10267,Maruti,Baleno,5,32000,Petrol,Manual,21.4,1200,620000,2015
912,Maruti,Swift,8,57300,Diesel,Manual,28.4,1250,340000,2005
3548,Maruti,Swift Dzire,8,40000,Petrol,Manual,19.1,1200,400000,2008
368,Ford,Ecosport,2,22346,Petrol,Manual,17.0,1500,955000,2013
10220,Mercedes-Benz,E-Class,6,61498,Diesel,Automatic,13.0,2100,2100000,1996
10551,Honda,City,5,75000,Petrol,Manual,17.8,1500,685000,1998
14074,Hyundai,Grand,7,50000,Petrol,Manual,18.9,1200,360000,2013
11864,Maruti,Alto,11,100000,Petrol,Manual,19.7,800,110000,2000
11455,Hyundai,Creta,5,54000,Diesel,Manual,19.67,1600,875000,2015
8056,Datsun,GO,2,23000,Petrol,Manual,19.83,1200,415000,2014
10588,Honda,City,6,25720,Petrol,Manual,17.8,1500,765000,1998
3393,Maruti,Ertiga,4,19000,Diesel,Manual,24.52,1250,895000,2012
5688,Honda,Amaze,3,40000,Diesel,Automatic,23.8,1500,765000,2013
9632,Hyundai,i20,5,29842,Petrol,Manual,18.5,1200,499000,2008
8664,Maruti,Alto,12,35000,Petrol,Manual,19.7,800,225000,2000
9772,Maruti,Swift Dzire,4,10000,Petrol,Manual,21.21,1200,675000,2008
6801,Hyundai,Verna,6,50000,Diesel,Manual,23.9,1600,750000,2006
8397,Hyundai,Verna,10,50000,Petrol,Manual,17.01,1600,170000,2006
102,Hyundai,i20,8,55000,Diesel,Manual,21.9,1400,385000,2008
12355,Honda,City,6,70500,Diesel,Manual,26.0,1500,650000,1998
1300,Honda,City,7,59250,Petrol,Manual,17.4,1500,575000,1998
5509,Maruti,Swift Dzire,4,77000,Diesel,Manual,26.59,1250,750000,2008
8219,Ford,Endeavour,5,40000,Diesel,Automatic,12.62,2200,2150000,2003
999,Maruti,Alto,2,12955,Petrol,Manual,23.95,1000,375000,2000
9974,Honda,City,4,70000,Diesel,Manual,26.0,1500,825000,1998
3785,Hyundai,i20,6,54625,Petrol,Manual,18.6,1200,595000,2008
4686,Hyundai,Grand,4,37903,Petrol,Manual,18.9,1200,643000,2013
2167,Maruti,Ciaz,5,59000,Diesel,Manual,26.21,1250,710000,2014
1858,Honda,City,12,120000,Petrol,Manual,17.0,1500,235000,1998
2560,Maruti,Swift Dzire,11,87000,Diesel,Manual,19.3,1250,325000,2008
6072,Toyota,Innova,6,86000,Diesel,Manual,12.8,2500,1345000,2005
14498,Hyundai,Creta,3,47800,Petrol,Automatic,14.8,1600,1215000,2015
1681,Mahindra,XUV500,6,72500,Diesel,Manual,15.1,2200,811000,2011
7334,Maruti,Eeco,7,50000,Petrol,Manual,15.37,1200,250000,2010
11295,Mercedes-Benz,E-Class,4,48000,Diesel,Automatic,16.1,1950,3750000,1996
7027,Tata,Nexon,2,17000,Diesel,Manual,21.5,1500,715000,2017
2569,Ford,Figo,10,18800,Petrol,Manual,15.6,1200,225000,2010
11101,Hyundai,Creta,5,35000,Diesel,Manual,19.67,1600,1050000,2015
6835,Maruti,Swift Dzire,6,85316,Diesel,Manual,23.4,1250,580000,2008
3410,Mercedes-Benz,S-Class,4,6500,Diesel,Automatic,13.5,3000,8150000,1994
8265,Maruti,Wagon R,9,37000,Petrol,Manual,18.9,1000,250000,1999
3807,Hyundai,i20,7,66266,Diesel,Manual,21.27,1400,545000,2008
3365,Volkswagen,Polo,4,18171,Petrol,Manual,16.2,1200,598000,2010
12271,Renault,Duster,7,56000,Diesel,Manual,19.64,1500,525000,2012
7120,Maruti,Swift Dzire,6,57000,Diesel,Manual,26.59,1250,525000,2008
13114,Toyota,Innova,4,110000,Diesel,Automatic,11.36,2800,1600000,2005
5382,Maruti,Swift Dzire,7,75000,Diesel,Manual,19.3,1250,595000,2008
13739,Hyundai,Verna,7,32000,Petrol,Manual,17.01,1600,580000,2006
4271,Hyundai,Creta,2,10000,Diesel,Automatic,17.6,1600,1550000,2015
335,Volkswagen,Vento,10,280000,Diesel,Manual,20.54,1600,300000,2010
8214,Ford,Ecosport,3,36000,Diesel,Manual,23.0,1500,825000,2013
5085,Maruti,Swift Dzire,9,100000,Diesel,Manual,19.3,1250,371000,2008
4869,Renault,KWID,3,29000,Petrol,Manual,23.01,1000,370000,2015
13153,Maruti,Alto,13,30000,Petrol,Manual,19.7,800,200000,2000
1488,Hyundai,Verna,9,90000,Diesel,Manual,22.32,1600,370000,2006
542,Mahindra,Bolero,3,60000,Diesel,Manual,15.96,2500,750000,2000
3451,Maruti,Wagon R,5,39000,Petrol,Manual,20.51,1000,420000,1999
13862,Mahindra,Bolero,1,2000,Diesel,Manual,16.5,1500,800000,2000
826,Honda,City,12,66000,Petrol,Manual,17.0,1500,262000,1998
2867,Maruti,Swift Dzire,9,82000,Diesel,Manual,26.59,1250,481000,2008
10230,Hyundai,Verna,10,110000,Diesel,Manual,22.32,1600,400000,2006
9460,Audi,A4,4,45500,Diesel,Automatic,18.25,2000,2800000,2008
5481,Volkswagen,Vento,8,110000,Diesel,Manual,20.54,1600,400000,2010
13495,Ford,Figo,10,60000,Diesel,Manual,20.0,1400,230000,2010
2058,Honda,Jazz,6,15000,Petrol,Manual,18.7,1200,561000,2009
11142,Maruti,Baleno,6,65000,Petrol,Manual,21.4,1200,510000,2015
10891,Hyundai,Santro,10,64000,Petrol,Manual,17.92,1100,210000,1998
14469,Maruti,Wagon R,15,37000,Petrol,Manual,21.79,1000,135000,1999
818,Maruti,Wagon R,2,6000,Petrol,Manual,20.52,1200,500000,1999
4889,Tata,Nexon,4,35000,Diesel,Manual,21.5,1500,900000,2017
12831,Hyundai,Verna,3,12000,Petrol,Automatic,15.92,1600,1200000,2006
10628,Hyundai,i20,4,30000,Petrol,Manual,18.6,1200,525000,2008
13887,Renault,KWID,5,47000,Petrol,Manual,25.17,800,225000,2015
3210,Maruti,Baleno,4,35092,Petrol,Manual,21.01,1200,545000,2015
10922,Hyundai,Creta,5,52000,Diesel,Manual,19.67,1600,950000,2015
14694,BMW,3,7,88000,Diesel,Automatic,18.88,2000,2250000,2007
14534,Toyota,Innova,5,70000,Diesel,Manual,13.68,2400,1600000,2005
12039,Hyundai,Grand,6,49000,Petrol,Automatic,18.9,1200,490000,2013
8839,Maruti,Eeco,9,56000,Petrol,Manual,15.37,1200,175000,2010
908,Hyundai,Grand,6,59000,Petrol,Manual,18.9,1200,425000,2013
562,Maruti,Wagon R,12,113000,Petrol,Manual,21.79,1000,135000,1999
3927,Volkswagen,Polo,4,100000,Diesel,Manual,20.14,1500,615000,2010
6698,Hyundai,Creta,4,75130,Diesel,Manual,19.67,1600,1150000,2015
7300,Maruti,Wagon R,3,30000,Petrol,Manual,20.51,1000,425000,1999
4829,Maruti,Baleno,2,16780,Petrol,Manual,21.01,1200,695000,2015
10182,Maruti,Swift,11,57000,Petrol,Manual,16.1,1300,250000,2005
8450,Hyundai,Grand,6,35000,Petrol,Automatic,18.9,1200,515000,2013
12437,Ford,Freestyle,2,15000,Petrol,Manual,19.0,1200,750000,2018
15022,Ford,Ecosport,6,53000,Petrol,Automatic,14.7,1500,625000,2013
4327,Maruti,Swift Dzire,6,70000,Diesel,Manual,26.59,1250,550000,2008
12017,Maruti,Celerio,4,15996,Petrol,Automatic,23.1,1000,450000,2014
12136,Mercedes-Benz,C-Class,3,15000,Diesel,Automatic,19.27,2100,3200000,2001
14277,Toyota,Innova,5,57000,Diesel,Automatic,13.68,2400,1700000,2005
4310,Toyota,Innova,6,78000,Diesel,Manual,12.8,2500,1375000,2005
5955,Volkswagen,Vento,8,114000,Diesel,Manual,20.54,1600,425000,2010
2526,Maruti,Alto,4,70000,Petrol,Manual,24.07,1000,300000,2000
869,Ford,Ecosport,5,23256,Petrol,Manual,17.0,1500,585000,2013
8698,Maruti,Baleno,3,31400,Petrol,Manual,21.01,1200,635000,2015
9171,Toyota,Innova,4,53400,Petrol,Manual,11.25,2700,1427000,2005
1745,Volkswagen,Polo,3,18523,Petrol,Automatic,17.21,1800,875000,2010
9251,Maruti,Wagon R,7,58000,Petrol,Manual,20.51,1000,300000,1999
10017,Maruti,Alto,6,90000,"Others (CNG,LPG)",Manual,30.46,800,216000,2000
1571,Ford,Figo,9,90566,Diesel,Manual,20.0,1400,250000,2010
8571,Hyundai,i20,4,25000,Petrol,Manual,17.19,1200,650000,2008
14577,Hyundai,i10,8,25981,Petrol,Manual,20.36,1200,399000,2007
8930,Honda,City,8,38000,Petrol,Manual,16.8,1500,450000,1998
8510,Maruti,Ciaz,3,24099,Diesel,Manual,28.09,1250,800000,2014
13434,Maruti,Wagon R,10,120000,Petrol,Manual,18.9,1000,275000,1999
9777,Maruti,Eeco,2,17000,Petrol,Manual,15.37,1200,390000,2010
3354,Ford,Figo,11,60000,Diesel,Manual,20.0,1400,250000,2010
8036,Renault,KWID,5,60000,Petrol,Manual,23.01,1000,215000,2015
4881,Maruti,Swift Dzire,11,110000,Diesel,Manual,19.3,1250,280000,2008
7918,Mahindra,XUV500,8,163168,Diesel,Manual,15.1,2200,600000,2011
10791,Hyundai,Verna,7,68000,Diesel,Manual,22.32,1600,475000,2006
12337,Mercedes-Benz,GL-Class,7,50000,Diesel,Automatic,11.3,3000,3650000,2010
8183,Ford,Aspire,4,35000,Petrol,Manual,18.16,1200,475000,2015
2603,Volkswagen,Polo,7,42000,Petrol,Automatic,17.21,1200,610000,2010
12567,Audi,A4,7,49000,Diesel,Automatic,17.11,2000,1850000,2008
11276,Toyota,Innova,6,75000,Diesel,Manual,12.99,2500,970000,2005
12156,Jaguar,XF,6,90000,Diesel,Automatic,16.36,2200,2500000,2009
7132,Maruti,Wagon R,13,28640,Petrol,Manual,18.9,1000,166000,1999
8076,Mahindra,XUV500,6,80000,Diesel,Manual,15.1,2200,1000000,2011
630,Maruti,Ertiga,9,65000,Diesel,Manual,20.77,1250,430000,2012
5131,Honda,Jazz,3,58001,Petrol,Manual,16.0,1200,600000,2009
257,Honda,City,7,66100,Diesel,Manual,26.0,1500,530000,1998
12933,Maruti,Alto,7,53000,Petrol,Manual,23.95,1000,290000,2000
401,Honda,Amaze,7,45120,Diesel,Manual,25.8,1500,367000,2013
6080,Toyota,Innova,7,71000,Diesel,Manual,12.99,2500,1050000,2005
13202,Maruti,Swift,4,28000,Petrol,Manual,20.4,1200,629000,2005
5584,Volkswagen,Polo,9,30000,Petrol,Manual,16.47,1200,300000,2010
9024,Toyota,Fortuner,11,182432,Diesel,Manual,11.5,3000,1225000,2009
2938,Toyota,Innova,8,135000,Diesel,Manual,12.99,2500,825000,2005
13677,Ford,Figo,7,60000,Diesel,Manual,20.0,1400,210000,2010
2465,Mahindra,Thar,6,74000,Diesel,Manual,18.06,2500,551000,2010
1217,Maruti,Swift,8,72000,Diesel,Manual,28.4,1250,410000,2005
4005,Mahindra,XUV500,5,110000,Diesel,Automatic,16.0,2200,1025000,2011
3600,Volkswagen,Vento,7,95000,Diesel,Manual,20.54,1600,525000,2010
51,Hyundai,i20,2,39000,Petrol,Manual,18.6,1200,655000,2008
14164,Maruti,Swift,3,18000,Petrol,Manual,22.0,1200,580000,2005
960,Maruti,Wagon R,6,18650,Petrol,Manual,21.5,1200,299000,1999
4734,Hyundai,i10,12,39054,Petrol,Manual,19.81,1100,250000,2007
10327,Maruti,Swift Dzire,7,90000,Diesel,Manual,23.4,1250,360000,2008
4952,Honda,WR-V,4,70000,Diesel,Manual,25.5,1500,760000,2017
2081,Volkswagen,Polo,5,22500,Petrol,Automatic,17.21,1200,680000,2010
10841,Volkswagen,Polo,4,35000,Petrol,Automatic,17.21,1200,750000,2010
4484,Mercedes-Benz,C-Class,10,72000,Diesel,Automatic,15.8,2100,1275000,2001
1131,Mahindra,Scorpio,6,60000,Diesel,Manual,15.4,2000,1050000,2002
6344,Maruti,Swift,10,80000,Diesel,Manual,22.9,1250,350000,2005
12674,Renault,Duster,7,150000,Diesel,Manual,19.01,1500,485000,2012
9084,Hyundai,i20,5,48000,Diesel,Manual,22.54,1400,750000,2008
13094,Maruti,Swift,6,50000,Petrol,Manual,20.4,1200,435000,2005
10900,Hyundai,Verna,8,62485,Petrol,Manual,17.1,1600,445000,2006
14747,Hyundai,Grand,2,10000,Petrol,Manual,18.9,1200,540000,2013
948,Mahindra,KUV,4,20000,Petrol,Manual,18.15,1200,380000,2016
13890,Maruti,Swift Dzire,2,11000,Petrol,Manual,22.0,1200,645000,2008
5705,Maruti,Swift,2,21750,Petrol,Manual,22.0,1200,580000,2005
2610,Hyundai,i20,3,39000,Petrol,Manual,18.6,1200,653000,2008
12780,Maruti,Swift Dzire,10,86000,Diesel,Manual,19.3,1250,420000,2008
3224,Mercedes-Benz,C-Class,10,110500,Petrol,Automatic,11.74,1800,900000,2001
7048,Tata,Safari,7,75875,Diesel,Manual,14.0,2200,525000,1998
3378,Maruti,Ertiga,3,24000,Petrol,Manual,19.34,1500,875000,2012
9924,Maruti,Celerio,6,34000,Petrol,Manual,23.1,1000,365000,2014
6488,Maruti,Ciaz,2,13682,Petrol,Manual,21.56,1500,850000,2014
2566,Mercedes-Benz,E-Class,12,78000,Diesel,Automatic,14.21,2100,660000,1996
5050,Renault,Duster,7,90000,Diesel,Manual,20.45,1500,450000,2012
6375,Ford,Aspire,4,27000,Petrol,Manual,18.16,1200,540000,2015
6688,Maruti,Swift Dzire,6,46000,Petrol,Manual,22.0,1200,515000,2008
12827,BMW,X5,2,10351,Diesel,Automatic,13.38,3000,8100000,2007
10316,BMW,3,8,69000,Diesel,Automatic,18.88,2000,1460000,2007
10177,Audi,A6,10,34000,Diesel,Automatic,12.4,2700,1100000,2005
10289,Maruti,Alto,5,50000,Petrol,Automatic,23.95,1000,335000,2000
6015,BMW,7,15,99900,Petrol,Automatic,8.45,3000,925000,2002
15389,Maruti,Swift Dzire,4,30798,Diesel,Automatic,28.4,1250,835000,2008
9127,Hyundai,i20,5,35000,Petrol,Manual,18.6,1200,530000,2008
10456,Honda,Amaze,6,62000,Diesel,Manual,25.8,1500,320000,2013
7186,Maruti,Alto,2,5000,Petrol,Manual,23.95,1000,420000,2000
4651,Hyundai,Grand,4,28000,Petrol,Manual,18.9,1200,511000,2013
3196,Volkswagen,Polo,7,68000,Diesel,Manual,15.11,1600,485000,2010
10248,Skoda,Superb,5,37000,Petrol,Automatic,14.67,1800,1545000,2004
3124,Mercedes-Benz,C-Class,10,88002,Diesel,Automatic,15.8,2100,1325000,2001
3101,Volkswagen,Polo,5,20000,Petrol,Manual,16.2,1200,550000,2010
3392,Maruti,Swift Dzire,4,60000,Diesel,Automatic,28.4,1250,750000,2008
9286,Maruti,Ciaz,6,49000,Diesel,Manual,28.09,1250,549000,2014
8355,Hyundai,i20,3,25000,Petrol,Manual,18.6,1200,599000,2008
12682,Maruti,Swift,13,93000,Petrol,Manual,16.1,1300,165000,2005
12477,Hyundai,Creta,5,85000,Diesel,Manual,19.67,1600,1095000,2015
15348,Toyota,Innova,5,90000,Diesel,Manual,12.99,2500,945000,2005
770,Hyundai,Verna,6,90000,Diesel,Manual,23.9,1600,525000,2006
2946,Mercedes-Benz,E-Class,7,40000,Diesel,Automatic,13.0,2100,2070000,1996
2400,Volkswagen,Vento,6,80000,Diesel,Manual,20.34,1500,600000,2010
7340,Mercedes-Benz,E-Class,9,140000,Diesel,Automatic,13.0,3000,2550000,1996
4427,BMW,X1,5,36806,Diesel,Automatic,20.68,2000,2700000,2010
2104,Mahindra,KUV100,2,15000,Petrol,Manual,18.15,1200,570000,2016
5332,Maruti,Swift Dzire,2,15000,Diesel,Automatic,28.4,1250,800000,2008
15407,Maruti,Ertiga,2,18000,Petrol,Manual,17.5,1400,925000,2012
6400,Maruti,Ciaz,2,12000,Petrol,Manual,21.56,1500,990000,2014
2950,Hyundai,Verna,5,100000,Diesel,Manual,23.9,1600,700000,2006
14413,Maruti,Alto,3,25000,Petrol,Manual,24.7,800,300000,2000
5491,Datsun,GO,3,22000,Petrol,Manual,19.44,1200,400000,2014
5329,Hyundai,Grand,6,37000,Petrol,Manual,18.9,1200,425000,2013
90,Hyundai,Verna,3,14000,Diesel,Automatic,22.0,1600,1250000,2006
3018,Skoda,Rapid,8,69000,Petrol,Manual,15.0,1600,325000,2011
7954,Maruti,Swift Dzire,2,9000,Petrol,Manual,21.21,1200,650000,2008
12737,Renault,KWID,5,14000,Petrol,Manual,22.3,800,370000,2015
13706,Ford,Figo,10,56000,Petrol,Manual,15.6,1200,370000,2010
11310,Maruti,Wagon R,5,65000,"Others (CNG,LPG)",Manual,33.54,1000,310000,1999
12471,Maruti,Alto,9,36000,Petrol,Manual,20.92,1000,245000,2000
14803,Honda,CR-V,17,87000,Petrol,Automatic,13.7,2000,450000,2003
8808,Datsun,GO,6,36000,Petrol,Manual,19.02,1200,290000,2014
9057,Maruti,Celerio,5,24262,Petrol,Automatic,23.1,1000,460000,2014
14793,Ford,Ecosport,3,30000,Diesel,Manual,23.0,1500,765000,2013
2101,BMW,3,7,55000,Diesel,Automatic,18.88,2000,1685000,2007
3510,Hyundai,i20,11,102000,Diesel,Manual,21.9,1400,300000,2008
5761,Ford,Aspire,5,57500,Diesel,Manual,25.83,1500,536000,2015
5926,Maruti,Ciaz,2,15000,Diesel,Manual,26.32,1500,870000,2014
9764,Honda,Amaze,2,45000,Petrol,Automatic,18.3,1200,675000,2013
11745,Hyundai,i20,10,52846,Petrol,Manual,17.0,1200,385000,2008
8623,Maruti,Wagon R,10,76239,"Others (CNG,LPG)",Manual,26.2,1000,260000,1999
11513,Hyundai,Grand,6,46000,Diesel,Manual,24.0,1100,335000,2013
1641,Maruti,Swift,5,20000,Petrol,Manual,22.0,1200,525000,2005
11983,Mahindra,Marazzo,3,38000,Diesel,Manual,17.3,1500,1100000,2018
10303,Maruti,Wagon R,9,71000,"Others (CNG,LPG)",Manual,33.54,1000,275000,1999
6850,Toyota,Innova,4,97000,Diesel,Manual,13.68,2400,1750000,2005
6345,Toyota,Innova,6,91000,Diesel,Manual,12.99,2500,1150000,2005
7804,Maruti,Swift,10,40000,Petrol,Manual,16.6,1200,280000,2005
14095,Honda,City,11,78000,Petrol,Manual,17.0,1500,340000,1998
2763,Skoda,Rapid,5,48000,Diesel,Automatic,21.66,1500,675000,2011
1101,Datsun,GO,4,24000,Petrol,Manual,19.44,1200,425000,2014
11308,Honda,City,4,19000,Petrol,Manual,17.4,1500,825000,1998
12186,Hyundai,Grand,7,60000,Petrol,Manual,18.9,1200,396000,2013
10157,Maruti,Swift Dzire,5,62000,Petrol,Manual,19.0,1200,450000,2008
139,BMW,3,5,68000,Diesel,Automatic,22.69,2000,2090000,2007
13797,Mahindra,KUV,5,43405,Diesel,Manual,25.32,1200,475000,2016
9988,Toyota,Fortuner,2,45000,Diesel,Automatic,12.9,2800,3300000,2009
1077,Mercedes-Benz,C-Class,10,60000,Petrol,Automatic,11.74,1800,900000,2001
10273,Hyundai,i20,3,4000,Petrol,Automatic,18.6,1400,790000,2008
9045,Hyundai,Santro,14,50000,Petrol,Manual,17.8,1100,60000,1998
3546,Maruti,Swift Dzire,10,64000,Diesel,Manual,19.3,1250,395000,2008
475,Maruti,Swift Dzire,1,35000,Petrol,Manual,21.21,1200,670000,2008
7276,Datsun,RediGO,5,13000,Petrol,Manual,22.7,800,285000,2016
15191,Toyota,Fortuner,9,148400,Diesel,Automatic,12.55,3000,1325000,2009
10294,Hyundai,Creta,3,21500,Petrol,Automatic,13.0,1600,1245000,2015
1452,Renault,KWID,2,5700,Petrol,Manual,23.01,1000,360000,2015
13817,Maruti,Ertiga,7,60000,Petrol,Manual,16.02,1400,650000,2012
2042,Hyundai,i20,11,100000,Petrol,Manual,17.0,1200,310000,2008
6172,Mahindra,Bolero,3,55000,Diesel,Manual,15.96,2500,800000,2000
8754,Honda,Jazz,4,78000,Diesel,Manual,27.3,1500,635000,2009
7499,BMW,3,11,63000,Diesel,Automatic,16.07,2000,750000,2007
2108,Maruti,Alto,5,65000,Petrol,Manual,22.74,800,285000,2000
13792,Maruti,Ertiga,4,20000,Petrol,Manual,17.5,1400,750000,2012
5610,Mahindra,Bolero,10,120000,Diesel,Manual,13.6,2500,380000,2000
8387,Hyundai,Creta,2,15000,Diesel,Manual,22.1,1400,1050000,2015
8985,Honda,City,9,47000,Petrol,Manual,16.8,1500,395000,1998
7683,Maruti,Wagon R,12,45641,Petrol,Manual,18.9,1000,190000,1999
10667,Maruti,Baleno,3,8610,Petrol,Automatic,19.56,1200,725000,2015
1991,Hyundai,Verna,2,6500,Petrol,Manual,17.1,1600,1035000,2006
11146,Volkswagen,Vento,10,68500,Petrol,Manual,15.04,1600,281000,2010
8445,Hyundai,Grand,3,23000,Diesel,Manual,24.0,1200,540000,2013
11528,Maruti,Baleno,3,16315,Petrol,Manual,21.4,1200,590000,2015
6252,Hyundai,i20,6,30000,Petrol,Manual,18.6,1200,550000,2008
2654,Honda,City,14,58641,Petrol,Manual,17.7,1500,195000,1998
12759,Maruti,Baleno,4,52000,Diesel,Manual,27.39,1250,575000,2015
440,Ford,Freestyle,2,50000,Petrol,Manual,19.0,1200,650000,2018
10515,Maruti,Vitara,3,40000,Diesel,Manual,24.3,1250,645000,2016
10897,Renault,Duster,7,101895,Diesel,Manual,20.45,1500,412000,2012
10535,Honda,City,4,20000,Petrol,Automatic,18.0,1500,1125000,1998
6260,Hyundai,Venue,2,35000,Diesel,Manual,23.7,1400,980000,2019
6207,Hyundai,Verna,8,100000,Diesel,Manual,22.32,1600,700000,2006
3811,Maruti,Ertiga,5,84000,Diesel,Manual,24.52,1250,825000,2012
6005,Ford,Ecosport,5,60000,Diesel,Manual,22.77,1500,700000,2013
15125,Maruti,Alto,3,15000,Petrol,Manual,24.7,800,250000,2000
12344,Renault,Duster,6,90431,Diesel,Manual,20.45,1500,500000,2012
3908,Maruti,Swift Dzire,6,77500,Diesel,Manual,26.59,1250,480000,2008
89,Hyundai,i20,9,49566,Petrol,Manual,18.5,1200,280000,2008
12867,Mahindra,XUV500,6,40000,Diesel,Manual,15.1,2200,950000,2011
6712,Volkswagen,Vento,9,830000,Diesel,Manual,20.54,1600,380000,2010
3230,Maruti,Swift Dzire,6,67000,Petrol,Manual,20.85,1200,575000,2008
2985,Mahindra,Scorpio,8,64253,Diesel,Manual,14.0,2500,625000,2002
6225,Skoda,Rapid,3,52865,Diesel,Automatic,21.66,1500,950000,2011
14514,Maruti,Ciaz,7,120000,Diesel,Manual,26.21,1250,560000,2014
119,Honda,City,5,49625,Petrol,Manual,17.8,1500,725000,1998
1367,Maruti,Swift,9,115000,Diesel,Manual,22.9,1250,300000,2005
3839,Ford,Ecosport,6,37000,Petrol,Automatic,15.63,1500,665000,2013
365,Maruti,Baleno,3,10000,Petrol,Automatic,21.4,1200,680000,2015
6794,Maruti,Swift,3,40000,Petrol,Manual,22.0,1200,570000,2005
6429,Maruti,Alto,4,23000,Petrol,Manual,24.7,800,285000,2000
14569,Volkswagen,Polo,4,59894,Petrol,Manual,16.2,1200,543000,2010
4055,Hyundai,Verna,13,90000,Diesel,Manual,16.8,1500,190000,2006
5335,Renault,KWID,2,10000,Petrol,Manual,25.17,800,375000,2015
14736,Maruti,Swift Dzire,3,14506,Petrol,Automatic,22.0,1200,765000,2008
8309,Maruti,Swift,7,89000,Diesel,Manual,25.2,1250,350000,2005
12676,Maruti,Swift Dzire,3,60000,Petrol,Manual,19.95,1200,400000,2008
9081,Maruti,Swift,5,60000,Petrol,Manual,20.4,1200,450000,2005
2455,Hyundai,i10,10,102000,Petrol,Automatic,16.95,1200,285000,2007
7084,Mahindra,XUV500,8,80000,Diesel,Manual,15.1,2200,700000,2011
15332,Maruti,Wagon R,9,70000,Petrol,Manual,18.9,1000,220000,1999
1759,Maruti,Wagon R,16,138008,Petrol,Manual,18.9,1000,110000,1999
7015,Hyundai,i20,5,64000,Diesel,Manual,22.54,1400,535000,2008
4919,Mahindra,Bolero,11,199900,Diesel,Manual,13.6,2500,350000,2000
5385,Maruti,Swift Dzire,4,40000,Petrol,Automatic,22.0,1200,623000,2008
14282,Honda,Civic,13,60000,Petrol,Manual,13.5,1800,350000,2006
5775,Maruti,Wagon R,13,70000,"Others (CNG,LPG)",Manual,17.3,1100,117000,1999
10463,Maruti,Vitara,5,63000,Diesel,Manual,24.3,1250,675000,2016
8956,Hyundai,i20,4,30000,Petrol,Manual,17.0,1200,535000,2008
5599,Volkswagen,Vento,6,74450,Diesel,Automatic,21.5,1500,675000,2010
3928,Hyundai,i10,9,68000,Petrol,Automatic,16.95,1200,370000,2007
9806,Ford,Figo,8,30000,Diesel,Manual,20.0,1400,250000,2010
15252,Hyundai,Verna,7,106000,Petrol,Manual,17.01,1600,675000,2006
1668,Maruti,Swift,7,62500,Diesel,Manual,25.2,1250,485000,2005
224,Volkswagen,Polo,10,63000,Petrol,Manual,16.47,1200,249000,2010
6198,Maruti,Swift Dzire,8,65000,Petrol,Manual,19.1,1200,350000,2008
3583,Hyundai,Santro,11,60000,Petrol,Manual,17.92,1100,160000,1998
10751,Maruti,Celerio,6,20934,Petrol,Manual,23.1,1000,360000,2014
9390,Volkswagen,Polo,8,69000,Petrol,Manual,16.47,1200,440000,2010
3107,Volkswagen,Vento,6,49000,Diesel,Automatic,21.21,1500,695000,2010
647,Maruti,Swift Dzire,8,90000,Diesel,Manual,23.4,1250,400000,2008
14655,Toyota,Innova,10,66000,Diesel,Manual,12.8,2500,750000,2005
4706,Renault,Duster,4,80000,Diesel,Manual,19.87,1500,730000,2012
9854,Honda,City,15,57526,Petrol,Manual,13.0,1350,90000,1998
8278,Maruti,Swift,7,64000,Diesel,Manual,28.4,1250,440000,2005
5286,Mahindra,XUV500,6,65000,Diesel,Manual,15.1,2200,1050000,2011
5843,Hyundai,Verna,5,28000,Petrol,Manual,17.01,1600,740000,2006
6561,Toyota,Innova,6,52000,Diesel,Manual,12.99,2500,1200000,2005
11716,Honda,City,11,78000,Petrol,Automatic,15.6,1500,475000,1998
5425,Maruti,Ertiga,8,120000,Diesel,Manual,20.77,1250,460000,2012
11112,Maruti,Celerio,6,33000,Petrol,Manual,23.1,1000,370000,2014
8315,Maruti,Alto,11,60000,Petrol,Manual,19.7,800,200000,2000
8954,Hyundai,i20,3,1493,Petrol,Manual,18.6,1200,699000,2008
2062,Toyota,Innova,4,80000,Diesel,Automatic,11.36,2800,1825000,2005
4042,Ford,Ecosport,8,92000,Diesel,Manual,22.7,1500,430000,2013
13044,Hyundai,Verna,5,35000,Diesel,Manual,24.8,1400,655000,2006
12053,Maruti,Baleno,5,23000,Petrol,Automatic,21.4,1200,650000,2015
3720,Audi,A4,9,52000,Diesel,Automatic,16.55,2000,1500000,2008
5795,Mercedes-Benz,E-Class,7,35000,Diesel,Automatic,14.21,2100,2395000,1996
1496,Maruti,Swift,6,64366,Diesel,Manual,28.4,1250,468000,2005
6796,Honda,City,3,14000,Petrol,Manual,17.4,1500,1090000,1998
8313,Maruti,Wagon R,5,16000,Petrol,Manual,20.51,1000,329000,1999
9151,Toyota,Innova,8,95000,Diesel,Manual,12.8,2500,685000,2005
2944,Maruti,Eeco,6,59000,Petrol,Manual,15.1,1200,365000,2010
9553,Honda,Amaze,6,40000,Petrol,Manual,18.0,1200,425000,2013
4342,Mahindra,Bolero,7,78000,Diesel,Manual,15.96,2500,550000,2000
5892,Maruti,Swift Dzire,4,70000,Diesel,Manual,28.4,1250,670000,2008
2971,Maruti,Ertiga,8,80000,Diesel,Manual,20.77,1250,711000,2012
8463,Maruti,Swift,4,50000,Diesel,Manual,28.4,1250,555000,2005
2984,Maruti,Swift Dzire,5,90000,Petrol,Manual,20.85,1200,550000,2008
12538,Ford,Ecosport,3,23540,Petrol,Automatic,14.8,1500,1025000,2013
5171,Honda,WR-V,3,17000,Petrol,Manual,17.5,1200,900000,2017
3702,Volkswagen,Polo,8,49000,Diesel,Manual,22.07,1200,380000,2010
15346,Volkswagen,Polo,6,55000,Petrol,Manual,16.2,1200,499000,2010
11644,Hyundai,i20,3,29000,Petrol,Automatic,17.4,1200,895000,2008
11963,Mahindra,XUV500,5,37000,Diesel,Manual,16.0,2200,995000,2011
4493,Maruti,Swift Dzire,9,80000,Diesel,Manual,19.3,1250,465000,2008
12535,Honda,City,17,170000,Petrol,Automatic,12.0,1500,150000,1998
13191,Hyundai,Grand,3,30000,Petrol,Manual,18.9,1200,450000,2013
14851,Mahindra,Scorpio,8,40000,Diesel,Manual,14.0,2500,550000,2002
11942,Audi,A6,5,45000,Diesel,Automatic,17.68,2000,2600000,2005
11820,Renault,KWID,5,24668,Petrol,Automatic,24.04,1000,345000,2015
10505,Mercedes-Benz,E-Class,9,54700,Diesel,Automatic,10.0,2150,1050000,1996
11739,Mercedes-Benz,S-Class,6,27000,Diesel,Automatic,13.5,3000,5500000,1994
7031,Maruti,Swift,13,60000,Petrol,Manual,16.1,1300,190000,2005
4531,Maruti,Vitara,3,89000,Diesel,Manual,24.3,1250,895000,2016
8055,Maruti,Ciaz,2,15000,Petrol,Manual,21.56,1500,875000,2014
2162,Ford,Endeavour,4,43000,Diesel,Automatic,10.91,3200,2875000,2003
1022,Maruti,Alto,11,43000,Petrol,Manual,19.7,800,170000,2000
2529,Maruti,Alto,7,16600,Petrol,Manual,22.74,800,265000,2000
526,Honda,City,6,70000,Diesel,Manual,25.1,1500,700000,1998
4297,Hyundai,Verna,8,90000,Diesel,Manual,22.32,1600,520000,2006
13805,Maruti,Swift,10,100000,Diesel,Manual,22.9,1250,325000,2005
2703,Maruti,Swift,13,120000,Diesel,Manual,17.8,1250,250000,2005
1834,Hyundai,i20,5,50507,Petrol,Manual,18.6,1200,650000,2008
10781,Mahindra,Scorpio,6,45000,Diesel,Manual,15.4,2000,950000,2002
9674,Toyota,Innova,2,27000,Diesel,Automatic,11.36,2800,2225000,2005
5047,Maruti,Wagon R,5,48000,Petrol,Manual,18.9,1000,425000,1999
9510,Ford,Ecosport,8,47754,Diesel,Manual,22.7,1500,480000,2013
5548,Renault,Duster,8,135000,Diesel,Manual,19.01,1500,430000,2012
345,Maruti,Swift,9,68000,Diesel,Manual,22.9,1250,381000,2005
2343,Mahindra,Bolero,5,120000,Diesel,Manual,15.96,2500,560000,2000
12794,Honda,City,7,100000,Diesel,Manual,26.0,1500,550000,1998
13437,Hyundai,i20,6,70000,Diesel,Manual,22.54,1400,650000,2008
12264,Maruti,Baleno,2,20214,Petrol,Manual,21.01,1200,725000,2015
15350,Hyundai,Grand,2,13800,Petrol,Manual,20.7,1200,695000,2013
242,Hyundai,Venue,2,5400,Petrol,Manual,18.27,1000,985000,2019
10236,Honda,City,5,61000,Petrol,Manual,17.8,1500,610000,1998
3802,Honda,City,5,90000,Petrol,Automatic,18.0,1500,725000,1998
8127,Renault,Duster,9,48000,Diesel,Manual,19.64,1500,375000,2012
15186,Renault,Duster,9,49083,Diesel,Manual,20.45,1500,645000,2012
9758,Honda,WR-V,4,35000,Petrol,Manual,17.5,1200,765000,2017
14687,Hyundai,Grand,3,58000,Petrol,Automatic,18.9,1200,440000,2013
14824,Hyundai,Grand,2,1200,Petrol,Manual,18.9,1200,611000,2013
5423,Mahindra,Bolero,10,70000,Diesel,Manual,13.6,2500,365000,2000
98,Maruti,Swift Dzire,3,45156,Petrol,Automatic,21.21,1200,640000,2008
8439,BMW,7,3,19000,Diesel,Automatic,17.66,3000,8500000,2002
13562,Hyundai,i20,4,16000,Petrol,Manual,18.5,1200,540000,2008
13812,Hyundai,i10,10,94000,Petrol,Manual,19.81,1100,222000,2007
6295,Tata,Tiago,5,60000,Diesel,Manual,27.28,1050,330000,2016
3338,Volkswagen,Vento,5,73172,Diesel,Automatic,22.15,1500,725000,2010
13132,Hyundai,i20,3,5000,Petrol,Manual,18.6,1200,815000,2008
461,Tata,Nexon,3,60000,Diesel,Manual,21.5,1500,900000,2017
4025,Ford,Ecosport,6,69000,Diesel,Manual,22.77,1500,615000,2013
11234,Honda,City,2,15000,Petrol,Automatic,18.0,1500,1050000,1998
2078,Maruti,Ertiga,6,31000,"Others (CNG,LPG)",Manual,22.8,1400,685000,2012
5930,Volkswagen,Vento,2,10000,Petrol,Automatic,18.19,1200,1150000,2010
11973,Maruti,Baleno,4,20000,Petrol,Manual,21.4,1200,480000,2015
10603,Mercedes-Benz,C-Class,6,38000,Diesel,Automatic,19.27,2100,2399000,2001
11421,Maruti,Swift Dzire,3,56000,Petrol,Manual,22.0,1200,575000,2008
3567,BMW,5,3,43000,Diesel,Automatic,18.59,3000,4650000,2007
1476,Tata,Tiago,4,10000,Petrol,Manual,23.84,1200,450000,2016
6708,Ford,Ecosport,3,50000,Diesel,Manual,23.0,1500,800000,2013
1587,Honda,City,3,21000,Petrol,Automatic,17.4,1500,1185000,1998
5057,Volkswagen,Vento,7,69264,Diesel,Automatic,21.21,1500,480000,2010
12015,Maruti,Swift,6,70000,Petrol,Manual,20.4,1200,428000,2005
11787,Hyundai,Grand,4,21000,Diesel,Manual,24.0,1200,610000,2013
995,Honda,WR-V,4,21000,Petrol,Manual,17.5,1200,650000,2017
9546,Ford,Ecosport,4,15800,Petrol,Manual,17.0,1500,785000,2013
11584,Honda,Amaze,8,42000,Diesel,Manual,25.8,1500,475000,2013
11329,Honda,WR-V,4,15000,Petrol,Manual,17.5,1200,750000,2017
5749,Tata,Tiago,3,5381,Petrol,Manual,23.84,1200,499000,2016
7291,Hyundai,i20,10,17728,Petrol,Manual,18.5,1200,215000,2008
340,Maruti,Alto,8,120000,Petrol,Manual,22.74,800,200000,2000
7945,Maruti,Wagon R,15,60000,Petrol,Manual,18.9,1000,120000,1999
11710,Hyundai,Creta,5,64000,Diesel,Manual,19.67,1600,1100000,2015
2718,Hyundai,Verna,5,83000,Diesel,Manual,24.8,1400,775000,2006
3592,Maruti,Swift,9,70000,Diesel,Manual,22.9,1250,411000,2005
1906,Maruti,Alto,10,69000,Petrol,Manual,19.7,800,140000,2000
13128,Ford,Ecosport,2,14000,Petrol,Automatic,14.7,1500,980000,2013
237,Honda,City,4,50000,Petrol,Manual,17.14,1500,1050000,1998
9097,Maruti,Wagon R,5,11799,Petrol,Manual,20.51,1000,360000,1999
8121,Honda,City,4,35000,Petrol,Manual,17.4,1500,750000,1998
11261,Mahindra,XUV500,8,70000,Diesel,Manual,15.1,2200,550000,2011
10193,Maruti,Vitara,4,45000,Diesel,Manual,24.3,1250,750000,2016
3555,Maruti,Swift,5,61000,Diesel,Manual,28.4,1250,590000,2005
6290,Hyundai,Creta,6,83563,Diesel,Automatic,17.01,1600,985000,2015
13397,Mercedes-Benz,C-Class,12,66001,Petrol,Manual,11.7,1800,650000,2001
4792,Maruti,Swift Dzire,7,85000,Diesel,Manual,23.4,1250,595000,2008
4291,Jaguar,XF,6,60000,Diesel,Automatic,16.36,2200,2400000,2009
2823,Hyundai,Verna,9,115721,Diesel,Manual,22.32,1600,495000,2006
12068,Maruti,Vitara,3,60000,Diesel,Automatic,24.3,1250,1050000,2016
11517,Volkswagen,Vento,7,55000,Diesel,Manual,22.27,1500,375000,2010
15328,Renault,KWID,5,28000,Petrol,Manual,25.17,800,285000,2015
1109,Maruti,Swift Dzire,7,50900,Diesel,Manual,19.3,1250,450000,2008
15137,Maruti,Alto,9,15000,Petrol,Manual,20.92,1000,220000,2000
12690,Ford,Ecosport,5,37000,Diesel,Manual,22.77,1500,850000,2013
7292,Maruti,Swift,7,60000,Diesel,Manual,28.4,1250,475000,2005
11368,Honda,City,6,65000,Petrol,Manual,17.8,1500,625000,1998
4158,Maruti,Alto,9,60000,Petrol,Manual,19.7,800,185000,2000
13196,Maruti,Swift,8,106000,Diesel,Manual,22.9,1250,350000,2005
12418,Maruti,Ciaz,4,33000,Petrol,Manual,20.73,1400,713000,2014
4246,Renault,KWID,6,68000,Petrol,Manual,25.17,800,325000,2015
4447,Mahindra,Scorpio,10,87563,Diesel,Manual,12.05,2200,540000,2002
8419,Hyundai,i10,11,45415,Petrol,Manual,19.81,1100,195000,2007
1176,Hyundai,Grand,8,91468,Diesel,Manual,24.0,1100,280000,2013
2777,Maruti,Baleno,3,25000,Petrol,Manual,21.4,1200,575000,2015
10927,Maruti,Alto,5,35286,Petrol,Automatic,23.95,1000,331000,2000
4322,Hyundai,Grand,2,35166,Petrol,Manual,18.9,1200,669000,2013
2636,Hyundai,i20,7,47900,Petrol,Automatic,15.0,1400,510000,2008
977,Hyundai,Elantra,8,90000,Diesel,Manual,22.7,1600,615000,2004
10700,Maruti,Swift Dzire,10,83000,Diesel,Manual,19.3,1250,260000,2008
14112,Volkswagen,Polo,2,7121,Petrol,Automatic,17.21,1200,975000,2010
3881,Maruti,Swift Dzire,3,21500,Petrol,Manual,21.21,1200,650000,2008
1764,Mahindra,XUV500,9,200000,Diesel,Manual,15.1,2200,600000,2011
2328,Toyota,Innova,3,20000,Diesel,Manual,13.68,2400,1600000,2005
5646,Hyundai,i10,5,32886,Petrol,Manual,20.36,1200,449000,2007
5551,Hyundai,i10,9,57001,Petrol,Automatic,16.95,1200,404000,2007
11050,Mercedes-Benz,GL-Class,5,35000,Diesel,Automatic,17.9,2100,3600000,2010
3344,Hyundai,Creta,3,62000,Diesel,Manual,22.1,1400,925000,2015
1350,Hyundai,Grand,3,54000,Diesel,Manual,24.0,1200,430000,2013
14047,BMW,5,8,40500,Diesel,Automatic,18.12,2000,1745000,2007
14314,Skoda,Rapid,3,19000,Diesel,Automatic,21.72,1500,960000,2011
2348,Toyota,Fortuner,8,168000,Diesel,Automatic,12.55,3000,1350000,2009
6840,Maruti,Swift,11,80000,Diesel,Manual,17.8,1250,325000,2005
8411,Volkswagen,Vento,2,4000,Petrol,Automatic,18.19,1200,1250000,2010
8428,Renault,Duster,7,120000,Diesel,Manual,19.01,1500,500000,2012
8810,Mahindra,Scorpio,9,120000,Diesel,Automatic,11.79,2200,600000,2002
5796,Volkswagen,Vento,9,78762,Petrol,Manual,15.04,1600,428000,2010
13252,Mahindra,Bolero,11,47000,Diesel,Manual,14.0,2500,545000,2000
15121,Honda,Jazz,3,30000,Petrol,Manual,18.7,1200,650000,2009
38,Maruti,Swift Dzire,7,56000,Diesel,Manual,23.4,1250,410000,2008
10173,Ford,Figo,10,50000,Petrol,Manual,15.6,1200,245000,2010
2276,Volkswagen,Polo,6,37000,Petrol,Automatic,17.21,1200,575000,2010
8186,Renault,Duster,5,37000,Diesel,Manual,19.64,1500,565000,2012
621,Honda,Amaze,3,25000,Petrol,Automatic,18.1,1200,550000,2013
10846,Skoda,Rapid,8,60000,Diesel,Manual,20.5,1600,280000,2011
5192,Hyundai,Creta,3,58363,Diesel,Manual,21.38,1400,1250000,2015
2488,Volkswagen,Polo,8,70000,Diesel,Manual,22.07,1200,500000,2010
5808,Maruti,Swift,6,36000,Petrol,Manual,18.6,1200,550000,2005
12025,Maruti,Wagon R,5,39000,Petrol,Automatic,20.51,1000,395000,1999
1320,Mahindra,Bolero,3,70000,Diesel,Manual,16.5,1500,670000,2000
13248,Honda,Civic,11,60000,Petrol,Manual,13.5,1800,275000,2006
3599,Honda,WR-V,2,23000,Diesel,Manual,25.5,1500,1000000,2017
7109,Datsun,RediGO,4,9500,Petrol,Manual,22.7,800,300000,2016
7647,Maruti,Vitara,5,100000,Diesel,Manual,24.3,1250,642000,2016
1970,Hyundai,i20,6,42000,Petrol,Manual,18.6,1200,499000,2008
2982,Maruti,Alto,13,30008,Petrol,Manual,19.7,800,175000,2000
6453,Hyundai,i10,5,28300,Petrol,Manual,20.36,1200,468000,2007
10409,Hyundai,Grand,7,42000,Petrol,Manual,18.9,1200,400000,2013
10715,Honda,City,11,75000,Petrol,Manual,17.0,1500,265000,1998
9203,Ford,Ecosport,7,104643,Diesel,Manual,22.7,1500,438000,2013
778,Maruti,Wagon R,3,45874,"Others (CNG,LPG)",Manual,26.6,1000,357000,1999
1977,Maruti,Ciaz,5,94400,Diesel,Manual,28.09,1250,595000,2014
9400,Maruti,Vitara,2,11000,Diesel,Manual,24.3,1250,945000,2016
4775,Audi,A4,6,84000,Diesel,Automatic,18.25,2000,1950000,2008
1227,Maruti,Wagon R,6,50000,Petrol,Manual,20.51,1000,400000,1999
14066,Mahindra,Scorpio,10,82000,Diesel,Manual,12.05,2200,525000,2002
14998,BMW,3,10,32000,Diesel,Automatic,22.69,2000,880000,2007
13176,Volkswagen,Vento,2,15000,Diesel,Manual,22.27,1500,900000,2010
2023,Hyundai,Verna,8,51000,Diesel,Automatic,22.32,1600,550000,2006
1248,Ford,Figo,8,100000,Diesel,Manual,20.0,1400,250000,2010
1633,Datsun,RediGO,4,45000,Petrol,Manual,22.5,1000,255000,2016
6330,Hyundai,i20,4,33000,Petrol,Manual,18.6,1200,625000,2008
248,Maruti,Vitara,3,40000,Diesel,Manual,24.3,1250,810000,2016
1418,Ford,Ecosport,7,64532,Diesel,Manual,22.7,1500,465000,2013
1263,Maruti,Swift,7,40000,Petrol,Manual,20.4,1200,320000,2005
11438,Honda,Amaze,7,55200,Petrol,Manual,18.0,1200,375000,2013
8837,Maruti,Alto,9,11500,Petrol,Manual,20.92,1000,210000,2000
14045,Maruti,Ertiga,3,21000,Petrol,Manual,16.02,1400,825000,2012
5566,Maruti,Ertiga,7,85321,Diesel,Manual,20.77,1250,650000,2012
9266,Maruti,Vitara,4,45000,Diesel,Manual,24.3,1250,835000,2016
15379,Toyota,Innova,12,74000,Diesel,Manual,12.99,2500,595000,2005
8890,Maruti,Wagon R,4,60000,"Others (CNG,LPG)",Manual,26.6,1000,320000,1999
1748,Maruti,Wagon R,6,50000,"Others (CNG,LPG)",Manual,26.6,1000,450000,1999
9093,Hyundai,Santro,7,40000,Petrol,Manual,17.92,1100,200000,1998
2660,Honda,City,8,67000,Petrol,Automatic,15.6,1500,475000,1998
11177,Hyundai,i10,10,56000,Petrol,Manual,19.81,1100,225000,2007
14627,Renault,Duster,9,103500,Diesel,Manual,19.01,1500,475000,2012
3715,Maruti,Swift,3,35000,Diesel,Automatic,28.4,1250,770000,2005
15037,Volkswagen,Polo,8,37000,Petrol,Manual,16.47,1200,361000,2010
10461,Hyundai,Santro,13,62000,Petrol,Manual,17.92,1100,95000,1998
6685,Tata,Safari,4,76759,Diesel,Manual,14.1,2200,835000,1998
886,Volkswagen,Polo,4,66900,Diesel,Manual,20.14,1500,700000,2010
5327,Hyundai,Grand,5,27735,Petrol,Manual,18.9,1200,500000,2013
10787,Maruti,Ciaz,5,89000,Diesel,Manual,28.09,1250,580000,2014
10695,Audi,A6,3,8253,Diesel,Automatic,17.68,2000,3560000,2005
9411,Hyundai,Creta,3,40000,Diesel,Manual,21.4,1500,1075000,2015
11254,Hyundai,Santro,13,79000,Petrol,Manual,17.92,1100,130000,1998
713,Mahindra,Bolero,6,50000,Diesel,Manual,15.96,2500,550000,2000
1642,Maruti,Celerio,5,52250,Petrol,Manual,23.1,1000,395000,2014
8749,Maruti,Vitara,2,25000,Diesel,Manual,24.3,1250,800000,2016
6793,Maruti,Wagon R,11,31535,"Others (CNG,LPG)",Manual,14.6,1000,265000,1999
13738,Mahindra,XUV500,5,59000,Diesel,Automatic,16.0,2200,1185000,2011
14890,Maruti,Baleno,5,60000,Petrol,Manual,21.4,1200,500000,2015
14012,Maruti,Vitara,1,16000,Diesel,Automatic,24.3,1250,1125000,2016
11487,BMW,3,11,48000,Petrol,Automatic,12.05,2000,680000,2007
6194,Maruti,Ciaz,4,34834,Petrol,Manual,20.73,1400,750000,2014
9166,Honda,Amaze,4,45000,Petrol,Automatic,15.5,1200,525000,2013
10758,Ford,Figo,11,110000,Diesel,Manual,20.0,1400,150000,2010
7061,Hyundai,Santro,13,74000,Petrol,Manual,17.92,1100,150000,1998
1281,Tata,Hexa,4,50000,Diesel,Manual,17.6,2200,1500000,2017
9888,Hyundai,i20,5,51334,Petrol,Manual,18.6,1200,550000,2008
6911,Datsun,GO,5,70000,Petrol,Manual,20.63,1200,180000,2014
11290,Maruti,Alto,7,25000,Petrol,Manual,22.74,800,265000,2000
9040,Maruti,Wagon R,11,78000,"Others (CNG,LPG)",Manual,17.3,1100,165000,1999
4994,Hyundai,i20,7,40000,Petrol,Manual,18.6,1200,460000,2008
4315,Ford,Figo,9,90000,Diesel,Manual,20.0,1400,220000,2010
840,Ford,Aspire,3,8000,Petrol,Manual,18.16,1200,590000,2015
13177,Hyundai,i10,10,51359,Petrol,Manual,19.81,1100,320000,2007
11136,Datsun,RediGO,2,2500,Petrol,Manual,22.7,800,300000,2016
2408,Maruti,Swift Dzire,3,110000,Diesel,Manual,23.4,1250,540000,2008
166,Ford,Ecosport,6,162828,Diesel,Manual,22.77,1500,531000,2013
7961,Ford,Figo,3,60000,Petrol,Manual,18.16,1200,342000,2010
6879,Honda,Jazz,4,34000,Petrol,Automatic,18.2,1200,550000,2009
11200,Hyundai,i20,8,22000,Petrol,Manual,18.5,1200,375000,2008
1595,Maruti,Wagon R,7,25978,Petrol,Manual,18.9,1000,325000,1999
6197,Maruti,Alto,2,85000,Petrol,Manual,24.7,800,330000,2000
14465,Jeep,Compass,4,28025,Diesel,Manual,17.1,2000,1880000,2017
